artist_input,spotify_artist_name,artist_id,id_album,nombre_album,tipo_album,release_year,release_year_norm,decada,url_album,album_image_url,discogs_match_status,discogs_match_score,discogs_genres_norm,discogs_styles_norm,discogs_tags_norm,tags_dominantes,tags_especificos,n_tags,n_tags_dominantes,n_tags_especificos,peso_tags_total,peso_tags_promedio,es_single,es_album,tags_vacios
BIGBANG,BIGBANG,4Kxlr1PRlDKEB0ekOCyHgX,2mD4TM1aCIjYkMdRTzTJoZ,BIGBANG WORLD TOUR 2015〜2016 [MADE] IN JAPAN,album,2016.0,0.5652,2010,https://open.spotify.com/album/2mD4TM1aCIjYkMdRTzTJoZ,https://i.scdn.co/image/ab67616d0000b2733327aac95ae583c0b66ae316,fuzzy,67.19,"['electronic', 'hip_hop', 'pop']","['j_pop', 'dance_pop', 'hip_hop', 'k_pop']","['electronic', 'hip_hop', 'pop', 'j_pop', 'dance_pop', 'k_pop']","['pop', 'k_pop']","['electronic', 'hip_hop', 'j_pop', 'dance_pop']",6,2,4,29.8209,4.9702,0,1,False
BIGBANG,BIGBANG,4Kxlr1PRlDKEB0ekOCyHgX,4ls7QOvWzu4OGaQQSiKeDE,MADE SERIES,album,2016.0,0.5652,2010,https://open.spotify.com/album/4ls7QOvWzu4OGaQQSiKeDE,https://i.scdn.co/image/ab67616d0000b2738c22c6d1dba584d35206a9f6,exact,100.0,"['electronic', 'hip_hop', 'pop']","['j_pop', 'dance_pop', 'hip_hop', 'k_pop']","['electronic', 'hip_hop', 'pop', 'j_pop', 'dance_pop', 'k_pop']","['pop', 'k_pop']","['electronic', 'hip_hop', 'j_pop', 'dance_pop']",6,2,4,29.8209,4.9702,0,1,False
BIGBANG,BIGBANG,4Kxlr1PRlDKEB0ekOCyHgX,56IQipLniHLUdWVZ0kl32s,BIGBANG JAPAN DOME TOUR 2013〜2014,album,2014.0,0.4783,2010,https://open.spotify.com/album/56IQipLniHLUdWVZ0kl32s,https://i.scdn.co/image/ab67616d0000b27345e36a892f70c2a71746ab48,fuzzy,70.7,"['hip_hop', 'pop', 'stage_&_screen']","['electro', 'pop_rap']","['hip_hop', 'pop', 'stage_&_screen', 'electro', 'pop_rap']",['pop'],"['hip_hop', 'stage_&_screen', 'electro', 'pop_rap']",5,1,4,157.9255,31.5851,0,1,False
BIGBANG,BIGBANG,4Kxlr1PRlDKEB0ekOCyHgX,2W66jOC3qqVZvLn9foXXbg,Remember,album,2008.0,0.2174,2000,https://open.spotify.com/album/2W66jOC3qqVZvLn9foXXbg,https://i.scdn.co/image/ab67616d0000b273a1fbc93f1f424d133e22cce8,exact,97.06,"['hip_hop', 'pop']","['pop_rap', 'k_pop']","['hip_hop', 'pop', 'pop_rap', 'k_pop']","['pop', 'k_pop']","['hip_hop', 'pop_rap']",4,2,2,21.2521,5.313,0,1,False
BIGBANG,BIGBANG,4Kxlr1PRlDKEB0ekOCyHgX,3iTETURuyuUJByvQOLoydV,BIGBANG Vol.1,album,2006.0,0.1304,2000,https://open.spotify.com/album/3iTETURuyuUJByvQOLoydV,https://i.scdn.co/image/ab67616d0000b273e03d007376ec65656c348205,exact,97.06,"['electronic', 'hip_hop', 'pop']","['pop_rap', 'k_pop']","['electronic', 'hip_hop', 'pop', 'pop_rap', 'k_pop']","['pop', 'k_pop']","['electronic', 'hip_hop', 'pop_rap']",5,2,3,26.1933,5.2387,0,1,False
BIGBANG,BIGBANG,4Kxlr1PRlDKEB0ekOCyHgX,2fpQB21ER6ETvnfADPdaHl,BIGBANG Special Edition,single,2011.0,0.3478,2010,https://open.spotify.com/album/2fpQB21ER6ETvnfADPdaHl,https://i.scdn.co/image/ab67616d0000b2739c5b430d50a981f5c9bbf6d2,exact,92.06,"['electronic', 'rock', 'pop']","['house', 'electro', 'hip_hop', 'ballad', 'k_pop']","['electronic', 'rock', 'pop', 'house', 'electro', 'hip_hop', 'ballad', 'k_pop']","['pop', 'k_pop']","['electronic', 'rock', 'house', 'electro', 'hip_hop', 'ballad']",8,2,6,200.651,25.0814,1,0,False
BIGBANG,BIGBANG,4Kxlr1PRlDKEB0ekOCyHgX,0NB6IIwQeRDzNFCU22LQto,Stand Up,single,2008.0,0.2174,2000,https://open.spotify.com/album/0NB6IIwQeRDzNFCU22LQto,https://i.scdn.co/image/ab67616d0000b273256b86508bfdc54899e4685e,exact,92.06,"['hip_hop', 'pop']","['pop_rap', 'k_pop']","['hip_hop', 'pop', 'pop_rap', 'k_pop']","['pop', 'k_pop']","['hip_hop', 'pop_rap']",4,2,2,21.2521,5.313,1,0,False
BIGBANG,BIGBANG,4Kxlr1PRlDKEB0ekOCyHgX,4T1fv3gIYifquPf9dRhJei,Always,single,2007.0,0.1739,2000,https://open.spotify.com/album/4T1fv3gIYifquPf9dRhJei,https://i.scdn.co/image/ab67616d0000b2734efa3bb95411ca959771dfb0,exact,92.06,"['electronic', 'hip_hop', 'pop']","['pop_rap', 'k_pop']","['electronic', 'hip_hop', 'pop', 'pop_rap', 'k_pop']","['pop', 'k_pop']","['electronic', 'hip_hop', 'pop_rap']",5,2,3,26.1933,5.2387,1,0,False
BIGBANG,BIGBANG,4Kxlr1PRlDKEB0ekOCyHgX,0UewBgAMHugPdwS4Utk8SH,Bigbang 03,single,2006.0,0.1304,2000,https://open.spotify.com/album/0UewBgAMHugPdwS4Utk8SH,https://i.scdn.co/image/ab67616d0000b273ab00b0906c3fa09dc33c91fb,exact,97.06,"['hip_hop', 'pop']","['pop_rap', 'k_pop']","['hip_hop', 'pop', 'pop_rap', 'k_pop']","['pop', 'k_pop']","['hip_hop', 'pop_rap']",4,2,2,21.2521,5.313,1,0,False
BIGBANG,BIGBANG,4Kxlr1PRlDKEB0ekOCyHgX,29dyjY5NipwZnTJcemohb1,BigBang Is V.I.P,single,2006.0,0.1304,2000,https://open.spotify.com/album/29dyjY5NipwZnTJcemohb1,https://i.scdn.co/image/ab67616d0000b273fdc981395ea990ca523480d6,exact,92.06,"['hip_hop', 'pop']","['pop_rap', 'k_pop']","['hip_hop', 'pop', 'pop_rap', 'k_pop']","['pop', 'k_pop']","['hip_hop', 'pop_rap']",4,2,2,21.2521,5.313,1,0,False
2NE1,2NE1,1l0mKo96Jh9HVYONcRl3Yp,5DBYgBIcS3tgJDrz1au6w6,WELCOME BACK,album,2024.0,0.913,2020,https://open.spotify.com/album/5DBYgBIcS3tgJDrz1au6w6,https://i.scdn.co/image/ab67616d0000b273abe1cfaf41d00065efba529a,exact,100.0,"['hip_hop', 'reggae', 'pop']",['k_pop'],"['hip_hop', 'reggae', 'pop', 'k_pop']","['pop', 'k_pop']","['hip_hop', 'reggae']",4,2,2,301.2521,75.313,0,1,False
2NE1,2NE1,1l0mKo96Jh9HVYONcRl3Yp,1SlMncsYnVpHmPie7KC6HO,CRUSH,album,2014.0,0.4783,2010,https://open.spotify.com/album/1SlMncsYnVpHmPie7KC6HO,https://i.scdn.co/image/ab67616d0000b273afe013b2561b2346198ab6d5,exact,100.0,"['electronic', 'hip_hop', 'pop']","['trap', 'electro_house', 'rnb/swing', 'k_pop']","['electronic', 'hip_hop', 'pop', 'trap', 'electro_house', 'rnb/swing', 'k_pop']","['pop', 'k_pop']","['electronic', 'hip_hop', 'trap', 'electro_house', 'rnb/swing']",7,2,5,304.0156,43.4308,0,1,False
2NE1,2NE1,1l0mKo96Jh9HVYONcRl3Yp,3Cenzci2VpnZbo1S9Ruade,COLLECTION,album,2012.0,0.3913,2010,https://open.spotify.com/album/3Cenzci2VpnZbo1S9Ruade,https://i.scdn.co/image/ab67616d0000b2734a6d5da9e8c6bb38a2e62f6f,exact,100.0,"['electronic', 'pop']","['electro', 'j_pop']","['electronic', 'pop', 'electro', 'j_pop']",['pop'],"['electronic', 'electro', 'j_pop']",4,1,3,43.4219,10.8555,0,1,False
2NE1,2NE1,1l0mKo96Jh9HVYONcRl3Yp,2SNSGfhfcfBLyQDTXMCPXG,To Anyone,album,2010.0,0.3043,2010,https://open.spotify.com/album/2SNSGfhfcfBLyQDTXMCPXG,https://i.scdn.co/image/ab67616d0000b2736f2d10189a41c7345a5a0337,exact,100.0,"['electronic', 'pop']","['electro', 'k_pop']","['electronic', 'pop', 'electro', 'k_pop']","['pop', 'k_pop']","['electronic', 'electro']",4,2,2,38.0717,9.5179,0,1,False
2NE1,2NE1,1l0mKo96Jh9HVYONcRl3Yp,2Jrhvm8rr7ezmLb6OilX9C,Goodbye,single,2017.0,0.6087,2010,https://open.spotify.com/album/2Jrhvm8rr7ezmLb6OilX9C,https://i.scdn.co/image/ab67616d0000b27377df43a2095cd49ed15c998f,exact,100.0,['pop'],"['chanson', 'k_pop']","['pop', 'chanson', 'k_pop']","['pop', 'k_pop']",['chanson'],3,2,1,590.1831,196.7277,1,0,False
2NE1,2NE1,1l0mKo96Jh9HVYONcRl3Yp,7zjLDZzHo2XgvYwpuNwEvK,I Am The Best,single,2014.0,0.4783,2010,https://open.spotify.com/album/7zjLDZzHo2XgvYwpuNwEvK,https://i.scdn.co/image/ab67616d0000b2734604557c623036ed5dc702b2,exact,100.0,"['electronic', 'pop']","['electro', 'k_pop']","['electronic', 'pop', 'electro', 'k_pop']","['pop', 'k_pop']","['electronic', 'electro']",4,2,2,38.0717,9.5179,1,0,False
2NE1,2NE1,1l0mKo96Jh9HVYONcRl3Yp,6oWTNnwi022Ujk14ZqkFgp,Missing You,single,2013.0,0.4348,2010,https://open.spotify.com/album/6oWTNnwi022Ujk14ZqkFgp,https://i.scdn.co/image/ab67616d0000b27331ade69f0504cc7a346b0e92,exact,100.0,['pop'],"['ballad', 'k_pop']","['pop', 'ballad', 'k_pop']","['pop', 'k_pop']",['ballad'],3,2,1,21.4618,7.1539,1,0,False
2NE1,2NE1,1l0mKo96Jh9HVYONcRl3Yp,3ofiarxWhnL1RC5e1rUXQ1,Do You Love Me,single,2013.0,0.4348,2010,https://open.spotify.com/album/3ofiarxWhnL1RC5e1rUXQ1,https://i.scdn.co/image/ab67616d0000b27371e158ec88a732514f541377,exact,100.0,"['electronic', 'pop']","['j_pop', 'electro']","['electronic', 'pop', 'j_pop', 'electro']",['pop'],"['electronic', 'j_pop', 'electro']",4,1,3,43.4219,10.8555,1,0,False
2NE1,2NE1,1l0mKo96Jh9HVYONcRl3Yp,5qleO7H9bcv7NSdrFwUO6v,Falling In Love,single,2013.0,0.4348,2010,https://open.spotify.com/album/5qleO7H9bcv7NSdrFwUO6v,https://i.scdn.co/image/ab67616d0000b2739ebe6f0ab7558d005fce3e8a,exact,100.0,"['hip_hop', 'pop']","['pop_rap', 'k_pop']","['hip_hop', 'pop', 'pop_rap', 'k_pop']","['pop', 'k_pop']","['hip_hop', 'pop_rap']",4,2,2,21.2521,5.313,1,0,False
2NE1,2NE1,1l0mKo96Jh9HVYONcRl3Yp,5O97HxWI6WoqMqVYbXe9qg,I Love You,single,2012.0,0.3913,2010,https://open.spotify.com/album/5O97HxWI6WoqMqVYbXe9qg,https://i.scdn.co/image/ab67616d0000b273c2091a2dcf37b791a64469c2,exact,100.0,['pop'],['j_pop'],"['pop', 'j_pop']",['pop'],['j_pop'],2,1,1,7.5333,3.7666,1,0,False
2NE1,2NE1,1l0mKo96Jh9HVYONcRl3Yp,4Xelcl21FrhHC7c4p3pMxj,I LOVE YOU,single,2012.0,0.3913,2010,https://open.spotify.com/album/4Xelcl21FrhHC7c4p3pMxj,https://i.scdn.co/image/ab67616d0000b273fc9eac01760995b895539f0e,exact,100.0,['pop'],['j_pop'],"['pop', 'j_pop']",['pop'],['j_pop'],2,1,1,7.5333,3.7666,1,0,False
2NE1,2NE1,1l0mKo96Jh9HVYONcRl3Yp,0AF1M0TcCpY8Ke088M8R0Q,SCREAM,single,2012.0,0.3913,2010,https://open.spotify.com/album/0AF1M0TcCpY8Ke088M8R0Q,https://i.scdn.co/image/ab67616d0000b273f29d7c598c5f92f3ec26b311,exact,100.0,"['electronic', 'pop']","['j_pop', 'electro']","['electronic', 'pop', 'j_pop', 'electro']",['pop'],"['electronic', 'j_pop', 'electro']",4,1,3,43.4219,10.8555,1,0,False
2NE1,2NE1,1l0mKo96Jh9HVYONcRl3Yp,4Vj9QsqAD7edm1SQGEeF2g,GO AWAY,single,2011.0,0.3478,2010,https://open.spotify.com/album/4Vj9QsqAD7edm1SQGEeF2g,https://i.scdn.co/image/ab67616d0000b273d57686b180104ebe091a77bd,exact,100.0,"['rock', 'pop']",['j_pop'],"['rock', 'pop', 'j_pop']",['pop'],"['rock', 'j_pop']",3,1,2,28.1649,9.3883,1,0,False
2NE1,2NE1,1l0mKo96Jh9HVYONcRl3Yp,0zWLbtlKLJINtIiqnSXqag,2NE1 2nd Mini Album,single,2011.0,0.3478,2010,https://open.spotify.com/album/0zWLbtlKLJINtIiqnSXqag,https://i.scdn.co/image/ab67616d0000b2738c5adb1edcec48ef080c5060,exact,91.38,"['electronic', 'hip_hop', 'pop']","['electro', 'hip_hop', 'pop_rap', 'k_pop']","['electronic', 'hip_hop', 'pop', 'electro', 'pop_rap', 'k_pop']","['pop', 'k_pop']","['electronic', 'hip_hop', 'electro', 'pop_rap']",6,2,4,57.1407,9.5234,1,0,False
Girls' Generation,Girls' Generation,0Sadg1vgvaPqGTOjxu0N6c,5qFec1Z5GtW5wbUsaCRsWg,2011 Girls' Generation Tour,album,2013.0,0.4348,2010,https://open.spotify.com/album/5qFec1Z5GtW5wbUsaCRsWg,https://i.scdn.co/image/ab67616d0000b273db0c30d57f2ea2d680b30160,fuzzy,78.64,['pop'],['k_pop'],"['pop', 'k_pop']","['pop', 'k_pop']",[],2,2,0,2.1831,1.0916,0,1,False
Girls' Generation,Girls' Generation,0Sadg1vgvaPqGTOjxu0N6c,4vGkZl9P0sKxupLdJE7ndS,The Boys - The 3rd Album,album,2011.0,0.3478,2010,https://open.spotify.com/album/4vGkZl9P0sKxupLdJE7ndS,https://i.scdn.co/image/ab67616d0000b27361d7b9988c77826dfb1db1b3,exact,82.64,"['electronic', 'pop']","['dance_pop', 'k_pop']","['electronic', 'pop', 'dance_pop', 'k_pop']","['pop', 'k_pop']","['electronic', 'dance_pop']",4,2,2,18.2186,4.5547,0,1,False
Girls' Generation,Girls' Generation,0Sadg1vgvaPqGTOjxu0N6c,2U1BPwhkzHt05OFugiSB3g,Girls' Generation,album,2007.0,0.1739,2000,https://open.spotify.com/album/2U1BPwhkzHt05OFugiSB3g,https://i.scdn.co/image/ab67616d0000b2731111b7562b4b46870d27f98b,exact,100.0,"['electronic', 'pop']","['dance_pop', 'k_pop', 'bubblegum']","['electronic', 'pop', 'dance_pop', 'k_pop', 'bubblegum']","['pop', 'k_pop']","['electronic', 'dance_pop', 'bubblegum']",5,2,3,148.8853,29.7771,0,1,False
Girls' Generation,Girls' Generation,0Sadg1vgvaPqGTOjxu0N6c,6EmLwnyjJRVgNOmOUpVhzz,Into the New World,single,2007.0,0.1739,2000,https://open.spotify.com/album/6EmLwnyjJRVgNOmOUpVhzz,https://i.scdn.co/image/ab67616d0000b273c1424c81a4a89cf51587aa18,exact,89.2,"['electronic', 'pop']","['europop', 'ballad', 'dance_pop', 'k_pop']","['electronic', 'pop', 'europop', 'ballad', 'dance_pop', 'k_pop']","['pop', 'k_pop']","['electronic', 'europop', 'ballad', 'dance_pop']",6,2,4,625.4973,104.2495,1,0,False
SHINee,SHINee,2hRQKC0gqlZGPrmUKbcchR,3JZJEeWr3LShx36FYbMc5E,HARD - The 8th Album,album,2023.0,0.8696,2020,https://open.spotify.com/album/3JZJEeWr3LShx36FYbMc5E,https://i.scdn.co/image/ab67616d0000b27386fe9fe6eaab4083b32adf9f,fuzzy,76.36,['pop'],['k_pop'],"['pop', 'k_pop']","['pop', 'k_pop']",[],2,2,0,2.1831,1.0916,0,1,False
SHINee,SHINee,2hRQKC0gqlZGPrmUKbcchR,4hyhyzEkMEsaSHzkuMn4Ds,Atlantis - The 7th Album Repackage,album,2021.0,0.7826,2020,https://open.spotify.com/album/4hyhyzEkMEsaSHzkuMn4Ds,https://i.scdn.co/image/ab67616d0000b273e710984b2c4b88f609f6a218,exact,100.0,"['electronic', 'hip_hop', 'reggae', 'funk_/_soul', 'pop']","['k_pop', 'contemporary_r&b']","['electronic', 'hip_hop', 'reggae', 'funk_/_soul', 'pop', 'k_pop', 'contemporary_r&b']","['pop', 'k_pop']","['electronic', 'hip_hop', 'reggae', 'funk_/_soul', 'contemporary_r&b']",7,2,5,337.347,48.1924,0,1,False
SHINee,SHINee,2hRQKC0gqlZGPrmUKbcchR,6bfcHf3khPey88qjiiw8V3,Don't Call Me - The 7th Album,album,2021.0,0.7826,2020,https://open.spotify.com/album/6bfcHf3khPey88qjiiw8V3,https://i.scdn.co/image/ab67616d0000b2732eafb1407218dca0cb8d91b8,exact,100.0,"['electronic', 'hip_hop', 'reggae', 'funk_/_soul', 'pop']","['k_pop', 'contemporary_r&b']","['electronic', 'hip_hop', 'reggae', 'funk_/_soul', 'pop', 'k_pop', 'contemporary_r&b']","['pop', 'k_pop']","['electronic', 'hip_hop', 'reggae', 'funk_/_soul', 'contemporary_r&b']",7,2,5,337.347,48.1924,0,1,False
SHINee,SHINee,2hRQKC0gqlZGPrmUKbcchR,4nWTcWRvHqORFkFlAqM06W,FIVE,album,2017.0,0.6087,2010,https://open.spotify.com/album/4nWTcWRvHqORFkFlAqM06W,https://i.scdn.co/image/ab67616d0000b273f03b31b95657e80f62810c63,exact,100.0,"['funk_/_soul', 'pop']","['j_pop', 'ballad', 'contemporary_r&b']","['funk_/_soul', 'pop', 'j_pop', 'ballad', 'contemporary_r&b']",['pop'],"['funk_/_soul', 'j_pop', 'ballad', 'contemporary_r&b']",5,1,4,57.9657,11.5931,0,1,False
SHINee,SHINee,2hRQKC0gqlZGPrmUKbcchR,338vvTwJS84l4D6chpx0yl,I’m Your Boy,album,2014.0,0.4783,2010,https://open.spotify.com/album/338vvTwJS84l4D6chpx0yl,https://i.scdn.co/image/ab67616d0000b2730e7e978824f0f04ce69295f8,exact,100.0,"['electronic', 'pop']","['ballad', 'j_pop', 'electro_house']","['electronic', 'pop', 'ballad', 'j_pop', 'electro_house']",['pop'],"['electronic', 'ballad', 'j_pop', 'electro_house']",5,1,4,149.3532,29.8706,0,1,False
SHINee,SHINee,2hRQKC0gqlZGPrmUKbcchR,0nJLidbrZIIIpdHDSOAIj6,Boys Meet U,album,2013.0,0.4348,2010,https://open.spotify.com/album/0nJLidbrZIIIpdHDSOAIj6,https://i.scdn.co/image/ab67616d0000b27366918e4e2c7c73bd50d59ab5,exact,100.0,['pop'],['j_pop'],"['pop', 'j_pop']",['pop'],['j_pop'],2,1,1,7.5333,3.7666,0,1,False
SHINee,SHINee,2hRQKC0gqlZGPrmUKbcchR,2Mfisiv88pNRQNugqrEUHQ,Sherlock - The 4th Mini Album,album,2012.0,0.3913,2010,https://open.spotify.com/album/2Mfisiv88pNRQNugqrEUHQ,https://i.scdn.co/image/ab67616d0000b27343028ae4eeabf8c854a93cab,exact,80.57,['pop'],['k_pop'],"['pop', 'k_pop']","['pop', 'k_pop']",[],2,2,0,2.1831,1.0916,0,1,False
SHINee,SHINee,2hRQKC0gqlZGPrmUKbcchR,0BVmoKMWV6JGcAETzL5tKe,THE FIRST,album,2011.0,0.3478,2010,https://open.spotify.com/album/0BVmoKMWV6JGcAETzL5tKe,https://i.scdn.co/image/ab67616d0000b273f753d1ad0cc1540d5d11f607,exact,100.0,['pop'],['j_pop'],"['pop', 'j_pop']",['pop'],['j_pop'],2,1,1,7.5333,3.7666,0,1,False
SHINee,SHINee,2hRQKC0gqlZGPrmUKbcchR,2LZxRgMfF9TFX3gg9Cr3uo,The Story of Light' EP.3 - The 6th Album,single,2018.0,0.6522,2010,https://open.spotify.com/album/2LZxRgMfF9TFX3gg9Cr3uo,https://i.scdn.co/image/ab67616d0000b27377f043131a749fdbc3d91963,exact,88.0,['pop'],['k_pop'],"['pop', 'k_pop']","['pop', 'k_pop']",[],2,2,0,2.1831,1.0916,1,0,False
SHINee,SHINee,2hRQKC0gqlZGPrmUKbcchR,6pWZHPdWqMye9xm5IQyr2Z,The Story of Light' EP.2 - The 6th Album,single,2018.0,0.6522,2010,https://open.spotify.com/album/6pWZHPdWqMye9xm5IQyr2Z,https://i.scdn.co/image/ab67616d0000b2735fb9eaa901c8ff49b978737f,exact,88.0,['pop'],['k_pop'],"['pop', 'k_pop']","['pop', 'k_pop']",[],2,2,0,2.1831,1.0916,1,0,False
SHINee,SHINee,2hRQKC0gqlZGPrmUKbcchR,5XwIkFj2HovD5gR8FNlVhG,The Story of Light' EP.1 - The 6th Album,single,2018.0,0.6522,2010,https://open.spotify.com/album/5XwIkFj2HovD5gR8FNlVhG,https://i.scdn.co/image/ab67616d0000b273744386e221846ca44b32a99a,exact,89.5,['pop'],['k_pop'],"['pop', 'k_pop']","['pop', 'k_pop']",[],2,2,0,2.1831,1.0916,1,0,False
SHINee,SHINee,2hRQKC0gqlZGPrmUKbcchR,5Bo8SasLvHLQEv8RZ7kmnu,From Now On,single,2018.0,0.6522,2010,https://open.spotify.com/album/5Bo8SasLvHLQEv8RZ7kmnu,https://i.scdn.co/image/ab67616d0000b273057066c1e92161868651ef45,exact,100.0,"['electronic', 'funk_/_soul', 'pop']","['j_pop', 'ballad', 'contemporary_r&b', 'dance_pop', 'electro_house']","['electronic', 'funk_/_soul', 'pop', 'j_pop', 'ballad', 'contemporary_r&b', 'dance_pop', 'electro_house']",['pop'],"['electronic', 'funk_/_soul', 'j_pop', 'ballad', 'contemporary_r&b', 'dance_pop', 'electro_house']",8,1,7,191.6012,23.9502,1,0,False
SHINee,SHINee,2hRQKC0gqlZGPrmUKbcchR,71DGYF76sGqB4rgmdgvMhN,Winter Wonderland,single,2016.0,0.5652,2010,https://open.spotify.com/album/71DGYF76sGqB4rgmdgvMhN,https://i.scdn.co/image/ab67616d0000b27360613c572d4a8f9e0991cd5e,exact,100.0,['pop'],['ballad'],"['pop', 'ballad']",['pop'],['ballad'],2,1,1,20.2787,10.1394,1,0,False
SHINee,SHINee,2hRQKC0gqlZGPrmUKbcchR,5x5eUB53xFlDCIz6F5bGSP,君のせいで,single,2016.0,0.5652,2010,https://open.spotify.com/album/5x5eUB53xFlDCIz6F5bGSP,https://i.scdn.co/image/ab67616d0000b273807d1bb040f5b1dbea14f68d,exact,100.0,['pop'],['j_pop'],"['pop', 'j_pop']",['pop'],['j_pop'],2,1,1,7.5333,3.7666,1,0,False
SHINee,SHINee,2hRQKC0gqlZGPrmUKbcchR,3BaQK2qZcRnSqa2do4gazn,Sing Your Song,single,2015.0,0.5217,2010,https://open.spotify.com/album/3BaQK2qZcRnSqa2do4gazn,https://i.scdn.co/image/ab67616d0000b273b0c57764012b2e9094e696fa,exact,100.0,"['funk_/_soul', 'blues', 'pop']","['rhythm_&_blues', 'swingbeat', 'j_pop']","['funk_/_soul', 'blues', 'pop', 'rhythm_&_blues', 'swingbeat', 'j_pop']",['pop'],"['funk_/_soul', 'blues', 'rhythm_&_blues', 'swingbeat', 'j_pop']",6,1,5,2473.2133,412.2022,1,0,False
SHINee,SHINee,2hRQKC0gqlZGPrmUKbcchR,1McoLhaOMSw3h3bpETsIWR,Your Number,single,2015.0,0.5217,2010,https://open.spotify.com/album/1McoLhaOMSw3h3bpETsIWR,https://i.scdn.co/image/ab67616d0000b2737a38f370ee2050cf4dd9fea1,exact,100.0,"['funk_/_soul', 'pop']","['ballad', 'contemporary_r&b']","['funk_/_soul', 'pop', 'ballad', 'contemporary_r&b']",['pop'],"['funk_/_soul', 'ballad', 'contemporary_r&b']",4,1,3,51.4324,12.8581,1,0,False
SHINee,SHINee,2hRQKC0gqlZGPrmUKbcchR,536KjTMpxy6NaHISLyex9J,Downtown Baby,single,2014.0,0.4783,2010,https://open.spotify.com/album/536KjTMpxy6NaHISLyex9J,https://i.scdn.co/image/ab67616d0000b2734130254767a4a1dae0af10a3,fuzzy,69.4,"['electronic', 'pop']","['ballad', 'j_pop', 'electro_house']","['electronic', 'pop', 'ballad', 'j_pop', 'electro_house']",['pop'],"['electronic', 'ballad', 'j_pop', 'electro_house']",5,1,4,149.3532,29.8706,1,0,False
SHINee,SHINee,2hRQKC0gqlZGPrmUKbcchR,1bbJlxnSVKXrfFl0QvtA4O,LUCKY STAR,single,2014.0,0.4783,2010,https://open.spotify.com/album/1bbJlxnSVKXrfFl0QvtA4O,https://i.scdn.co/image/ab67616d0000b2738c0611999773037a44685731,exact,100.0,['pop'],['j_pop'],"['pop', 'j_pop']",['pop'],['j_pop'],2,1,1,7.5333,3.7666,1,0,False
SHINee,SHINee,2hRQKC0gqlZGPrmUKbcchR,3B4HY6VOBMNke8SAmzusaq,3 2 1,single,2013.0,0.4348,2010,https://open.spotify.com/album/3B4HY6VOBMNke8SAmzusaq,https://i.scdn.co/image/ab67616d0000b27376903653bed6f741389a4d48,exact,100.0,['pop'],['j_pop'],"['pop', 'j_pop']",['pop'],['j_pop'],2,1,1,7.5333,3.7666,1,0,False
SHINee,SHINee,2hRQKC0gqlZGPrmUKbcchR,0DPGERIQqXguURpTG1f1gS,Everybody (Japanese ver.),single,2013.0,0.4348,2010,https://open.spotify.com/album/0DPGERIQqXguURpTG1f1gS,https://i.scdn.co/image/ab67616d0000b2731d351c5b1eb148d37ad84090,fuzzy,66.67,['pop'],['j_pop'],"['pop', 'j_pop']",['pop'],['j_pop'],2,1,1,7.5333,3.7666,1,0,False
SHINee,SHINee,2hRQKC0gqlZGPrmUKbcchR,2Sey2MIfTKAJsjZYMWspwI,Boys Meet U,single,2013.0,0.4348,2010,https://open.spotify.com/album/2Sey2MIfTKAJsjZYMWspwI,https://i.scdn.co/image/ab67616d0000b273e33970ca309f554fed96fb4f,exact,100.0,['pop'],['j_pop'],"['pop', 'j_pop']",['pop'],['j_pop'],2,1,1,7.5333,3.7666,1,0,False
SHINee,SHINee,2hRQKC0gqlZGPrmUKbcchR,2tUoxDnjOs7GIpEVY6YbXi,Fire,single,2013.0,0.4348,2010,https://open.spotify.com/album/2tUoxDnjOs7GIpEVY6YbXi,https://i.scdn.co/image/ab67616d0000b2735e36b8156e8a3fd2fdd82ee0,exact,100.0,['pop'],['j_pop'],"['pop', 'j_pop']",['pop'],['j_pop'],2,1,1,7.5333,3.7666,1,0,False
SHINee,SHINee,2hRQKC0gqlZGPrmUKbcchR,12gZLO0aGa2NNxyL2hbYlQ,1000年、ずっとそばにいて…,single,2012.0,0.3913,2010,https://open.spotify.com/album/12gZLO0aGa2NNxyL2hbYlQ,https://i.scdn.co/image/ab67616d0000b2734c48e3f58e24a08b4a1da6ea,exact,100.0,['pop'],['j_pop'],"['pop', 'j_pop']",['pop'],['j_pop'],2,1,1,7.5333,3.7666,1,0,False
SHINee,SHINee,2hRQKC0gqlZGPrmUKbcchR,6do5OfHnxOegci1vpQv3Af,Dazzling Girl,single,2012.0,0.3913,2010,https://open.spotify.com/album/6do5OfHnxOegci1vpQv3Af,https://i.scdn.co/image/ab67616d0000b2735ea5989c86537d6f46eb62f1,exact,100.0,['pop'],['j_pop'],"['pop', 'j_pop']",['pop'],['j_pop'],2,1,1,7.5333,3.7666,1,0,False
SHINee,SHINee,2hRQKC0gqlZGPrmUKbcchR,2VIEFAhKGE1zLITXkVpCvS,Keeping love again,single,2012.0,0.3913,2010,https://open.spotify.com/album/2VIEFAhKGE1zLITXkVpCvS,https://i.scdn.co/image/ab67616d0000b27366ff625995b48d1c3f0652b3,fuzzy,70.38,['pop'],[],['pop'],['pop'],[],1,1,0,1.0,1.0,1,0,False
SHINee,SHINee,2hRQKC0gqlZGPrmUKbcchR,5Heu7a04wRQHfU70wHulXC,Sherlock (Japanese ver.),single,2012.0,0.3913,2010,https://open.spotify.com/album/5Heu7a04wRQHfU70wHulXC,https://i.scdn.co/image/ab67616d0000b2736a8d144b1d0427791fd71041,exact,84.83,['pop'],[],['pop'],['pop'],[],1,1,0,1.0,1.0,1,0,False
SHINee,SHINee,2hRQKC0gqlZGPrmUKbcchR,2Do68mexcstYsNXI2BhSIS,LUCIFER,single,2011.0,0.3478,2010,https://open.spotify.com/album/2Do68mexcstYsNXI2BhSIS,https://i.scdn.co/image/ab67616d0000b273099e2bdd5d92605e0b23f63c,exact,85.0,"['electronic', 'pop']","['dance_pop', 'j_pop']","['electronic', 'pop', 'dance_pop', 'j_pop']",['pop'],"['electronic', 'dance_pop', 'j_pop']",4,1,3,23.5688,5.8922,1,0,False
SHINee,SHINee,2hRQKC0gqlZGPrmUKbcchR,2KlczzaebmGGrjLOUyRWgZ,JULIETTE,single,2011.0,0.3478,2010,https://open.spotify.com/album/2KlczzaebmGGrjLOUyRWgZ,https://i.scdn.co/image/ab67616d0000b27308d40dd94afbedc38c99a839,exact,85.0,"['pop', 'stage_&_screen']","['j_pop', 'music_video']","['pop', 'stage_&_screen', 'j_pop', 'music_video']",['pop'],"['stage_&_screen', 'j_pop', 'music_video']",4,1,3,702.4424,175.6106,1,0,False
SHINee,SHINee,2hRQKC0gqlZGPrmUKbcchR,5qXUA2V3bZQLZo8S7YSD4W,Replay -君は僕のeverything-,single,2011.0,0.3478,2010,https://open.spotify.com/album/5qXUA2V3bZQLZo8S7YSD4W,https://i.scdn.co/image/ab67616d0000b2737f2845e517af3daebaad8503,exact,85.0,"['electronic', 'pop']","['j_pop', 'dance_pop']","['electronic', 'pop', 'j_pop', 'dance_pop']",['pop'],"['electronic', 'j_pop', 'dance_pop']",4,1,3,23.5688,5.8922,1,0,False
SHINee,SHINee,2hRQKC0gqlZGPrmUKbcchR,16atzZZUKzxdfcLUxh1J4N,ROMEO - The Second Mini Album,single,2009.0,0.2609,2000,https://open.spotify.com/album/16atzZZUKzxdfcLUxh1J4N,https://i.scdn.co/image/ab67616d0000b27329f68d871dfd370314d6be16,fuzzy,69.06,['pop'],['k_pop'],"['pop', 'k_pop']","['pop', 'k_pop']",[],2,2,0,2.1831,1.0916,1,0,False
Wonder Girls,Wonder Girls,3Cv2vi3WTl8VZOTdrBkKdM,3in3RzViPTp3fZo51rmJoB,REBOOT,album,2015.0,0.5217,2010,https://open.spotify.com/album/3in3RzViPTp3fZo51rmJoB,https://i.scdn.co/image/ab67616d0000b273af44773914c32c0327509e57,exact,100.0,"['electronic', 'pop']","['electro', 'ballad', 'k_pop']","['electronic', 'pop', 'electro', 'ballad', 'k_pop']","['pop', 'k_pop']","['electronic', 'electro', 'ballad']",5,2,3,57.3504,11.4701,0,1,False
Wonder Girls,Wonder Girls,3Cv2vi3WTl8VZOTdrBkKdM,318RAh1OyVhnegQ7oZ8Fib,Wonder World,album,2011.0,0.3478,2010,https://open.spotify.com/album/318RAh1OyVhnegQ7oZ8Fib,https://i.scdn.co/image/ab67616d0000b273904d89127cab88d14a535a10,exact,100.0,"['electronic', 'hip_hop', 'pop']","['pop_rap', 'electro', 'k_pop']","['electronic', 'hip_hop', 'pop', 'pop_rap', 'electro', 'k_pop']","['pop', 'k_pop']","['electronic', 'hip_hop', 'pop_rap', 'electro']",6,2,4,57.1407,9.5234,0,1,False
Wonder Girls,Wonder Girls,3Cv2vi3WTl8VZOTdrBkKdM,2yX8lMVN1DViIGPPUDRbrm,2 Different Tears,album,2010.0,0.3043,2010,https://open.spotify.com/album/2yX8lMVN1DViIGPPUDRbrm,https://i.scdn.co/image/ab67616d0000b273104b8c8736be776d6e7c86d6,exact,100.0,"['electronic', 'pop']","['k_pop', 'dance_pop', 'house']","['electronic', 'pop', 'k_pop', 'dance_pop', 'house']","['pop', 'k_pop']","['electronic', 'dance_pop', 'house']",5,2,3,135.8186,27.1637,0,1,False
Wonder Girls,Wonder Girls,3Cv2vi3WTl8VZOTdrBkKdM,5apL7r2YXvPSkB8CxaZ7Pv,The Wonder Years - Trilogy,album,2008.0,0.2174,2000,https://open.spotify.com/album/5apL7r2YXvPSkB8CxaZ7Pv,https://i.scdn.co/image/ab67616d0000b273abada41dbdde14489722619c,exact,100.0,"['electronic', 'pop']","['synth-pop', 'k_pop']","['electronic', 'pop', 'synth-pop', 'k_pop']","['pop', 'k_pop']","['electronic', 'synth-pop']",4,2,2,54.1643,13.5411,0,1,False
Wonder Girls,Wonder Girls,3Cv2vi3WTl8VZOTdrBkKdM,3svp0TRDC5MMUAPNMimAi1,The Wonder Years,album,2007.0,0.1739,2000,https://open.spotify.com/album/3svp0TRDC5MMUAPNMimAi1,https://i.scdn.co/image/ab67616d0000b273ba5baf00d793695d029648ec,exact,90.0,['pop'],['k_pop'],"['pop', 'k_pop']","['pop', 'k_pop']",[],2,2,0,2.1831,1.0916,0,1,False
Wonder Girls,Wonder Girls,3Cv2vi3WTl8VZOTdrBkKdM,2TzaSJlsVyKcZ0NOf2TI9U,Why So Lonely,single,2016.0,0.5652,2010,https://open.spotify.com/album/2TzaSJlsVyKcZ0NOf2TI9U,https://i.scdn.co/image/ab67616d0000b273544a6e99632cd340e1619796,exact,100.0,['pop'],['k_pop'],"['pop', 'k_pop']","['pop', 'k_pop']",[],2,2,0,2.1831,1.0916,1,0,False
Wonder Girls,Wonder Girls,3Cv2vi3WTl8VZOTdrBkKdM,5VCsA14BuX2km1bEc2TCZB,Like Money,single,2012.0,0.3913,2010,https://open.spotify.com/album/5VCsA14BuX2km1bEc2TCZB,https://i.scdn.co/image/ab67616d0000b273c367449dfec44aeb7c7bed13,exact,91.76,['electronic'],['synth-pop'],"['electronic', 'synth-pop']",[],"['electronic', 'synth-pop']",2,0,2,51.9812,25.9906,1,0,False
Wonder Girls,Wonder Girls,3Cv2vi3WTl8VZOTdrBkKdM,43G5RlS4y3pbN7wZCBro7Z,Wonder Party,single,2012.0,0.3913,2010,https://open.spotify.com/album/43G5RlS4y3pbN7wZCBro7Z,https://i.scdn.co/image/ab67616d0000b2735e72142386a10ca7da3fcf1c,exact,100.0,"['electronic', 'pop']","['dance_pop', 'k_pop']","['electronic', 'pop', 'dance_pop', 'k_pop']","['pop', 'k_pop']","['electronic', 'dance_pop']",4,2,2,18.2186,4.5547,1,0,False
Wonder Girls,Wonder Girls,3Cv2vi3WTl8VZOTdrBkKdM,7AevTxETyiglcUEeX2d3JR,The DJ is Mine,single,2012.0,0.3913,2010,https://open.spotify.com/album/7AevTxETyiglcUEeX2d3JR,https://i.scdn.co/image/ab67616d0000b27307f9f3669b63eb3d995fc5cf,exact,100.0,['electronic'],['synth-pop'],"['electronic', 'synth-pop']",[],"['electronic', 'synth-pop']",2,0,2,51.9812,25.9906,1,0,False
Wonder Girls,Wonder Girls,3Cv2vi3WTl8VZOTdrBkKdM,042YzAyfdfbFPuHMQPeAyp,Anybody,single,2008.0,0.2174,2000,https://open.spotify.com/album/042YzAyfdfbFPuHMQPeAyp,https://i.scdn.co/image/ab67616d0000b273df9a26e9de80c5a7268b1cef,fuzzy,78.0,['pop'],['k_pop'],"['pop', 'k_pop']","['pop', 'k_pop']",[],2,2,0,2.1831,1.0916,1,0,False
Wonder Girls,Wonder Girls,3Cv2vi3WTl8VZOTdrBkKdM,7uLVRq4SzLmamXRIBONIBv,So Hot,single,2008.0,0.2174,2000,https://open.spotify.com/album/7uLVRq4SzLmamXRIBONIBv,https://i.scdn.co/image/ab67616d0000b273911ec384e21ccdf7ad8c045b,exact,100.0,['pop'],['k_pop'],"['pop', 'k_pop']","['pop', 'k_pop']",[],2,2,0,2.1831,1.0916,1,0,False
Wonder Girls,Wonder Girls,3Cv2vi3WTl8VZOTdrBkKdM,426WAODJjVD7Hciu86q4ZN,The Wonder Begins,single,2007.0,0.1739,2000,https://open.spotify.com/album/426WAODJjVD7Hciu86q4ZN,https://i.scdn.co/image/ab67616d0000b273104050e22d0cf7561b593712,exact,100.0,"['electronic', 'pop']","['dance_pop', 'k_pop']","['electronic', 'pop', 'dance_pop', 'k_pop']","['pop', 'k_pop']","['electronic', 'dance_pop']",4,2,2,18.2186,4.5547,1,0,False
f(x),f(x),3wRA5UYoo08BBKJnzyKkpF,6T9SFwLGHVU75jRAjUJn3W,Red Light - The 3rd Album,album,2014.0,0.4783,2010,https://open.spotify.com/album/6T9SFwLGHVU75jRAjUJn3W,https://i.scdn.co/image/ab67616d0000b2737cb7222af6927b83987206f7,exact,85.31,['pop'],['k_pop'],"['pop', 'k_pop']","['pop', 'k_pop']",[],2,2,0,2.1831,1.0916,0,1,False
f(x),f(x),3wRA5UYoo08BBKJnzyKkpF,62tuEHFtjk3L6Xjdkzyt4z,Pink Tape - The 2nd Album,album,2013.0,0.4348,2010,https://open.spotify.com/album/62tuEHFtjk3L6Xjdkzyt4z,https://i.scdn.co/image/ab67616d0000b2736f7d8c9dcc983839bd746dbc,exact,85.31,['pop'],['k_pop'],"['pop', 'k_pop']","['pop', 'k_pop']",[],2,2,0,2.1831,1.0916,0,1,False
f(x),f(x),3wRA5UYoo08BBKJnzyKkpF,75b6FPSJvFcA2y6QafQmyG,4 Walls / COWBOY,single,2016.0,0.5652,2010,https://open.spotify.com/album/75b6FPSJvFcA2y6QafQmyG,https://i.scdn.co/image/ab67616d0000b273d182af772ae0e4ec11c505ab,exact,100.0,['pop'],"['j_pop', 'europop']","['pop', 'j_pop', 'europop']",['pop'],"['j_pop', 'europop']",3,1,2,595.5333,198.5111,1,0,False
f(x),f(x),3wRA5UYoo08BBKJnzyKkpF,6uPH0cDsZGh7At3txWpGRK,All Mine - SM STATION,single,2016.0,0.5652,2010,https://open.spotify.com/album/6uPH0cDsZGh7At3txWpGRK,https://i.scdn.co/image/ab67616d0000b273f44664b37efaec6336a27938,exact,86.67,['electronic'],"['dance_pop', 'progressive_house']","['electronic', 'dance_pop', 'progressive_house']",[],"['electronic', 'dance_pop', 'progressive_house']",3,0,3,408.0355,136.0118,1,0,False
f(x),f(x),3wRA5UYoo08BBKJnzyKkpF,7LVMjDwcyhVhDTHddKPjIs,Electric Shock - The 2nd Mini Album,single,2012.0,0.3913,2010,https://open.spotify.com/album/7LVMjDwcyhVhDTHddKPjIs,https://i.scdn.co/image/ab67616d0000b2735a58accf4805f4097859eeac,exact,81.81,['pop'],"['electro', 'k_pop']","['pop', 'electro', 'k_pop']","['pop', 'k_pop']",['electro'],3,2,1,33.1305,11.0435,1,0,False
f(x),f(x),3wRA5UYoo08BBKJnzyKkpF,2jwIyBUS9C4yGgr1Guq8YO,NU ABO,single,2010.0,0.3043,2010,https://open.spotify.com/album/2jwIyBUS9C4yGgr1Guq8YO,https://i.scdn.co/image/ab67616d0000b273900d10b8f74cbac991333789,exact,100.0,['pop'],"['electro', 'k_pop']","['pop', 'electro', 'k_pop']","['pop', 'k_pop']",['electro'],3,2,1,33.1305,11.0435,1,0,False
f(x),f(x),3wRA5UYoo08BBKJnzyKkpF,425PTkqSecl81Zx7t56ZXi,LA chA TA,single,2009.0,0.2609,2000,https://open.spotify.com/album/425PTkqSecl81Zx7t56ZXi,https://i.scdn.co/image/ab67616d0000b273d8d0930607f40c5a866debd3,exact,92.4,"['electronic', 'pop']","['synth-pop', 'k_pop']","['electronic', 'pop', 'synth-pop', 'k_pop']","['pop', 'k_pop']","['electronic', 'synth-pop']",4,2,2,54.1643,13.5411,1,0,False
2PM,2PM,5iRPbkcPmqAFFwDUj6ywVS,53uDYyvuIP7L9KgimkWPka,WITH ME AGAIN,album,2021.0,0.7826,2020,https://open.spotify.com/album/53uDYyvuIP7L9KgimkWPka,https://i.scdn.co/image/ab67616d0000b27328dae57f4c75158a91d6deae,exact,93.75,['pop'],['k_pop'],"['pop', 'k_pop']","['pop', 'k_pop']",[],2,2,0,2.1831,1.0916,0,1,False
2PM,2PM,5iRPbkcPmqAFFwDUj6ywVS,0eMx2V4Mh1ZiaShIuTaFgl,MUST,album,2021.0,0.7826,2020,https://open.spotify.com/album/0eMx2V4Mh1ZiaShIuTaFgl,https://i.scdn.co/image/ab67616d0000b2734c62ea9c4d0c1eaac428ce64,exact,93.75,['pop'],['k_pop'],"['pop', 'k_pop']","['pop', 'k_pop']",[],2,2,0,2.1831,1.0916,0,1,False
2PM,2PM,5iRPbkcPmqAFFwDUj6ywVS,7e9RQyCVasd0euN3tclXEn,GENTLEMEN'S GAME,album,2016.0,0.5652,2010,https://open.spotify.com/album/7e9RQyCVasd0euN3tclXEn,https://i.scdn.co/image/ab67616d0000b27395bfae952ad8d5f8dc0e4b47,exact,93.75,"['electronic', 'pop']",['k_pop'],"['electronic', 'pop', 'k_pop']","['pop', 'k_pop']",['electronic'],3,2,1,7.1243,2.3748,0,1,False
2PM,2PM,5iRPbkcPmqAFFwDUj6ywVS,3CxInGutNnG2Hd1voQUSWL,GALAXY OF 2PM,album,2016.0,0.5652,2010,https://open.spotify.com/album/3CxInGutNnG2Hd1voQUSWL,https://i.scdn.co/image/ab67616d0000b273f420695d99154d79e198ab61,exact,93.75,"['electronic', 'funk_/_soul']","['dance_pop', 'contemporary_r&b']","['electronic', 'funk_/_soul', 'dance_pop', 'contemporary_r&b']",[],"['electronic', 'funk_/_soul', 'dance_pop', 'contemporary_r&b']",4,0,4,47.1892,11.7973,0,1,False
2PM,2PM,5iRPbkcPmqAFFwDUj6ywVS,0Y8XNwnhsVr2xkUV0T0gd6,No.5,album,2015.0,0.5217,2010,https://open.spotify.com/album/0Y8XNwnhsVr2xkUV0T0gd6,https://i.scdn.co/image/ab67616d0000b27352d757d30e9487abd2efa46b,exact,93.75,['pop'],['k_pop'],"['pop', 'k_pop']","['pop', 'k_pop']",[],2,2,0,2.1831,1.0916,0,1,False
2PM,2PM,5iRPbkcPmqAFFwDUj6ywVS,6fHgqeHq8HhdwHjsCWeijj,2PM OF 2PM,album,2015.0,0.5217,2010,https://open.spotify.com/album/6fHgqeHq8HhdwHjsCWeijj,https://i.scdn.co/image/ab67616d0000b273a35181b7b7e5c51cd8dfe61e,exact,93.75,['pop'],['k_pop'],"['pop', 'k_pop']","['pop', 'k_pop']",[],2,2,0,2.1831,1.0916,0,1,False
2PM,2PM,5iRPbkcPmqAFFwDUj6ywVS,2zqGbTPpXBoNT450hboLO3,GO CRAZY!,album,2014.0,0.4783,2010,https://open.spotify.com/album/2zqGbTPpXBoNT450hboLO3,https://i.scdn.co/image/ab67616d0000b273fb0a56ebb2c250ec8357d7c4,fuzzy,71.98,['pop'],['k_pop'],"['pop', 'k_pop']","['pop', 'k_pop']",[],2,2,0,2.1831,1.0916,0,1,False
2PM,2PM,5iRPbkcPmqAFFwDUj6ywVS,6pu7wPDVwPTvBDKOzZY5ul,GENESIS OF 2PM,album,2014.0,0.4783,2010,https://open.spotify.com/album/6pu7wPDVwPTvBDKOzZY5ul,https://i.scdn.co/image/ab67616d0000b2733b1e732f64d4c7e2bc1b4fec,exact,93.75,['pop'],['j_pop'],"['pop', 'j_pop']",['pop'],['j_pop'],2,1,1,7.5333,3.7666,0,1,False
2PM,2PM,5iRPbkcPmqAFFwDUj6ywVS,1KfQl81CBzPYwNVgQn9jaj,GROWN (Grand Edition),album,2013.0,0.4348,2010,https://open.spotify.com/album/1KfQl81CBzPYwNVgQn9jaj,https://i.scdn.co/image/ab67616d0000b273fd3497545bcf608733961303,fuzzy,67.5,['pop'],['k_pop'],"['pop', 'k_pop']","['pop', 'k_pop']",[],2,2,0,2.1831,1.0916,0,1,False
2PM,2PM,5iRPbkcPmqAFFwDUj6ywVS,6zm3gZOXElHAUBS53FyYHs,Grown,album,2013.0,0.4348,2010,https://open.spotify.com/album/6zm3gZOXElHAUBS53FyYHs,https://i.scdn.co/image/ab67616d0000b273363cb299ad654b7f34305100,exact,93.75,['pop'],['k_pop'],"['pop', 'k_pop']","['pop', 'k_pop']",[],2,2,0,2.1831,1.0916,0,1,False
2PM,2PM,5iRPbkcPmqAFFwDUj6ywVS,55O0rNQIVt7qumsMZvfdPi,Member's Selection,album,2012.0,0.3913,2010,https://open.spotify.com/album/55O0rNQIVt7qumsMZvfdPi,https://i.scdn.co/image/ab67616d0000b273d5db0966eb9bc1b74fef9ad1,exact,89.25,"['electronic', 'pop']","['electro', 'k_pop']","['electronic', 'pop', 'electro', 'k_pop']","['pop', 'k_pop']","['electronic', 'electro']",4,2,2,38.0717,9.5179,0,1,False
2PM,2PM,5iRPbkcPmqAFFwDUj6ywVS,0zENdtFdQ0cqaWHTMDJk6i,REPUBLIC OF 2PM,album,2011.0,0.3478,2010,https://open.spotify.com/album/0zENdtFdQ0cqaWHTMDJk6i,https://i.scdn.co/image/ab67616d0000b2736ead8edd251a0d4b33fdc947,fuzzy,73.75,['pop'],"['k_pop', 'j_pop']","['pop', 'k_pop', 'j_pop']","['pop', 'k_pop']",['j_pop'],3,2,1,8.7164,2.9055,0,1,False
2PM,2PM,5iRPbkcPmqAFFwDUj6ywVS,1PPU2sGpyQVivVTBLyrjJx,Hands Up,album,2011.0,0.3478,2010,https://open.spotify.com/album/1PPU2sGpyQVivVTBLyrjJx,https://i.scdn.co/image/ab67616d0000b2732ff3cf578383416da352bc27,exact,93.75,['pop'],['k_pop'],"['pop', 'k_pop']","['pop', 'k_pop']",[],2,2,0,2.1831,1.0916,0,1,False
2PM,2PM,5iRPbkcPmqAFFwDUj6ywVS,3FlMNN4eJ1mGpw2EJqBHpG,1:59PM,album,2009.0,0.2609,2000,https://open.spotify.com/album/3FlMNN4eJ1mGpw2EJqBHpG,https://i.scdn.co/image/ab67616d0000b273fc2ba557d9545e6932f6459d,exact,90.29,"['electronic', 'pop']","['electro', 'k_pop']","['electronic', 'pop', 'electro', 'k_pop']","['pop', 'k_pop']","['electronic', 'electro']",4,2,2,38.0717,9.5179,0,1,False
2PM,2PM,5iRPbkcPmqAFFwDUj6ywVS,7Im77C4zz1GE4TiG2nfept,Guilty Love,single,2015.0,0.5217,2010,https://open.spotify.com/album/7Im77C4zz1GE4TiG2nfept,https://i.scdn.co/image/ab67616d0000b2739e22f460a3a26ccb61e02ef4,exact,93.75,['pop'],['k_pop'],"['pop', 'k_pop']","['pop', 'k_pop']",[],2,2,0,2.1831,1.0916,1,0,False
2PM,2PM,5iRPbkcPmqAFFwDUj6ywVS,29vr3OoEwakv3IcGwYkbP2,ミダレテミナ,single,2014.0,0.4783,2010,https://open.spotify.com/album/29vr3OoEwakv3IcGwYkbP2,https://i.scdn.co/image/ab67616d0000b2733954b82a8dd3d9e5d765459e,exact,93.75,['pop'],[],['pop'],['pop'],[],1,1,0,1.0,1.0,1,0,False
2PM,2PM,5iRPbkcPmqAFFwDUj6ywVS,5GQIJkw7DQV8bEB7OTv5of,Winter Games,single,2013.0,0.4348,2010,https://open.spotify.com/album/5GQIJkw7DQV8bEB7OTv5of,https://i.scdn.co/image/ab67616d0000b273aadcfcda1e7727b4895d7cd8,exact,93.75,['pop'],[],['pop'],['pop'],[],1,1,0,1.0,1.0,1,0,False
2PM,2PM,5iRPbkcPmqAFFwDUj6ywVS,2X3mFEbnOjJhypqhVNcGs1,Give Me Love,single,2013.0,0.4348,2010,https://open.spotify.com/album/2X3mFEbnOjJhypqhVNcGs1,https://i.scdn.co/image/ab67616d0000b2737f9fa2250fcad4fc6d8f263d,exact,93.75,['pop'],['k_pop'],"['pop', 'k_pop']","['pop', 'k_pop']",[],2,2,0,2.1831,1.0916,1,0,False
2PM,2PM,5iRPbkcPmqAFFwDUj6ywVS,4Znp3K2auNPTOToTKr5GKA,マスカレード 〜Masquerade〜,single,2012.0,0.3913,2010,https://open.spotify.com/album/4Znp3K2auNPTOToTKr5GKA,https://i.scdn.co/image/ab67616d0000b2732c5fbb73b6034bc1521ec9a1,exact,89.01,['pop'],['k_pop'],"['pop', 'k_pop']","['pop', 'k_pop']",[],2,2,0,2.1831,1.0916,1,0,False
2PM,2PM,5iRPbkcPmqAFFwDUj6ywVS,1vnQEPyhKOXsqwuKDXI85i,Beautiful,single,2012.0,0.3913,2010,https://open.spotify.com/album/1vnQEPyhKOXsqwuKDXI85i,https://i.scdn.co/image/ab67616d0000b2733838d334df97666319c44c3e,exact,93.75,['pop'],[],['pop'],['pop'],[],1,1,0,1.0,1.0,1,0,False
2PM,2PM,5iRPbkcPmqAFFwDUj6ywVS,4UKqMd1ovBRguMiAqL5Oz7,Ultra Lover,single,2011.0,0.3478,2010,https://open.spotify.com/album/4UKqMd1ovBRguMiAqL5Oz7,https://i.scdn.co/image/ab67616d0000b273f720d1c5cf717cddc9a39c17,exact,93.75,['pop'],['k_pop'],"['pop', 'k_pop']","['pop', 'k_pop']",[],2,2,0,2.1831,1.0916,1,0,False
2PM,2PM,5iRPbkcPmqAFFwDUj6ywVS,2ANIbwayGabeEnY3tEh2EW,I'm your man,single,2011.0,0.3478,2010,https://open.spotify.com/album/2ANIbwayGabeEnY3tEh2EW,https://i.scdn.co/image/ab67616d0000b273cab803d161afb2102e3b5171,exact,93.75,['pop'],[],['pop'],['pop'],[],1,1,0,1.0,1.0,1,0,False
2PM,2PM,5iRPbkcPmqAFFwDUj6ywVS,6nlILQsqCf2CREStV6e89s,Take off,single,2011.0,0.3478,2010,https://open.spotify.com/album/6nlILQsqCf2CREStV6e89s,https://i.scdn.co/image/ab67616d0000b273fbe5925d9ed49e02b3a14f1e,exact,93.75,"['electronic', 'pop', 'stage_&_screen']","['anison', 'theme', 'j_pop']","['electronic', 'pop', 'stage_&_screen', 'anison', 'theme', 'j_pop']",['pop'],"['electronic', 'stage_&_screen', 'anison', 'theme', 'j_pop']",6,1,5,707.3836,117.8973,1,0,False
2PM,2PM,5iRPbkcPmqAFFwDUj6ywVS,18TSo4uOY3R5kaSHYbmILd,Don`t Stop Can`t Stop,single,2010.0,0.3043,2010,https://open.spotify.com/album/18TSo4uOY3R5kaSHYbmILd,https://i.scdn.co/image/ab67616d0000b2732fc7493767d429a6faa3ed4c,exact,89.46,"['electronic', 'pop']","['electro', 'k_pop']","['electronic', 'pop', 'electro', 'k_pop']","['pop', 'k_pop']","['electronic', 'electro']",4,2,2,38.0717,9.5179,1,0,False
Super Junior,SUPER JUNIOR,6gzXCdfYfFe5XKhPKkYqxV,2YFurqloMyEncsFHOjIbm2,MAGIC - SUPER JUNIOR SPECIAL ALBUM PART.2,album,2015.0,0.5217,2010,https://open.spotify.com/album/2YFurqloMyEncsFHOjIbm2,https://i.scdn.co/image/ab67616d0000b273bc8726d49f0934880cfb7f3e,fuzzy,70.23,['pop'],['k_pop'],"['pop', 'k_pop']","['pop', 'k_pop']",[],2,2,0,2.1831,1.0916,0,1,False
Super Junior,SUPER JUNIOR,6gzXCdfYfFe5XKhPKkYqxV,0zYeZStiw5g3ZSOdVfIRrN,Hero,album,2013.0,0.4348,2010,https://open.spotify.com/album/0zYeZStiw5g3ZSOdVfIRrN,https://i.scdn.co/image/ab67616d0000b27316d7114d947e8a9b4deb5f10,exact,100.0,['pop'],"['j_pop', 'k_pop', 'ballad']","['pop', 'j_pop', 'k_pop', 'ballad']","['pop', 'k_pop']","['j_pop', 'ballad']",4,2,2,27.9951,6.9988,0,1,False
Super Junior,SUPER JUNIOR,6gzXCdfYfFe5XKhPKkYqxV,1A8GN5ALgg4TznPJ2LVzmn,"Sexy, Free & Single - The 6th Album",album,2012.0,0.3913,2010,https://open.spotify.com/album/1A8GN5ALgg4TznPJ2LVzmn,https://i.scdn.co/image/ab67616d0000b273e4b356b287e2e14b93aeb10d,exact,92.4,"['electronic', 'pop']",['k_pop'],"['electronic', 'pop', 'k_pop']","['pop', 'k_pop']",['electronic'],3,2,1,7.1243,2.3748,0,1,False
Super Junior,SUPER JUNIOR,6gzXCdfYfFe5XKhPKkYqxV,5LEUXp4BqRNYvg71jmliXx,Super Show 2 (The 2nd Asia Tour Concert Album),album,2009.0,0.2609,2000,https://open.spotify.com/album/5LEUXp4BqRNYvg71jmliXx,https://i.scdn.co/image/ab67616d0000b2738495579be547aff8d8c156e5,fuzzy,76.49,['pop'],['k_pop'],"['pop', 'k_pop']","['pop', 'k_pop']",[],2,2,0,2.1831,1.0916,0,1,False
Super Junior,SUPER JUNIOR,6gzXCdfYfFe5XKhPKkYqxV,6HAfVOnIzC0VfWuQU4ZXxV,Don't Don (Repackage),album,2007.0,0.1739,2000,https://open.spotify.com/album/6HAfVOnIzC0VfWuQU4ZXxV,https://i.scdn.co/image/ab67616d0000b2731dcdf4c5010ce25cb0bfd867,exact,80.89,['pop'],['k_pop'],"['pop', 'k_pop']","['pop', 'k_pop']",[],2,2,0,2.1831,1.0916,0,1,False
Super Junior,SUPER JUNIOR,6gzXCdfYfFe5XKhPKkYqxV,5qP97X9XW3BqpGrqtbcm4C,Super Junior 05,album,2005.0,0.087,2000,https://open.spotify.com/album/5qP97X9XW3BqpGrqtbcm4C,https://i.scdn.co/image/ab67616d0000b27310a4c7b37f9bf30de4f8c16a,exact,97.5,['pop'],['k_pop'],"['pop', 'k_pop']","['pop', 'k_pop']",[],2,2,0,2.1831,1.0916,0,1,False
Super Junior,SUPER JUNIOR,6gzXCdfYfFe5XKhPKkYqxV,31WEkr0PFjRjRWszhYchtp,The Road : Keep on Going - The 11th Album Vol.1,single,2022.0,0.8261,2020,https://open.spotify.com/album/31WEkr0PFjRjRWszhYchtp,https://i.scdn.co/image/ab67616d0000b2733d4f033a4e836bb02e19755a,exact,85.46,['pop'],['k_pop'],"['pop', 'k_pop']","['pop', 'k_pop']",[],2,2,0,2.1831,1.0916,1,0,False
Super Junior,SUPER JUNIOR,6gzXCdfYfFe5XKhPKkYqxV,0jsUbgbuyBIVztpkDKYNxZ,The Road : Winter for Spring,single,2022.0,0.8261,2020,https://open.spotify.com/album/0jsUbgbuyBIVztpkDKYNxZ,https://i.scdn.co/image/ab67616d0000b27326c48d906158a44c12c3ce9d,exact,92.05,['pop'],['k_pop'],"['pop', 'k_pop']","['pop', 'k_pop']",[],2,2,0,2.1831,1.0916,1,0,False
Super Junior,SUPER JUNIOR,6gzXCdfYfFe5XKhPKkYqxV,208TXvOLIJ70RcBgPZv1Iv,One More Time,single,2018.0,0.6522,2010,https://open.spotify.com/album/208TXvOLIJ70RcBgPZv1Iv,https://i.scdn.co/image/ab67616d0000b273ec649b52df959959a12fbc6a,exact,100.0,"['latin', 'pop']","['j_pop', 'k_pop']","['latin', 'pop', 'j_pop', 'k_pop']","['pop', 'k_pop']","['latin', 'j_pop']",4,2,2,302.7164,75.6791,1,0,False
Super Junior,SUPER JUNIOR,6gzXCdfYfFe5XKhPKkYqxV,0vgV211bUsihsckzNaejxe,One More Time - Special Mini Album,single,2018.0,0.6522,2010,https://open.spotify.com/album/0vgV211bUsihsckzNaejxe,https://i.scdn.co/image/ab67616d0000b2733aa0c66a926b007bff92fc86,exact,81.0,['pop'],['k_pop'],"['pop', 'k_pop']","['pop', 'k_pop']",[],2,2,0,2.1831,1.0916,1,0,False
Super Junior,SUPER JUNIOR,6gzXCdfYfFe5XKhPKkYqxV,5wp7px1nVgtMiX6ZXnNkTh,Animals,single,2018.0,0.6522,2010,https://open.spotify.com/album/5wp7px1nVgtMiX6ZXnNkTh,https://i.scdn.co/image/ab67616d0000b273f12a8ffb83f92349a99e8fb1,fuzzy,68.5,['pop'],['k_pop'],"['pop', 'k_pop']","['pop', 'k_pop']",[],2,2,0,2.1831,1.0916,1,0,False
Super Junior,SUPER JUNIOR,6gzXCdfYfFe5XKhPKkYqxV,21gWMfdGZoT8ZvdeM4y4Nl,Lo Siento,single,2018.0,0.6522,2010,https://open.spotify.com/album/21gWMfdGZoT8ZvdeM4y4Nl,https://i.scdn.co/image/ab67616d0000b27312788e0928b8798c3209020a,fuzzy,71.36,['pop'],['k_pop'],"['pop', 'k_pop']","['pop', 'k_pop']",[],2,2,0,2.1831,1.0916,1,0,False
Super Junior,SUPER JUNIOR,6gzXCdfYfFe5XKhPKkYqxV,30qQsl2oO81mMhBNBaV06s,Devil / Magic,single,2016.0,0.5652,2010,https://open.spotify.com/album/30qQsl2oO81mMhBNBaV06s,https://i.scdn.co/image/ab67616d0000b273985eec642c5b63efdf4b2c20,exact,100.0,['pop'],['k_pop'],"['pop', 'k_pop']","['pop', 'k_pop']",[],2,2,0,2.1831,1.0916,1,0,False
Super Junior,SUPER JUNIOR,6gzXCdfYfFe5XKhPKkYqxV,1LxJnAvxI8EW1tNb1VqCHF,MAMACITA -AYAYA-,single,2014.0,0.4783,2010,https://open.spotify.com/album/1LxJnAvxI8EW1tNb1VqCHF,https://i.scdn.co/image/ab67616d0000b273139e702754ee59b880fb98f8,exact,87.73,"['electronic', 'pop']",['k_pop'],"['electronic', 'pop', 'k_pop']","['pop', 'k_pop']",['electronic'],3,2,1,7.1243,2.3748,1,0,False
Super Junior,SUPER JUNIOR,6gzXCdfYfFe5XKhPKkYqxV,74Jj2jhjC9TlUqtA7BfnyM,Blue World,single,2013.0,0.4348,2010,https://open.spotify.com/album/74Jj2jhjC9TlUqtA7BfnyM,https://i.scdn.co/image/ab67616d0000b273063db5ab88dbe660dbc6e97c,exact,100.0,['pop'],['j_pop'],"['pop', 'j_pop']",['pop'],['j_pop'],2,1,1,7.5333,3.7666,1,0,False
Super Junior,SUPER JUNIOR,6gzXCdfYfFe5XKhPKkYqxV,2JuQjHZ6ssTtwCrPgqc0Br,"Sexy, Free & Single",single,2012.0,0.3913,2010,https://open.spotify.com/album/2JuQjHZ6ssTtwCrPgqc0Br,https://i.scdn.co/image/ab67616d0000b2733bed69805ddbcf7fb962ab36,exact,100.0,"['electronic', 'pop']",['k_pop'],"['electronic', 'pop', 'k_pop']","['pop', 'k_pop']",['electronic'],3,2,1,7.1243,2.3748,1,0,False
Super Junior,SUPER JUNIOR,6gzXCdfYfFe5XKhPKkYqxV,5mgTQUYk0h204x6n3ol7WH,Opera,single,2012.0,0.3913,2010,https://open.spotify.com/album/5mgTQUYk0h204x6n3ol7WH,https://i.scdn.co/image/ab67616d0000b273b48a8e6cfbc8039d5e71cef9,exact,100.0,"['electronic', 'pop']",['dance_pop'],"['electronic', 'pop', 'dance_pop']",['pop'],"['electronic', 'dance_pop']",3,1,2,17.0355,5.6785,1,0,False
Super Junior,SUPER JUNIOR,6gzXCdfYfFe5XKhPKkYqxV,0hPssXwn1WbgYMkINv1Cle,Mr. Simple,single,2011.0,0.3478,2010,https://open.spotify.com/album/0hPssXwn1WbgYMkINv1Cle,https://i.scdn.co/image/ab67616d0000b273c73206c4b24f40cc17053fbf,exact,100.0,"['electronic', 'pop']",['k_pop'],"['electronic', 'pop', 'k_pop']","['pop', 'k_pop']",['electronic'],3,2,1,7.1243,2.3748,1,0,False
Super Junior,SUPER JUNIOR,6gzXCdfYfFe5XKhPKkYqxV,0j7FflC3gzsHR0122pQN7f,美人(BONAMANA),single,2011.0,0.3478,2010,https://open.spotify.com/album/0j7FflC3gzsHR0122pQN7f,https://i.scdn.co/image/ab67616d0000b273371883fd77512bfba038301d,exact,85.0,['pop'],['k_pop'],"['pop', 'k_pop']","['pop', 'k_pop']",[],2,2,0,2.1831,1.0916,1,0,False
Super Junior,SUPER JUNIOR,6gzXCdfYfFe5XKhPKkYqxV,3TC76yhvBNYaVvnzmyZN4J,너라고 It's You,single,2009.0,0.2609,2000,https://open.spotify.com/album/3TC76yhvBNYaVvnzmyZN4J,https://i.scdn.co/image/ab67616d0000b2730245375368ab6cc499201392,fuzzy,65.38,['pop'],"['k_pop', 'ballad']","['pop', 'k_pop', 'ballad']","['pop', 'k_pop']",['ballad'],3,2,1,21.4618,7.1539,1,0,False
Super Junior,SUPER JUNIOR,6gzXCdfYfFe5XKhPKkYqxV,1VukyPyHadZl6En9cOdMxm,Show Me Your Love,single,2005.0,0.087,2000,https://open.spotify.com/album/1VukyPyHadZl6En9cOdMxm,https://i.scdn.co/image/ab67616d0000b2734183c2d1536a295136b86abf,exact,90.0,['pop'],"['k_pop', 'holiday']","['pop', 'k_pop', 'holiday']","['pop', 'k_pop']",['holiday'],3,2,1,170.1831,56.7277,1,0,False
TVXQ!,TVXQ!,6nVMMEywS5Y4tsHPKx1nIo,4I6px53lYqErgJcsJkUNlu,20&2 - The 9th Album,album,2023.0,0.8696,2020,https://open.spotify.com/album/4I6px53lYqErgJcsJkUNlu,https://i.scdn.co/image/ab67616d0000b27393f60760427ff9cb94a5ba96,fuzzy,76.36,['pop'],"['k_pop', 'ballad']","['pop', 'k_pop', 'ballad']","['pop', 'k_pop']",['ballad'],3,2,1,21.4618,7.1539,0,1,False
TVXQ!,TVXQ!,6nVMMEywS5Y4tsHPKx1nIo,70Y5TFHOKuJF8knX5sUdIE,WITH,album,2014.0,0.4783,2010,https://open.spotify.com/album/70Y5TFHOKuJF8knX5sUdIE,https://i.scdn.co/image/ab67616d0000b273f70c6e5d7de460222944c958,fuzzy,70.0,"['jazz', 'pop']",['k_pop'],"['jazz', 'pop', 'k_pop']","['pop', 'k_pop']",['jazz'],3,2,1,149.1831,49.7277,0,1,False
TVXQ!,TVXQ!,6nVMMEywS5Y4tsHPKx1nIo,2cMjjgRPQ0pCcvA7cP3S0L,Humanoids,album,2012.0,0.3913,2010,https://open.spotify.com/album/2cMjjgRPQ0pCcvA7cP3S0L,https://i.scdn.co/image/ab67616d0000b2739f6a9a89c697fde2dada3b9d,fuzzy,78.41,"['electronic', 'pop']",['k_pop'],"['electronic', 'pop', 'k_pop']","['pop', 'k_pop']",['electronic'],3,2,1,7.1243,2.3748,0,1,False
TVXQ!,TVXQ!,6nVMMEywS5Y4tsHPKx1nIo,5IW0qKf43owlKTiI5NsKBm,Catch Me,album,2012.0,0.3913,2010,https://open.spotify.com/album/5IW0qKf43owlKTiI5NsKBm,https://i.scdn.co/image/ab67616d0000b2732c89258afe9354c004b63413,exact,100.0,['pop'],['k_pop'],"['pop', 'k_pop']","['pop', 'k_pop']",[],2,2,0,2.1831,1.0916,0,1,False
TVXQ!,TVXQ!,6nVMMEywS5Y4tsHPKx1nIo,0LF9WwwqLMOEUS2He9I326,Keep Your Head Down Repackage,album,2011.0,0.3478,2010,https://open.spotify.com/album/0LF9WwwqLMOEUS2He9I326,https://i.scdn.co/image/ab67616d0000b2734f5dbcf02b522e7877f34c22,exact,95.62,['pop'],['k_pop'],"['pop', 'k_pop']","['pop', 'k_pop']",[],2,2,0,2.1831,1.0916,0,1,False
TVXQ!,TVXQ!,6nVMMEywS5Y4tsHPKx1nIo,3lMEN4CHeWygWVQlSVL5on,Keep Your Head Down,album,2011.0,0.3478,2010,https://open.spotify.com/album/3lMEN4CHeWygWVQlSVL5on,https://i.scdn.co/image/ab67616d0000b273297eb75a81d2087fdb8e2164,exact,100.0,['pop'],['k_pop'],"['pop', 'k_pop']","['pop', 'k_pop']",[],2,2,0,2.1831,1.0916,0,1,False
TVXQ!,TVXQ!,6nVMMEywS5Y4tsHPKx1nIo,51Wmrzs9O87YlKp2vqDwln,MIROTIC - The 4th Album,album,2008.0,0.2174,2000,https://open.spotify.com/album/51Wmrzs9O87YlKp2vqDwln,https://i.scdn.co/image/ab67616d0000b27325ca38eeeb374883d7652ff0,fuzzy,75.0,"['electronic', 'pop']","['ballad', 'k_pop']","['electronic', 'pop', 'ballad', 'k_pop']","['pop', 'k_pop']","['electronic', 'ballad']",4,2,2,26.403,6.6008,0,1,False
TVXQ!,TVXQ!,6nVMMEywS5Y4tsHPKx1nIo,5AH1QpZf94kaiWuLXbmTIR,Rising Sun - 2nd Album,album,2005.0,0.087,2000,https://open.spotify.com/album/5AH1QpZf94kaiWuLXbmTIR,https://i.scdn.co/image/ab67616d0000b273b04aa4fdfcffa194fd3059e0,exact,82.69,['pop'],['k_pop'],"['pop', 'k_pop']","['pop', 'k_pop']",[],2,2,0,2.1831,1.0916,0,1,False
TVXQ!,TVXQ!,6nVMMEywS5Y4tsHPKx1nIo,01rkIVf8oC86E87jWGuS15,Christmas Gift From TVXQ!,album,2004.0,0.0435,2000,https://open.spotify.com/album/01rkIVf8oC86E87jWGuS15,https://i.scdn.co/image/ab67616d0000b2735f2cabb52b0003aba8b54351,exact,100.0,['pop'],"['k_pop', 'holiday']","['pop', 'k_pop', 'holiday']","['pop', 'k_pop']",['holiday'],3,2,1,170.1831,56.7277,0,1,False
TVXQ!,TVXQ!,6nVMMEywS5Y4tsHPKx1nIo,1JUqWjee5xp6CCVfvjDECw,Catch Me -If you wanna-,single,2013.0,0.4348,2010,https://open.spotify.com/album/1JUqWjee5xp6CCVfvjDECw,https://i.scdn.co/image/ab67616d0000b2736075855b62da3d1317f8f87e,fuzzy,66.43,"['electronic', 'pop']","['electro_house', 'j_pop']","['electronic', 'pop', 'electro_house', 'j_pop']",['pop'],"['electronic', 'electro_house', 'j_pop']",4,1,3,130.0745,32.5186,1,0,False
TVXQ!,TVXQ!,6nVMMEywS5Y4tsHPKx1nIo,5AFTg1H2Xc2wXTjz40FXhv,Superstar,single,2011.0,0.3478,2010,https://open.spotify.com/album/5AFTg1H2Xc2wXTjz40FXhv,https://i.scdn.co/image/ab67616d0000b2732a03c764d0d2bb3f5371fef8,fuzzy,66.43,"['electronic', 'hip_hop']","['trip_hop', 'synth-pop']","['electronic', 'hip_hop', 'trip_hop', 'synth-pop']",[],"['electronic', 'hip_hop', 'trip_hop', 'synth-pop']",4,0,4,645.0502,161.2626,1,0,False
TVXQ!,TVXQ!,6nVMMEywS5Y4tsHPKx1nIo,0Xdww2RH432K0Y0ccT6WVS,Why?(Keep Your Head Down),single,2011.0,0.3478,2010,https://open.spotify.com/album/0Xdww2RH432K0Y0ccT6WVS,https://i.scdn.co/image/ab67616d0000b273a1404f93d2dd6bc056809ee4,fuzzy,66.43,['electronic'],"['synth-pop', 'tech_house']","['electronic', 'synth-pop', 'tech_house']",[],"['electronic', 'synth-pop', 'tech_house']",3,0,3,639.9812,213.3271,1,0,False
TVXQ!,TVXQ!,6nVMMEywS5Y4tsHPKx1nIo,4qIxVpGQdjpO8DhXaHcNHy,동방의 투혼,single,2006.0,0.1304,2000,https://open.spotify.com/album/4qIxVpGQdjpO8DhXaHcNHy,https://i.scdn.co/image/ab67616d0000b27386bcc65a2757280defe25796,fuzzy,77.5,['pop'],['k_pop'],"['pop', 'k_pop']","['pop', 'k_pop']",[],2,2,0,2.1831,1.0916,1,0,False
TVXQ!,TVXQ!,6nVMMEywS5Y4tsHPKx1nIo,75D7tsP1Lv8FIkTDHqgR2H,Hi Ya Ya 여름날,single,2005.0,0.087,2000,https://open.spotify.com/album/75D7tsP1Lv8FIkTDHqgR2H,https://i.scdn.co/image/ab67616d0000b2738d3ec11336ba92b0a111d7ff,exact,100.0,['pop'],['k_pop'],"['pop', 'k_pop']","['pop', 'k_pop']",[],2,2,0,2.1831,1.0916,1,0,False
TVXQ!,TVXQ!,6nVMMEywS5Y4tsHPKx1nIo,0w5txVTeRhc8BfA7dg4noa,The Way U Are,single,2004.0,0.0435,2000,https://open.spotify.com/album/0w5txVTeRhc8BfA7dg4noa,https://i.scdn.co/image/ab67616d0000b27319169605bea4e4b7497c4f2b,fuzzy,71.36,['pop'],['k_pop'],"['pop', 'k_pop']","['pop', 'k_pop']",[],2,2,0,2.1831,1.0916,1,0,False
Lee Hyori,Lee Hyori,4FjoOJAndC0s9ZJUo6VGc5,13WypOYwpnsGxffpzukMyB,BLACK,album,2017.0,0.6087,2010,https://open.spotify.com/album/13WypOYwpnsGxffpzukMyB,https://i.scdn.co/image/ab67616d0000b2731fbe27a8a992f8e8f7dcf90b,exact,100.0,"['electronic', 'funk_/_soul', 'pop']","['ballad', 'dance_pop', 'soul', 'k_pop']","['electronic', 'funk_/_soul', 'pop', 'ballad', 'dance_pop', 'soul', 'k_pop']","['pop', 'k_pop']","['electronic', 'funk_/_soul', 'ballad', 'dance_pop', 'soul']",7,2,5,170.7773,24.3968,0,1,False
Lee Hyori,Lee Hyori,4FjoOJAndC0s9ZJUo6VGc5,7Bhg7EOxBASEzLV3U6DnjK,MONOCHROME,album,2013.0,0.4348,2010,https://open.spotify.com/album/7Bhg7EOxBASEzLV3U6DnjK,https://i.scdn.co/image/ab67616d0000b273aa0046f64f34c168d3acb760,exact,100.0,['pop'],['k_pop'],"['pop', 'k_pop']","['pop', 'k_pop']",[],2,2,0,2.1831,1.0916,0,1,False
Lee Hyori,Lee Hyori,4FjoOJAndC0s9ZJUo6VGc5,1jKUbuARF45IKLWVpOI6ul,It′s Hyorish,album,2008.0,0.2174,2000,https://open.spotify.com/album/1jKUbuARF45IKLWVpOI6ul,https://i.scdn.co/image/ab67616d0000b273b6b4c2c96ecdaa27efb61946,exact,93.31,"['funk_/_soul', 'pop']",['k_pop'],"['funk_/_soul', 'pop', 'k_pop']","['pop', 'k_pop']",['funk_/_soul'],3,2,1,17.8631,5.9544,0,1,False
Lee Hyori,Lee Hyori,4FjoOJAndC0s9ZJUo6VGc5,7kJuyUX2RDCkQG3aYSt2LD,Dark Angel,album,2006.0,0.1304,2000,https://open.spotify.com/album/7kJuyUX2RDCkQG3aYSt2LD,https://i.scdn.co/image/ab67616d0000b273443c48408e998b6b71504d19,exact,85.0,['pop'],['k_pop'],"['pop', 'k_pop']","['pop', 'k_pop']",[],2,2,0,2.1831,1.0916,0,1,False
Lee Hyori,Lee Hyori,4FjoOJAndC0s9ZJUo6VGc5,2uTwUONoLUhlpM6r324B2b,Stylish…,album,2003.0,0.0,2000,https://open.spotify.com/album/2uTwUONoLUhlpM6r324B2b,https://i.scdn.co/image/ab67616d0000b273a1940460d10e18c6db8366f7,fuzzy,71.25,"['hip_hop', 'funk_/_soul', 'pop']","['k_pop', 'pop_rap', 'ballad', 'contemporary_r&b']","['hip_hop', 'funk_/_soul', 'pop', 'k_pop', 'pop_rap', 'ballad', 'contemporary_r&b']","['pop', 'k_pop']","['hip_hop', 'funk_/_soul', 'pop_rap', 'ballad', 'contemporary_r&b']",7,2,5,71.6845,10.2406,0,1,False
IU,IU,3HqSLMAZ3g3d5poNaI7GOU,5V8n6fqyAPxvFTibPhQVcp,Palette,album,2017.0,0.6087,2010,https://open.spotify.com/album/5V8n6fqyAPxvFTibPhQVcp,https://i.scdn.co/image/ab67616d0000b273c06f0e8b33ac2d246158253e,exact,90.0,['pop'],"['ballad', 'k_pop']","['pop', 'ballad', 'k_pop']","['pop', 'k_pop']",['ballad'],3,2,1,21.4618,7.1539,0,1,False
IU,IU,3HqSLMAZ3g3d5poNaI7GOU,56MqewtCUq5bplrqEYTVL0,Modern Times – Epilogue,album,2013.0,0.4348,2010,https://open.spotify.com/album/56MqewtCUq5bplrqEYTVL0,https://i.scdn.co/image/ab67616d0000b27315b8cef21bf4482d56c15614,fuzzy,67.95,['pop'],['k_pop'],"['pop', 'k_pop']","['pop', 'k_pop']",[],2,2,0,2.1831,1.0916,0,1,False
IU,IU,3HqSLMAZ3g3d5poNaI7GOU,2QcuXvQBWv1ZKyQtEhLbFe,Modern Times,album,2013.0,0.4348,2010,https://open.spotify.com/album/2QcuXvQBWv1ZKyQtEhLbFe,https://i.scdn.co/image/ab67616d0000b2734897a7925914a3a10ce68c31,exact,90.0,"['electronic', 'jazz', 'latin', 'pop', 'folk,_world,_&_country']","['bossa_nova', 'k_pop']","['electronic', 'jazz', 'latin', 'pop', 'folk,_world,_&_country', 'bossa_nova', 'k_pop']","['pop', 'k_pop']","['electronic', 'jazz', 'latin', 'folk,_world,_&_country', 'bossa_nova']",7,2,5,2212.1243,316.0178,0,1,False
IU,IU,3HqSLMAZ3g3d5poNaI7GOU,149BHv6qAyMgJ483vPi77C,Last Fantasy,album,2011.0,0.3478,2010,https://open.spotify.com/album/149BHv6qAyMgJ483vPi77C,https://i.scdn.co/image/ab67616d0000b273bf5f4138ebc9ba3fd6f0cde9,exact,90.0,['pop'],"['ballad', 'chanson', 'rhythm_&_blues', 'tango', 'k_pop']","['pop', 'ballad', 'chanson', 'rhythm_&_blues', 'tango', 'k_pop']","['pop', 'k_pop']","['ballad', 'chanson', 'rhythm_&_blues', 'tango']",6,2,4,1883.4618,313.9103,0,1,False
IU,IU,3HqSLMAZ3g3d5poNaI7GOU,2xJZSgxlKvcOCR2aLA8Pq2,Growing Up,album,2009.0,0.2609,2000,https://open.spotify.com/album/2xJZSgxlKvcOCR2aLA8Pq2,https://i.scdn.co/image/ab67616d0000b273e7a1b343609bb3218a7108c3,exact,90.0,['pop'],['k_pop'],"['pop', 'k_pop']","['pop', 'k_pop']",[],2,2,0,2.1831,1.0916,0,1,False
IU,IU,3HqSLMAZ3g3d5poNaI7GOU,08CvAj58nVMpq1Nw7T6maj,The Winning,single,2024.0,0.913,2020,https://open.spotify.com/album/08CvAj58nVMpq1Nw7T6maj,https://i.scdn.co/image/ab67616d0000b2735048ed32fafe7b9a50d0e410,exact,85.0,['pop'],['k_pop'],"['pop', 'k_pop']","['pop', 'k_pop']",[],2,2,0,2.1831,1.0916,1,0,False
IU,IU,3HqSLMAZ3g3d5poNaI7GOU,7ed3SknyDqNz4XkPHNu4Fb,strawberry moon,single,2021.0,0.7826,2020,https://open.spotify.com/album/7ed3SknyDqNz4XkPHNu4Fb,https://i.scdn.co/image/ab67616d0000b273c4d4ade422fa74b8512fd85e,exact,90.0,['pop'],['k_pop'],"['pop', 'k_pop']","['pop', 'k_pop']",[],2,2,0,2.1831,1.0916,1,0,False
IU,IU,3HqSLMAZ3g3d5poNaI7GOU,5vJNAlQeTf9lsulO1YlmSt,eight,single,2020.0,0.7391,2020,https://open.spotify.com/album/5vJNAlQeTf9lsulO1YlmSt,https://i.scdn.co/image/ab67616d0000b273c63be04ae902b1da7a54d247,fuzzy,72.86,['pop'],['k_pop'],"['pop', 'k_pop']","['pop', 'k_pop']",[],2,2,0,2.1831,1.0916,1,0,False
IU,IU,3HqSLMAZ3g3d5poNaI7GOU,2xEH7SRzJq7LgA0fCtTlxH,Love poem,single,2019.0,0.6957,2010,https://open.spotify.com/album/2xEH7SRzJq7LgA0fCtTlxH,https://i.scdn.co/image/ab67616d0000b273b658276cd9884ef6fae69033,exact,85.0,['pop'],['k_pop'],"['pop', 'k_pop']","['pop', 'k_pop']",[],2,2,0,2.1831,1.0916,1,0,False
IU,IU,3HqSLMAZ3g3d5poNaI7GOU,3rMvAe0zU0pJRnRa7Rfc1U,CHAT-SHIRE,single,2015.0,0.5217,2010,https://open.spotify.com/album/3rMvAe0zU0pJRnRa7Rfc1U,https://i.scdn.co/image/ab67616d0000b2736a0cfc4171d2a0cb9dc7c9ab,exact,85.0,['pop'],['k_pop'],"['pop', 'k_pop']","['pop', 'k_pop']",[],2,2,0,2.1831,1.0916,1,0,False
IU,IU,3HqSLMAZ3g3d5poNaI7GOU,6NIPCqBdQbvGhRVy9fT0lG,Monday Afternoon,single,2013.0,0.4348,2010,https://open.spotify.com/album/6NIPCqBdQbvGhRVy9fT0lG,https://i.scdn.co/image/ab67616d0000b273db9d67724e4876546ade1f95,exact,90.0,['pop'],['j_pop'],"['pop', 'j_pop']",['pop'],['j_pop'],2,1,1,7.5333,3.7666,1,0,False
IU,IU,3HqSLMAZ3g3d5poNaI7GOU,5jh5PwcN94jyt8VGoEXtLJ,Can You Hear Me?,single,2013.0,0.4348,2010,https://open.spotify.com/album/5jh5PwcN94jyt8VGoEXtLJ,https://i.scdn.co/image/ab67616d0000b27349094f6be143c2fcc182aa5a,exact,85.0,['pop'],['j_pop'],"['pop', 'j_pop']",['pop'],['j_pop'],2,1,1,7.5333,3.7666,1,0,False
IU,IU,3HqSLMAZ3g3d5poNaI7GOU,4X3BXIkaCqwM7IovwVzub1,LOEN TREE Summer Story,single,2012.0,0.3913,2010,https://open.spotify.com/album/4X3BXIkaCqwM7IovwVzub1,https://i.scdn.co/image/ab67616d0000b2739fc2c9a82ca335e00e2b05ae,fuzzy,75.0,['pop'],['k_pop'],"['pop', 'k_pop']","['pop', 'k_pop']",[],2,2,0,2.1831,1.0916,1,0,False
IU,IU,3HqSLMAZ3g3d5poNaI7GOU,1GCYPyUWlOVp9lfz3iTu6A,Good Day (Japanese Version),single,2012.0,0.3913,2010,https://open.spotify.com/album/1GCYPyUWlOVp9lfz3iTu6A,https://i.scdn.co/image/ab67616d0000b2737b65cfac580589bc8aa361b5,fuzzy,66.82,['pop'],['j_pop'],"['pop', 'j_pop']",['pop'],['j_pop'],2,1,1,7.5333,3.7666,1,0,False
IU,IU,3HqSLMAZ3g3d5poNaI7GOU,79725WrSou2C9RrEUxClUf,REAL+,single,2011.0,0.3478,2010,https://open.spotify.com/album/79725WrSou2C9RrEUxClUf,https://i.scdn.co/image/ab67616d0000b27335dbb67e8e2d12ab91d449b5,exact,85.0,['pop'],"['ballad', 'k_pop']","['pop', 'ballad', 'k_pop']","['pop', 'k_pop']",['ballad'],3,2,1,21.4618,7.1539,1,0,False
IU,IU,3HqSLMAZ3g3d5poNaI7GOU,4WY1pPvmP9sBlVICuPxBQh,REAL,single,2010.0,0.3043,2010,https://open.spotify.com/album/4WY1pPvmP9sBlVICuPxBQh,https://i.scdn.co/image/ab67616d0000b27315cf3110f19687b1a24943d1,exact,85.0,['pop'],['k_pop'],"['pop', 'k_pop']","['pop', 'k_pop']",[],2,2,0,2.1831,1.0916,1,0,False
IU,IU,3HqSLMAZ3g3d5poNaI7GOU,5CqhdN6fFBPN5JcNiU1uyF,Lost and Found,single,2008.0,0.2174,2000,https://open.spotify.com/album/5CqhdN6fFBPN5JcNiU1uyF,https://i.scdn.co/image/ab67616d0000b273a1bb22f3ae0fe8b97bda6931,exact,85.0,['pop'],"['vocal', 'ballad', 'k_pop']","['pop', 'vocal', 'ballad', 'k_pop']","['pop', 'k_pop']","['vocal', 'ballad']",4,2,2,315.4618,78.8654,1,0,False
HyunA,HyunA,3UwlejyX2b458azZ7eCnHb,10BUVVtnO0rZlbQBPJTrfj,Attitude,single,2024.0,0.913,2020,https://open.spotify.com/album/10BUVVtnO0rZlbQBPJTrfj,https://i.scdn.co/image/ab67616d0000b273d3ec445f902107a725eab6b2,exact,100.0,['pop'],['k_pop'],"['pop', 'k_pop']","['pop', 'k_pop']",[],2,2,0,2.1831,1.0916,1,0,False
HyunA,HyunA,3UwlejyX2b458azZ7eCnHb,6DRfmdNDiTsTVACn9gavR0,I'm Not Cool,single,2021.0,0.7826,2020,https://open.spotify.com/album/6DRfmdNDiTsTVACn9gavR0,https://i.scdn.co/image/ab67616d0000b27332ba888c8c9b19cca68ca58d,exact,100.0,['pop'],['k_pop'],"['pop', 'k_pop']","['pop', 'k_pop']",[],2,2,0,2.1831,1.0916,1,0,False
HyunA,HyunA,3UwlejyX2b458azZ7eCnHb,6WEd55Evvtz5ZTMogdK8Uu,FLOWER SHOWER,single,2019.0,0.6957,2010,https://open.spotify.com/album/6WEd55Evvtz5ZTMogdK8Uu,https://i.scdn.co/image/ab67616d0000b273a2df18ac09a56166a5ed4ecb,exact,100.0,['pop'],['k_pop'],"['pop', 'k_pop']","['pop', 'k_pop']",[],2,2,0,2.1831,1.0916,1,0,False
HyunA,HyunA,3UwlejyX2b458azZ7eCnHb,01Dv8rPO2AvHogy6uDkb1t,Lip & Hip,single,2017.0,0.6087,2010,https://open.spotify.com/album/01Dv8rPO2AvHogy6uDkb1t,https://i.scdn.co/image/ab67616d0000b2732088d27bcbb62af9a5df3ab5,exact,100.0,['pop'],['k_pop'],"['pop', 'k_pop']","['pop', 'k_pop']",[],2,2,0,2.1831,1.0916,1,0,False
HyunA,HyunA,3UwlejyX2b458azZ7eCnHb,1CIrwYW5dQ8APIX7IaAOAU,Following,single,2017.0,0.6087,2010,https://open.spotify.com/album/1CIrwYW5dQ8APIX7IaAOAU,https://i.scdn.co/image/ab67616d0000b27332ec50a56d6f69bfaf810ae2,exact,100.0,['pop'],['k_pop'],"['pop', 'k_pop']","['pop', 'k_pop']",[],2,2,0,2.1831,1.0916,1,0,False
HyunA,HyunA,3UwlejyX2b458azZ7eCnHb,7MxQlxbJRYm9mZr8spbBke,A`wesome,single,2016.0,0.5652,2010,https://open.spotify.com/album/7MxQlxbJRYm9mZr8spbBke,https://i.scdn.co/image/ab67616d0000b2730d593c318b2fbaf6e37a9414,exact,94.38,"['hip_hop', 'pop']","['pop_rap', 'k_pop']","['hip_hop', 'pop', 'pop_rap', 'k_pop']","['pop', 'k_pop']","['hip_hop', 'pop_rap']",4,2,2,21.2521,5.313,1,0,False
HyunA,HyunA,3UwlejyX2b458azZ7eCnHb,2lCP8HWiKphRT1pmtn0zYw,A+,single,2015.0,0.5217,2010,https://open.spotify.com/album/2lCP8HWiKphRT1pmtn0zYw,https://i.scdn.co/image/ab67616d0000b273e93846f5423feb3d0961fab1,exact,80.0,"['hip_hop', 'funk_/_soul', 'pop']","['pop_rap', 'contemporary_r&b', 'k_pop']","['hip_hop', 'funk_/_soul', 'pop', 'pop_rap', 'contemporary_r&b', 'k_pop']","['pop', 'k_pop']","['hip_hop', 'funk_/_soul', 'pop_rap', 'contemporary_r&b']",6,2,4,52.4058,8.7343,1,0,False
HyunA,HyunA,3UwlejyX2b458azZ7eCnHb,78Ei6os3WDar0sgVlGz0yJ,A Talk,single,2014.0,0.4783,2010,https://open.spotify.com/album/78Ei6os3WDar0sgVlGz0yJ,https://i.scdn.co/image/ab67616d0000b273399116ce6aae0a8800efc427,exact,100.0,"['electronic', 'hip_hop', 'pop']","['dance_pop', 'pop_rap', 'k_pop']","['electronic', 'hip_hop', 'pop', 'dance_pop', 'pop_rap', 'k_pop']","['pop', 'k_pop']","['electronic', 'hip_hop', 'dance_pop', 'pop_rap']",6,2,4,37.2876,6.2146,1,0,False
HyunA,HyunA,3UwlejyX2b458azZ7eCnHb,3VeAhTrnrIzZTJ6qEsByAg,Melting,single,2012.0,0.3913,2010,https://open.spotify.com/album/3VeAhTrnrIzZTJ6qEsByAg,https://i.scdn.co/image/ab67616d0000b2732de11df9d26af9f011ef8453,exact,100.0,['pop'],['k_pop'],"['pop', 'k_pop']","['pop', 'k_pop']",[],2,2,0,2.1831,1.0916,1,0,False
HyunA,HyunA,3UwlejyX2b458azZ7eCnHb,3ejtzmi1xzQMl8JtJruZPp,Bubble Pop!,single,2011.0,0.3478,2010,https://open.spotify.com/album/3ejtzmi1xzQMl8JtJruZPp,https://i.scdn.co/image/ab67616d0000b2732bf83c1a01156fb93b564160,exact,100.0,['pop'],['k_pop'],"['pop', 'k_pop']","['pop', 'k_pop']",[],2,2,0,2.1831,1.0916,1,0,False
HyunA,HyunA,3UwlejyX2b458azZ7eCnHb,0qtB7YKqjdu1F9uwKgE29L,Change,single,2010.0,0.3043,2010,https://open.spotify.com/album/0qtB7YKqjdu1F9uwKgE29L,https://i.scdn.co/image/ab67616d0000b273e66a7f527f45645b1cea799a,exact,100.0,"['electronic', 'hip_hop', 'pop']","['pop_rap', 'dance_pop', 'k_pop']","['electronic', 'hip_hop', 'pop', 'pop_rap', 'dance_pop', 'k_pop']","['pop', 'k_pop']","['electronic', 'hip_hop', 'pop_rap', 'dance_pop']",6,2,4,37.2876,6.2146,1,0,False
AILEE,AILEE,3uGFTJ7JMllvhgGpumieHF,0qocbypKL5iOqhvbt3n3uo,AMY,album,2021.0,0.7826,2020,https://open.spotify.com/album/0qocbypKL5iOqhvbt3n3uo,https://i.scdn.co/image/ab67616d0000b273296a78350aabdf528a2a25ab,fuzzy,68.5,['pop'],['k_pop'],"['pop', 'k_pop']","['pop', 'k_pop']",[],2,2,0,2.1831,1.0916,0,1,False
AILEE,AILEE,3uGFTJ7JMllvhgGpumieHF,7klpmNtYwM5Q0fCRIdC21I,butterFLY,album,2019.0,0.6957,2010,https://open.spotify.com/album/7klpmNtYwM5Q0fCRIdC21I,https://i.scdn.co/image/ab67616d0000b273bc8e5c838dd8564b5a4f1453,exact,100.0,['pop'],['k_pop'],"['pop', 'k_pop']","['pop', 'k_pop']",[],2,2,0,2.1831,1.0916,0,1,False
AILEE,AILEE,3uGFTJ7JMllvhgGpumieHF,17cmXlzTqtUkGwxD58h83C,VIVID,album,2015.0,0.5217,2010,https://open.spotify.com/album/17cmXlzTqtUkGwxD58h83C,https://i.scdn.co/image/ab67616d0000b273bfd57cb867a436ca3f75674f,exact,100.0,['pop'],[],['pop'],['pop'],[],1,1,0,1.0,1.0,0,1,False
AILEE,AILEE,3uGFTJ7JMllvhgGpumieHF,2rfrtvdyqwMHPLrwUnqMQA,One Day,single,2024.0,0.913,2020,https://open.spotify.com/album/2rfrtvdyqwMHPLrwUnqMQA,https://i.scdn.co/image/ab67616d0000b2739f2fbe922b0d0c67021efc3f,exact,93.16,['pop'],"['ballad', 'k_pop']","['pop', 'ballad', 'k_pop']","['pop', 'k_pop']",['ballad'],3,2,1,21.4618,7.1539,1,0,False
AILEE,AILEE,3uGFTJ7JMllvhgGpumieHF,2CMfMvcjtBXHT3XhLCvgyH,LOVIN',single,2021.0,0.7826,2020,https://open.spotify.com/album/2CMfMvcjtBXHT3XhLCvgyH,https://i.scdn.co/image/ab67616d0000b27320cf17fde241672e8af9e2cd,exact,100.0,['pop'],['k_pop'],"['pop', 'k_pop']","['pop', 'k_pop']",[],2,2,0,2.1831,1.0916,1,0,False
AILEE,AILEE,3uGFTJ7JMllvhgGpumieHF,4bDefBti0fvQBzZqyWJmaJ,I'm,single,2020.0,0.7391,2020,https://open.spotify.com/album/4bDefBti0fvQBzZqyWJmaJ,https://i.scdn.co/image/ab67616d0000b273bc3188235afc3d7e45852d0a,exact,100.0,['pop'],['k_pop'],"['pop', 'k_pop']","['pop', 'k_pop']",[],2,2,0,2.1831,1.0916,1,0,False
AILEE,AILEE,3uGFTJ7JMllvhgGpumieHF,7AVQNY5UwGBGm38KMZfLLF,A New Empire,single,2016.0,0.5652,2010,https://open.spotify.com/album/7AVQNY5UwGBGm38KMZfLLF,https://i.scdn.co/image/ab67616d0000b27333f50aca818c35fce840b8fc,exact,100.0,['pop'],['k_pop'],"['pop', 'k_pop']","['pop', 'k_pop']",[],2,2,0,2.1831,1.0916,1,0,False
AILEE,AILEE,3uGFTJ7JMllvhgGpumieHF,33HQrjDLHMCeA5lalv1kHI,Magazine,single,2014.0,0.4783,2010,https://open.spotify.com/album/33HQrjDLHMCeA5lalv1kHI,https://i.scdn.co/image/ab67616d0000b273adb06de652e3c3f4dbbadcea,fuzzy,78.23,['pop'],['k_pop'],"['pop', 'k_pop']","['pop', 'k_pop']",[],2,2,0,2.1831,1.0916,1,0,False
AILEE,AILEE,3uGFTJ7JMllvhgGpumieHF,7LAxFe8bbiNDWWDtMTL0hC,A's Doll House,single,2013.0,0.4348,2010,https://open.spotify.com/album/7LAxFe8bbiNDWWDtMTL0hC,https://i.scdn.co/image/ab67616d0000b273915a7913d414a9fa441dc8a4,exact,100.0,['pop'],['k_pop'],"['pop', 'k_pop']","['pop', 'k_pop']",[],2,2,0,2.1831,1.0916,1,0,False
AILEE,AILEE,3uGFTJ7JMllvhgGpumieHF,4jXP8b22XeD3dyUX3JCMfd,Invitation,single,2012.0,0.3913,2010,https://open.spotify.com/album/4jXP8b22XeD3dyUX3JCMfd,https://i.scdn.co/image/ab67616d0000b273ae46d76700c51479a66e8c34,fuzzy,76.95,"['hip_hop', 'rock', 'pop']",['k_pop'],"['hip_hop', 'rock', 'pop', 'k_pop']","['pop', 'k_pop']","['hip_hop', 'rock']",4,2,2,27.8837,6.9709,1,0,False
AILEE,AILEE,3uGFTJ7JMllvhgGpumieHF,7ufUDUerN7wKhTTQ6yefmy,Heaven,single,2012.0,0.3913,2010,https://open.spotify.com/album/7ufUDUerN7wKhTTQ6yefmy,https://i.scdn.co/image/ab67616d0000b27367c583ebc17ee01100828eba,exact,100.0,['pop'],['k_pop'],"['pop', 'k_pop']","['pop', 'k_pop']",[],2,2,0,2.1831,1.0916,1,0,False
AOA,AOA,54gWVQFHf8IIqbjxAoOarN,4kyXI4CACtU6TzTyhTa4dL,Ace of Angels,album,2015.0,0.5217,2010,https://open.spotify.com/album/4kyXI4CACtU6TzTyhTa4dL,https://i.scdn.co/image/ab67616d0000b2737b05ff669e7218d1feb70c06,exact,93.75,['pop'],['k_pop'],"['pop', 'k_pop']","['pop', 'k_pop']",[],2,2,0,2.1831,1.0916,0,1,False
AOA,AOA,54gWVQFHf8IIqbjxAoOarN,61mlBNUkU8QKvYOfTiwFR5,NEW MOON,single,2019.0,0.6957,2010,https://open.spotify.com/album/61mlBNUkU8QKvYOfTiwFR5,https://i.scdn.co/image/ab67616d0000b273f6afa5320f032fa38eedcaf0,exact,88.75,['pop'],['k_pop'],"['pop', 'k_pop']","['pop', 'k_pop']",[],2,2,0,2.1831,1.0916,1,0,False
AOA,AOA,54gWVQFHf8IIqbjxAoOarN,3dCzh2hx0xzXFBUmzQQeoJ,BINGLE BANGLE,single,2018.0,0.6522,2010,https://open.spotify.com/album/3dCzh2hx0xzXFBUmzQQeoJ,https://i.scdn.co/image/ab67616d0000b273da645df1f66725e1a066c807,exact,88.75,['pop'],['k_pop'],"['pop', 'k_pop']","['pop', 'k_pop']",[],2,2,0,2.1831,1.0916,1,0,False
AOA,AOA,54gWVQFHf8IIqbjxAoOarN,4qELI41ii8Beuy8Dx9LMiY,Good Luck,single,2016.0,0.5652,2010,https://open.spotify.com/album/4qELI41ii8Beuy8Dx9LMiY,https://i.scdn.co/image/ab67616d0000b273d83421fe880e87d8644cce95,exact,93.75,['pop'],[],['pop'],['pop'],[],1,1,0,1.0,1.0,1,0,False
AOA,AOA,54gWVQFHf8IIqbjxAoOarN,6vZII6fboicE9nQEJthHyH,愛をちょうだい,single,2016.0,0.5652,2010,https://open.spotify.com/album/6vZII6fboicE9nQEJthHyH,https://i.scdn.co/image/ab67616d0000b27328764c0ba628803bcba650c5,exact,93.75,['pop'],['k_pop'],"['pop', 'k_pop']","['pop', 'k_pop']",[],2,2,0,2.1831,1.0916,1,0,False
AOA,AOA,54gWVQFHf8IIqbjxAoOarN,02Kw8lnvvpZNgzKlbsusjK,胸キュン,single,2015.0,0.5217,2010,https://open.spotify.com/album/02Kw8lnvvpZNgzKlbsusjK,https://i.scdn.co/image/ab67616d0000b2734b11698f8e74e515bac480ce,exact,93.75,['pop'],[],['pop'],['pop'],[],1,1,0,1.0,1.0,1,0,False
AOA,AOA,54gWVQFHf8IIqbjxAoOarN,1VTC6SmzvyPnWsEuQ0clrb,Heart Attack,single,2015.0,0.5217,2010,https://open.spotify.com/album/1VTC6SmzvyPnWsEuQ0clrb,https://i.scdn.co/image/ab67616d0000b2733bab219d2c91bbfc6fe6fec9,exact,88.75,"['hip_hop', 'pop']",['k_pop'],"['hip_hop', 'pop', 'k_pop']","['pop', 'k_pop']",['hip_hop'],3,2,1,7.2521,2.4174,1,0,False
AOA,AOA,54gWVQFHf8IIqbjxAoOarN,7bO2l1eIfOzl7IDVMtvJNv,Like a Cat,single,2015.0,0.5217,2010,https://open.spotify.com/album/7bO2l1eIfOzl7IDVMtvJNv,https://i.scdn.co/image/ab67616d0000b27369907164acb96e5d89c0b0c1,exact,88.75,['pop'],['k_pop'],"['pop', 'k_pop']","['pop', 'k_pop']",[],2,2,0,2.1831,1.0916,1,0,False
AOA,AOA,54gWVQFHf8IIqbjxAoOarN,73FxNaURd7OMUc7LllmsKR,ミニスカート,single,2014.0,0.4783,2010,https://open.spotify.com/album/73FxNaURd7OMUc7LllmsKR,https://i.scdn.co/image/ab67616d0000b27384af2cb24466280ff4f727b8,fuzzy,71.25,['pop'],['j_pop'],"['pop', 'j_pop']",['pop'],['j_pop'],2,1,1,7.5333,3.7666,1,0,False
AOA,AOA,54gWVQFHf8IIqbjxAoOarN,6esB2DBt46m38ZycDPsn8D,MINISKIRT,single,2014.0,0.4783,2010,https://open.spotify.com/album/6esB2DBt46m38ZycDPsn8D,https://i.scdn.co/image/ab67616d0000b27336adcea4e93245f1fec547df,fuzzy,78.75,['pop'],['j_pop'],"['pop', 'j_pop']",['pop'],['j_pop'],2,1,1,7.5333,3.7666,1,0,False
AOA,AOA,54gWVQFHf8IIqbjxAoOarN,5NfbjxMgxzLUBGlKlfTfqJ,RED MOTION,single,2013.0,0.4348,2010,https://open.spotify.com/album/5NfbjxMgxzLUBGlKlfTfqJ,https://i.scdn.co/image/ab67616d0000b273c99e488150a6e4248ded44ff,fuzzy,71.25,['pop'],['k_pop'],"['pop', 'k_pop']","['pop', 'k_pop']",[],2,2,0,2.1831,1.0916,1,0,False
AOA,AOA,54gWVQFHf8IIqbjxAoOarN,3WA0CxSimy8XevTh46Qh7L,MOYA,single,2013.0,0.4348,2010,https://open.spotify.com/album/3WA0CxSimy8XevTh46Qh7L,https://i.scdn.co/image/ab67616d0000b273e525c6b4e59fdda9e9531315,exact,82.5,['pop'],['k_pop'],"['pop', 'k_pop']","['pop', 'k_pop']",[],2,2,0,2.1831,1.0916,1,0,False
AOA,AOA,54gWVQFHf8IIqbjxAoOarN,69PfHn5NrWV8tgPs3WrBHC,Angels` Story,single,2012.0,0.3913,2010,https://open.spotify.com/album/69PfHn5NrWV8tgPs3WrBHC,https://i.scdn.co/image/ab67616d0000b2734db42756ce764b5b33b51559,fuzzy,73.3,['pop'],['k_pop'],"['pop', 'k_pop']","['pop', 'k_pop']",[],2,2,0,2.1831,1.0916,1,0,False
TAEYANG,TAEYANG,6udveWUgX4vu75FF0DTrXV,6uMu4poce5OdMd1HYglZux,Down to Earth,album,2023.0,0.8696,2020,https://open.spotify.com/album/6uMu4poce5OdMd1HYglZux,https://i.scdn.co/image/ab67616d0000b27346313223adf2b6d726388328,exact,100.0,['pop'],['k_pop'],"['pop', 'k_pop']","['pop', 'k_pop']",[],2,2,0,2.1831,1.0916,0,1,False
TAEYANG,TAEYANG,6udveWUgX4vu75FF0DTrXV,4AE3KNhHuzlTURK6c77eaR,WHITE NIGHT,album,2017.0,0.6087,2010,https://open.spotify.com/album/4AE3KNhHuzlTURK6c77eaR,https://i.scdn.co/image/ab67616d0000b27318f3c5072227192d983ef4c5,exact,100.0,"['funk_/_soul', 'pop']","['soul', 'k_pop']","['funk_/_soul', 'pop', 'soul', 'k_pop']","['pop', 'k_pop']","['funk_/_soul', 'soul']",4,2,2,135.4631,33.8658,0,1,False
TAEYANG,TAEYANG,6udveWUgX4vu75FF0DTrXV,1Y9so4jq4t4taAHu0VdKX3,RISE,album,2014.0,0.4783,2010,https://open.spotify.com/album/1Y9so4jq4t4taAHu0VdKX3,https://i.scdn.co/image/ab67616d0000b273e1ceb97165340ef92392b948,exact,100.0,"['hip_hop', 'pop']",['k_pop'],"['hip_hop', 'pop', 'k_pop']","['pop', 'k_pop']",['hip_hop'],3,2,1,7.2521,2.4174,0,1,False
TAEYANG,TAEYANG,6udveWUgX4vu75FF0DTrXV,42BVvYE1FLO8mQH0ZJn4de,Solar International,album,2010.0,0.3043,2010,https://open.spotify.com/album/42BVvYE1FLO8mQH0ZJn4de,https://i.scdn.co/image/ab67616d0000b273d17ca02a739a9a24933cf805,exact,100.0,"['hip_hop', 'pop']","['rnb/swing', 'k_pop']","['hip_hop', 'pop', 'rnb/swing', 'k_pop']","['pop', 'k_pop']","['hip_hop', 'rnb/swing']",4,2,2,137.9188,34.4797,0,1,False
TAEYANG,TAEYANG,6udveWUgX4vu75FF0DTrXV,2rV8MCYJTfvuvXHZsBH12Z,Solar,album,2010.0,0.3043,2010,https://open.spotify.com/album/2rV8MCYJTfvuvXHZsBH12Z,https://i.scdn.co/image/ab67616d0000b2738613954b440d4b05463e3ab0,exact,100.0,"['electronic', 'hip_hop', 'pop']","['pop_rap', 'k_pop']","['electronic', 'hip_hop', 'pop', 'pop_rap', 'k_pop']","['pop', 'k_pop']","['electronic', 'hip_hop', 'pop_rap']",5,2,3,26.1933,5.2387,0,1,False
TAEYANG,TAEYANG,6udveWUgX4vu75FF0DTrXV,3DYbCKCwYoFC7szurLQhyN,RINGA LINGA,single,2014.0,0.4783,2010,https://open.spotify.com/album/3DYbCKCwYoFC7szurLQhyN,https://i.scdn.co/image/ab67616d0000b273f7626c362533206ab2d64181,fuzzy,67.0,"['hip_hop', 'pop']",['k_pop'],"['hip_hop', 'pop', 'k_pop']","['pop', 'k_pop']",['hip_hop'],3,2,1,7.2521,2.4174,1,0,False
TAEYANG,TAEYANG,6udveWUgX4vu75FF0DTrXV,2ZXn6F8foTZ9aM4wIQRiiv,"EYES, NOSE, LIPS",single,2014.0,0.4783,2010,https://open.spotify.com/album/2ZXn6F8foTZ9aM4wIQRiiv,https://i.scdn.co/image/ab67616d0000b273a7114e2e7e666db204fe2c02,fuzzy,71.67,"['electronic', 'hip_hop', 'pop']","['pop_rap', 'electro', 'k_pop']","['electronic', 'hip_hop', 'pop', 'pop_rap', 'electro', 'k_pop']","['pop', 'k_pop']","['electronic', 'hip_hop', 'pop_rap', 'electro']",6,2,4,57.1407,9.5234,1,0,False
TAEYANG,TAEYANG,6udveWUgX4vu75FF0DTrXV,1FGkGm47uEd2L26Ff3ILmK,RINGA LINGA (Shockbit Remix),single,2013.0,0.4348,2010,https://open.spotify.com/album/1FGkGm47uEd2L26Ff3ILmK,https://i.scdn.co/image/ab67616d0000b2733e1cb561e9b679cae84b07a6,exact,100.0,"['electronic', 'hip_hop', 'pop']",['k_pop'],"['electronic', 'hip_hop', 'pop', 'k_pop']","['pop', 'k_pop']","['electronic', 'hip_hop']",4,2,2,12.1933,3.0483,1,0,False
TAEYANG,TAEYANG,6udveWUgX4vu75FF0DTrXV,5WOQuSAJhOtZu46WJgy9BG,Ringa Linga,single,2013.0,0.4348,2010,https://open.spotify.com/album/5WOQuSAJhOtZu46WJgy9BG,https://i.scdn.co/image/ab67616d0000b2732bf04918105a8c31e0445b7e,exact,100.0,"['hip_hop', 'pop']",['k_pop'],"['hip_hop', 'pop', 'k_pop']","['pop', 'k_pop']",['hip_hop'],3,2,1,7.2521,2.4174,1,0,False
TAEYANG,TAEYANG,6udveWUgX4vu75FF0DTrXV,65DhpSPzXYHRjE9LHpc7rw,Hot,single,2008.0,0.2174,2000,https://open.spotify.com/album/65DhpSPzXYHRjE9LHpc7rw,https://i.scdn.co/image/ab67616d0000b273732e4e09cb563cd41815b34d,exact,100.0,"['hip_hop', 'pop']","['k_pop', 'contemporary_r&b']","['hip_hop', 'pop', 'k_pop', 'contemporary_r&b']","['pop', 'k_pop']","['hip_hop', 'contemporary_r&b']",4,2,2,22.7258,5.6814,1,0,False
G-Dragon,G-DRAGON,30b9WulBM8sFuBo17nNq9c,4FviRd7FubuuGNVt2qME1G,Übermensch,album,2025.0,0.9565,2020,https://open.spotify.com/album/4FviRd7FubuuGNVt2qME1G,https://i.scdn.co/image/ab67616d0000b273e1b8e368ceafe1117e846859,exact,100.0,"['hip_hop', 'pop']","['pop_rap', 'k_pop']","['hip_hop', 'pop', 'pop_rap', 'k_pop']","['pop', 'k_pop']","['hip_hop', 'pop_rap']",4,2,2,21.2521,5.313,0,1,False
G-Dragon,G-DRAGON,30b9WulBM8sFuBo17nNq9c,4msI9bSfKohOPFic15aLR4,COUP D'ETAT,album,2013.0,0.4348,2010,https://open.spotify.com/album/4msI9bSfKohOPFic15aLR4,https://i.scdn.co/image/ab67616d0000b2733dbdbd0023f1e1c08cd5a6c9,exact,100.0,"['electronic', 'hip_hop', 'pop']","['electro', 'k_pop']","['electronic', 'hip_hop', 'pop', 'electro', 'k_pop']","['pop', 'k_pop']","['electronic', 'hip_hop', 'electro']",5,2,3,43.1407,8.6281,0,1,False
G-Dragon,G-DRAGON,30b9WulBM8sFuBo17nNq9c,3MRRdIIKzXd0NbemIwnRNP,Heartbreaker,album,2009.0,0.2609,2000,https://open.spotify.com/album/3MRRdIIKzXd0NbemIwnRNP,https://i.scdn.co/image/ab67616d0000b2733b4ed6cda8378feb135c9351,exact,100.0,"['electronic', 'hip_hop', 'pop']","['ballad', 'k_pop']","['electronic', 'hip_hop', 'pop', 'ballad', 'k_pop']","['pop', 'k_pop']","['electronic', 'hip_hop', 'ballad']",5,2,3,31.472,6.2944,0,1,False
G-Dragon,G-DRAGON,30b9WulBM8sFuBo17nNq9c,2koSNfchdUxqw1rPJO87aH,KWON JI YONG,single,2017.0,0.6087,2010,https://open.spotify.com/album/2koSNfchdUxqw1rPJO87aH,https://i.scdn.co/image/ab67616d0000b2732d56768bc14df3b0b3982efd,exact,100.0,"['electronic', 'hip_hop', 'pop']","['dance_pop', 'hip_hop', 'pop_rap', 'ballad', 'k_pop']","['electronic', 'hip_hop', 'pop', 'dance_pop', 'pop_rap', 'ballad', 'k_pop']","['pop', 'k_pop']","['electronic', 'hip_hop', 'dance_pop', 'pop_rap', 'ballad']",7,2,5,56.5663,8.0809,1,0,False
G-Dragon,G-DRAGON,30b9WulBM8sFuBo17nNq9c,4EitCfNTOlnqtRrmBBuwGQ,One of a Kind,single,2012.0,0.3913,2010,https://open.spotify.com/album/4EitCfNTOlnqtRrmBBuwGQ,https://i.scdn.co/image/ab67616d0000b2734687bc7a0bda65c282c13afa,exact,100.0,"['electronic', 'pop']","['electro', 'hip_hop', 'k_pop']","['electronic', 'pop', 'electro', 'hip_hop', 'k_pop']","['pop', 'k_pop']","['electronic', 'electro', 'hip_hop']",5,2,3,43.1407,8.6281,1,0,False
BTS,BTS,3Nrfpe0tUJi4K4DXYWgMUX,3ukkRHDHbN8tNRPKsGZR1h,ARIRANG,album,2026.0,1.0,2020,https://open.spotify.com/album/3ukkRHDHbN8tNRPKsGZR1h,https://i.scdn.co/image/ab67616d0000b273dfa17fad7f190c901603270e,exact,93.75,"['rock', 'pop']","['k_pop', 'pop_rock']","['rock', 'pop', 'k_pop', 'pop_rock']","['pop', 'k_pop']","['rock', 'pop_rock']",4,2,2,96.3147,24.0787,0,1,False
BTS,BTS,3Nrfpe0tUJi4K4DXYWgMUX,7xLhqoM0ilHRKUg2irVSDI,PERMISSION TO DANCE ON STAGE - LIVE,album,2025.0,0.9565,2020,https://open.spotify.com/album/7xLhqoM0ilHRKUg2irVSDI,https://i.scdn.co/image/ab67616d0000b273b79d4683964a0100d69e21ae,fuzzy,73.75,['pop'],['k_pop'],"['pop', 'k_pop']","['pop', 'k_pop']",[],2,2,0,2.1831,1.0916,0,1,False
BTS,BTS,3Nrfpe0tUJi4K4DXYWgMUX,6al2VdKbb6FIz9d7lU7WRB,Proof,album,2022.0,0.8261,2020,https://open.spotify.com/album/6al2VdKbb6FIz9d7lU7WRB,https://i.scdn.co/image/ab67616d0000b27317db30ce3f081d6818a8ad49,exact,93.75,"['electronic', 'hip_hop', 'rock', 'funk_/_soul', 'pop', 'stage_&_screen']","['k_pop', 'contemporary_r&b', 'dance_pop', 'pop_rap', 'ballad']","['electronic', 'hip_hop', 'rock', 'funk_/_soul', 'pop', 'stage_&_screen', 'k_pop', 'contemporary_r&b', 'dance_pop', 'pop_rap', 'ballad']","['pop', 'k_pop']","['electronic', 'hip_hop', 'rock', 'funk_/_soul', 'stage_&_screen', 'contemporary_r&b', 'dance_pop', 'pop_rap', 'ballad']",11,2,9,215.2607,19.5692,0,1,False
BTS,BTS,3Nrfpe0tUJi4K4DXYWgMUX,6nYfHQnvkvOTNHnOhDT3sr,BE,album,2020.0,0.7391,2020,https://open.spotify.com/album/6nYfHQnvkvOTNHnOhDT3sr,https://i.scdn.co/image/ab67616d0000b273c07d5d2fdc02ae252fcd07e5,exact,93.75,['pop'],['k_pop'],"['pop', 'k_pop']","['pop', 'k_pop']",[],2,2,0,2.1831,1.0916,0,1,False
BTS,BTS,3Nrfpe0tUJi4K4DXYWgMUX,1nScVw87kRJiT2bg2Kswhp,MAP OF THE SOUL : 7 ~ THE JOURNEY ~,album,2020.0,0.7391,2020,https://open.spotify.com/album/1nScVw87kRJiT2bg2Kswhp,https://i.scdn.co/image/ab67616d0000b273da9c76ed020a7894443a3f97,exact,93.75,['pop'],['k_pop'],"['pop', 'k_pop']","['pop', 'k_pop']",[],2,2,0,2.1831,1.0916,0,1,False
BTS,BTS,3Nrfpe0tUJi4K4DXYWgMUX,5W1XY5ucNATjTULERvXx9j,MAP OF THE SOUL : 7,album,2020.0,0.7391,2020,https://open.spotify.com/album/5W1XY5ucNATjTULERvXx9j,https://i.scdn.co/image/ab67616d0000b273505190077497c230422f2934,exact,93.75,"['hip_hop', 'rock', 'pop']",['k_pop'],"['hip_hop', 'rock', 'pop', 'k_pop']","['pop', 'k_pop']","['hip_hop', 'rock']",4,2,2,27.8837,6.9709,0,1,False
BTS,BTS,3Nrfpe0tUJi4K4DXYWgMUX,2KqlAl1Kl5fZvbFgJ0qFB6,MAP OF THE SOUL : PERSONA,album,2019.0,0.6957,2010,https://open.spotify.com/album/2KqlAl1Kl5fZvbFgJ0qFB6,https://i.scdn.co/image/ab67616d0000b27318d0ed4f969b376893f9a38f,exact,93.75,"['hip_hop', 'rock', 'pop']",['k_pop'],"['hip_hop', 'rock', 'pop', 'k_pop']","['pop', 'k_pop']","['hip_hop', 'rock']",4,2,2,27.8837,6.9709,0,1,False
BTS,BTS,3Nrfpe0tUJi4K4DXYWgMUX,66J1OXSaS3hBZASOV3el8t,FACE YOURSELF,album,2018.0,0.6522,2010,https://open.spotify.com/album/66J1OXSaS3hBZASOV3el8t,https://i.scdn.co/image/ab67616d0000b2737df155730d4d753560ec28a5,exact,93.75,"['hip_hop', 'pop']",['k_pop'],"['hip_hop', 'pop', 'k_pop']","['pop', 'k_pop']",['hip_hop'],3,2,1,7.2521,2.4174,0,1,False
BTS,BTS,3Nrfpe0tUJi4K4DXYWgMUX,07Rq17GzCnIdWJcyVHb57G,Love Yourself 承 'Her',album,2017.0,0.6087,2010,https://open.spotify.com/album/07Rq17GzCnIdWJcyVHb57G,https://i.scdn.co/image/ab67616d0000b273829305487c8f3b96a1d955b3,exact,93.75,"['electronic', 'hip_hop', 'pop']",['k_pop'],"['electronic', 'hip_hop', 'pop', 'k_pop']","['pop', 'k_pop']","['electronic', 'hip_hop']",4,2,2,12.1933,3.0483,0,1,False
BTS,BTS,3Nrfpe0tUJi4K4DXYWgMUX,6THpewjqJ15ORBJkh5CEYb,You Never Walk Alone,album,2017.0,0.6087,2010,https://open.spotify.com/album/6THpewjqJ15ORBJkh5CEYb,https://i.scdn.co/image/ab67616d0000b2731fd0a8fc28b2a0a5d9cdc6c6,exact,93.75,['pop'],['k_pop'],"['pop', 'k_pop']","['pop', 'k_pop']",[],2,2,0,2.1831,1.0916,0,1,False
BTS,BTS,3Nrfpe0tUJi4K4DXYWgMUX,1vhNGBTFoaSTLbHjPGFIlF,Wings,album,2016.0,0.5652,2010,https://open.spotify.com/album/1vhNGBTFoaSTLbHjPGFIlF,https://i.scdn.co/image/ab67616d0000b2738bd5d941f9ced8e7f9c60dd4,exact,93.75,"['electronic', 'hip_hop', 'pop']","['dance_pop', 'pop_rap', 'hip_hop', 'k_pop']","['electronic', 'hip_hop', 'pop', 'dance_pop', 'pop_rap', 'k_pop']","['pop', 'k_pop']","['electronic', 'hip_hop', 'dance_pop', 'pop_rap']",6,2,4,37.2876,6.2146,0,1,False
BTS,BTS,3Nrfpe0tUJi4K4DXYWgMUX,442zUwKHCTO47XPF7cUSqY,Youth,album,2016.0,0.5652,2010,https://open.spotify.com/album/442zUwKHCTO47XPF7cUSqY,https://i.scdn.co/image/ab67616d0000b273fb393e601ffd242273e04ea7,exact,93.75,['pop'],[],['pop'],['pop'],[],1,1,0,1.0,1.0,0,1,False
BTS,BTS,3Nrfpe0tUJi4K4DXYWgMUX,1k5bJ8l5oL5xxVBVHjil09,The Most Beautiful Moment in Life: Young Forever,album,2016.0,0.5652,2010,https://open.spotify.com/album/1k5bJ8l5oL5xxVBVHjil09,https://i.scdn.co/image/ab67616d0000b273c6dbc63cf145b4ff6bee3322,exact,88.75,"['hip_hop', 'funk_/_soul', 'pop']","['k_pop', 'contemporary_r&b']","['hip_hop', 'funk_/_soul', 'pop', 'k_pop', 'contemporary_r&b']","['pop', 'k_pop']","['hip_hop', 'funk_/_soul', 'contemporary_r&b']",5,2,3,38.4058,7.6812,0,1,False
BTS,BTS,3Nrfpe0tUJi4K4DXYWgMUX,2ds8iT4wkaN1Q1gZe1qcOD,The Most Beautiful Moment in Life Pt.2,album,2015.0,0.5217,2010,https://open.spotify.com/album/2ds8iT4wkaN1Q1gZe1qcOD,https://i.scdn.co/image/ab67616d0000b273a5e9b18ada0905fa82cd4756,exact,93.75,"['electronic', 'hip_hop', 'pop']","['k_pop', 'pop_rap', 'dance_pop']","['electronic', 'hip_hop', 'pop', 'k_pop', 'pop_rap', 'dance_pop']","['pop', 'k_pop']","['electronic', 'hip_hop', 'pop_rap', 'dance_pop']",6,2,4,37.2876,6.2146,0,1,False
BTS,BTS,3Nrfpe0tUJi4K4DXYWgMUX,0mEeCuKJQ8Xh9tQ5dMm89X,The Most Beautiful Moment in Life Pt.1,album,2015.0,0.5217,2010,https://open.spotify.com/album/0mEeCuKJQ8Xh9tQ5dMm89X,https://i.scdn.co/image/ab67616d0000b2731504edb7a9a5e4e64547fb94,exact,93.75,"['hip_hop', 'funk_/_soul', 'pop']","['k_pop', 'contemporary_r&b']","['hip_hop', 'funk_/_soul', 'pop', 'k_pop', 'contemporary_r&b']","['pop', 'k_pop']","['hip_hop', 'funk_/_soul', 'contemporary_r&b']",5,2,3,38.4058,7.6812,0,1,False
BTS,BTS,3Nrfpe0tUJi4K4DXYWgMUX,35voVqYGkotyJ945O9egDY,Dark & Wild,album,2014.0,0.4783,2010,https://open.spotify.com/album/35voVqYGkotyJ945O9egDY,https://i.scdn.co/image/ab67616d0000b273abe7090bc3ae94d741dfaf6b,exact,93.75,"['hip_hop', 'pop']",['k_pop'],"['hip_hop', 'pop', 'k_pop']","['pop', 'k_pop']",['hip_hop'],3,2,1,7.2521,2.4174,0,1,False
BTS,BTS,3Nrfpe0tUJi4K4DXYWgMUX,0pX41mddl0CZXxpxkQ7347,Skool Luv Affair (Special Addition),album,2014.0,0.4783,2010,https://open.spotify.com/album/0pX41mddl0CZXxpxkQ7347,https://i.scdn.co/image/ab67616d0000b2737fc4a9420eb2ca3aceafa88b,exact,93.75,"['hip_hop', 'funk_/_soul', 'pop']",['k_pop'],"['hip_hop', 'funk_/_soul', 'pop', 'k_pop']","['pop', 'k_pop']","['hip_hop', 'funk_/_soul']",4,2,2,22.9321,5.733,0,1,False
BTS,BTS,3Nrfpe0tUJi4K4DXYWgMUX,5r35iS0uSSoQBKzQj0IeI3,Skool Luv Affair,album,2014.0,0.4783,2010,https://open.spotify.com/album/5r35iS0uSSoQBKzQj0IeI3,https://i.scdn.co/image/ab67616d0000b273ab9433cc4b9cda9431be879a,exact,93.75,"['hip_hop', 'pop']",['k_pop'],"['hip_hop', 'pop', 'k_pop']","['pop', 'k_pop']",['hip_hop'],3,2,1,7.2521,2.4174,0,1,False
BTS,BTS,3Nrfpe0tUJi4K4DXYWgMUX,6rWmdSJIaGTVtdMJQ35Lvf,"O!RUL8,2?",album,2013.0,0.4348,2010,https://open.spotify.com/album/6rWmdSJIaGTVtdMJQ35Lvf,https://i.scdn.co/image/ab67616d0000b27338a73fb596e530ac18446812,exact,93.75,"['hip_hop', 'funk_/_soul', 'pop']","['k_pop', 'contemporary_r&b']","['hip_hop', 'funk_/_soul', 'pop', 'k_pop', 'contemporary_r&b']","['pop', 'k_pop']","['hip_hop', 'funk_/_soul', 'contemporary_r&b']",5,2,3,38.4058,7.6812,0,1,False
BTS,BTS,3Nrfpe0tUJi4K4DXYWgMUX,6egaEe9JaULuUCkihSnYlH,2 Cool 4 Skool,album,2013.0,0.4348,2010,https://open.spotify.com/album/6egaEe9JaULuUCkihSnYlH,https://i.scdn.co/image/ab67616d0000b2732666df197eac73ae823e1e67,exact,93.75,"['hip_hop', 'pop']","['k_pop', 'spoken_word']","['hip_hop', 'pop', 'k_pop', 'spoken_word']","['pop', 'k_pop']","['hip_hop', 'spoken_word']",4,2,2,1183.2521,295.813,0,1,False
BTS,BTS,3Nrfpe0tUJi4K4DXYWgMUX,7uaI73cqw8YC2ViewZAai5,The Planet,single,2023.0,0.8696,2020,https://open.spotify.com/album/7uaI73cqw8YC2ViewZAai5,https://i.scdn.co/image/ab67616d0000b273fa552453b3762dc1dba6729f,fuzzy,71.02,['pop'],['k_pop'],"['pop', 'k_pop']","['pop', 'k_pop']",[],2,2,0,2.1831,1.0916,1,0,False
BTS,BTS,3Nrfpe0tUJi4K4DXYWgMUX,4LcW19D6W1nHpvcJV5s2QI,My Universe (David Guetta Remix),single,2021.0,0.7826,2020,https://open.spotify.com/album/4LcW19D6W1nHpvcJV5s2QI,https://i.scdn.co/image/ab67616d0000b273810efa8cf74c5ff63e3bfe59,fuzzy,74.21,"['electronic', 'pop']",['dance_pop'],"['electronic', 'pop', 'dance_pop']",['pop'],"['electronic', 'dance_pop']",3,1,2,17.0355,5.6785,1,0,False
BTS,BTS,3Nrfpe0tUJi4K4DXYWgMUX,6iVS1t7wQUHItUnCxH7epG,My Universe,single,2021.0,0.7826,2020,https://open.spotify.com/album/6iVS1t7wQUHItUnCxH7epG,https://i.scdn.co/image/ab67616d0000b2734a123afb79f555cff3f9ef3f,fuzzy,74.21,"['electronic', 'pop']",['synth-pop'],"['electronic', 'pop', 'synth-pop']",['pop'],"['electronic', 'synth-pop']",3,1,2,52.9812,17.6604,1,0,False
BTS,BTS,3Nrfpe0tUJi4K4DXYWgMUX,3oWWeH4gpNsJG0KyGaBoEd,My Universe (SUGA's Remix),single,2021.0,0.7826,2020,https://open.spotify.com/album/3oWWeH4gpNsJG0KyGaBoEd,https://i.scdn.co/image/ab67616d0000b2732e5d6977d51a65c8ecd6e8e0,fuzzy,74.21,['electronic'],['house'],"['electronic', 'house']",[],"['electronic', 'house']",2,0,2,122.5412,61.2706,1,0,False
BTS,BTS,3Nrfpe0tUJi4K4DXYWgMUX,39McjovZ3M6n5SFtNmWTdp,My Universe,single,2021.0,0.7826,2020,https://open.spotify.com/album/39McjovZ3M6n5SFtNmWTdp,https://i.scdn.co/image/ab67616d0000b273526301de441246800ca739a5,fuzzy,74.21,"['electronic', 'pop']",['synth-pop'],"['electronic', 'pop', 'synth-pop']",['pop'],"['electronic', 'synth-pop']",3,1,2,52.9812,17.6604,1,0,False
BTS,BTS,3Nrfpe0tUJi4K4DXYWgMUX,5ExDI42RCtISkQXAgv8dtZ,Permission to Dance,single,2021.0,0.7826,2020,https://open.spotify.com/album/5ExDI42RCtISkQXAgv8dtZ,https://i.scdn.co/image/ab67616d0000b273a7e481899b7e0396f93d10b8,exact,88.75,['pop'],['k_pop'],"['pop', 'k_pop']","['pop', 'k_pop']",[],2,2,0,2.1831,1.0916,1,0,False
BTS,BTS,3Nrfpe0tUJi4K4DXYWgMUX,0E4HPJE6DPIc2OUmJ8rTP0,Butter / Permission to Dance,single,2021.0,0.7826,2020,https://open.spotify.com/album/0E4HPJE6DPIc2OUmJ8rTP0,https://i.scdn.co/image/ab67616d0000b2732a7ffc5834a6a087a8125e1e,exact,93.75,"['electronic', 'pop']",['k_pop'],"['electronic', 'pop', 'k_pop']","['pop', 'k_pop']",['electronic'],3,2,1,7.1243,2.3748,1,0,False
BTS,BTS,3Nrfpe0tUJi4K4DXYWgMUX,5O6izFQ2veRaZOcQSyOi4o,Savage Love (Laxed - Siren Beat) [BTS Remix],single,2020.0,0.7391,2020,https://open.spotify.com/album/5O6izFQ2veRaZOcQSyOi4o,https://i.scdn.co/image/ab67616d0000b2733e0936633c4c927ac22818e1,fuzzy,68.71,['pop'],[],['pop'],['pop'],[],1,1,0,1.0,1.0,1,0,False
BTS,BTS,3Nrfpe0tUJi4K4DXYWgMUX,1HUAObi1fh9b214MZr5gFq,Black Swan,single,2020.0,0.7391,2020,https://open.spotify.com/album/1HUAObi1fh9b214MZr5gFq,https://i.scdn.co/image/ab67616d0000b273dbe6edc2373a90a5200d30d0,exact,93.75,"['electronic', 'hip_hop', 'pop']","['trap', 'k_pop']","['electronic', 'hip_hop', 'pop', 'trap', 'k_pop']","['pop', 'k_pop']","['electronic', 'hip_hop', 'trap']",5,2,3,55.7489,11.1498,1,0,False
BTS,BTS,3Nrfpe0tUJi4K4DXYWgMUX,0rHMQLHyw0Bt17fRTJEqh6,Lights/Boy With Luv,single,2019.0,0.6957,2010,https://open.spotify.com/album/0rHMQLHyw0Bt17fRTJEqh6,https://i.scdn.co/image/ab67616d0000b27331ac28409bdbb01e7eb467bf,exact,93.75,"['hip_hop', 'pop']","['k_pop', 'pop_rap']","['hip_hop', 'pop', 'k_pop', 'pop_rap']","['pop', 'k_pop']","['hip_hop', 'pop_rap']",4,2,2,21.2521,5.313,1,0,False
BTS,BTS,3Nrfpe0tUJi4K4DXYWgMUX,7AksZp2xptzhgOaiwJxjkh,A Brand New Day (BTS World Original Soundtrack) (Pt. 2),single,2019.0,0.6957,2010,https://open.spotify.com/album/7AksZp2xptzhgOaiwJxjkh,https://i.scdn.co/image/ab67616d0000b27364e04460c785391f4da82457,fuzzy,71.74,['pop'],[],['pop'],['pop'],[],1,1,0,1.0,1.0,1,0,False
BTS,BTS,3Nrfpe0tUJi4K4DXYWgMUX,1CnfThuhzI0hf4b6CJd5rq,Dream Glow (BTS World Original Soundtrack) (Pt. 1),single,2019.0,0.6957,2010,https://open.spotify.com/album/1CnfThuhzI0hf4b6CJd5rq,https://i.scdn.co/image/ab67616d0000b273078239f571dc2640d8a169ae,fuzzy,72.86,['pop'],[],['pop'],['pop'],[],1,1,0,1.0,1.0,1,0,False
BTS,BTS,3Nrfpe0tUJi4K4DXYWgMUX,1v6mgJ29d4Ta3ZUfF0P18W,FAKE LOVE/Airplane pt.2,single,2018.0,0.6522,2010,https://open.spotify.com/album/1v6mgJ29d4Ta3ZUfF0P18W,https://i.scdn.co/image/ab67616d0000b2730b1fa57d269cd295142e678c,exact,93.75,"['electronic', 'hip_hop', 'pop']","['j_pop', 'hip_hop']","['electronic', 'hip_hop', 'pop', 'j_pop']",['pop'],"['electronic', 'hip_hop', 'j_pop']",4,1,3,17.5435,4.3859,1,0,False
BTS,BTS,3Nrfpe0tUJi4K4DXYWgMUX,03yfkUHGv0rY49Wz9mzloe,MIC Drop/DNA/Crystal Snow,single,2017.0,0.6087,2010,https://open.spotify.com/album/03yfkUHGv0rY49Wz9mzloe,https://i.scdn.co/image/ab67616d0000b2738496b563cf7f51e24ea62930,exact,93.75,['pop'],['j_pop'],"['pop', 'j_pop']",['pop'],['j_pop'],2,1,1,7.5333,3.7666,1,0,False
BTS,BTS,3Nrfpe0tUJi4K4DXYWgMUX,3dviBwFcDYCcpXUbeacrIl,For You,single,2015.0,0.5217,2010,https://open.spotify.com/album/3dviBwFcDYCcpXUbeacrIl,https://i.scdn.co/image/ab67616d0000b2738372f07e4d18b15d3debc925,exact,93.75,"['hip_hop', 'pop']",[],"['hip_hop', 'pop']",['pop'],['hip_hop'],2,1,1,6.069,3.0345,1,0,False
BTS,BTS,3Nrfpe0tUJi4K4DXYWgMUX,5x3pRdlUUVG0eHAMDkW39a,No More Dream (Japanese Ver.),single,2014.0,0.4783,2010,https://open.spotify.com/album/5x3pRdlUUVG0eHAMDkW39a,https://i.scdn.co/image/ab67616d0000b2730e2484925451d99b7bd9c633,fuzzy,78.75,"['hip_hop', 'pop']",['k_pop'],"['hip_hop', 'pop', 'k_pop']","['pop', 'k_pop']",['hip_hop'],3,2,1,7.2521,2.4174,1,0,False
EXO,EXO,3cjEqqelV9zb4BYE3qDQ4O,2rCAxjC3ieERLL646wsAc8,COUNTDOWN,album,2018.0,0.6522,2010,https://open.spotify.com/album/2rCAxjC3ieERLL646wsAc8,https://i.scdn.co/image/ab67616d0000b273ebcccaf7f8014c5baa2cf856,exact,90.0,"['electronic', 'pop']",['j_pop'],"['electronic', 'pop', 'j_pop']",['pop'],"['electronic', 'j_pop']",3,1,2,12.4745,4.1582,0,1,False
EXO,EXO,3cjEqqelV9zb4BYE3qDQ4O,1JYpCaR0E36SXYC5bwnqhV,THE WAR - The 4th Album (Chinese Version),album,2017.0,0.6087,2010,https://open.spotify.com/album/1JYpCaR0E36SXYC5bwnqhV,https://i.scdn.co/image/ab67616d0000b273cfa7df33c2224ee1dea88526,fuzzy,67.86,"['electronic', 'funk_/_soul', 'pop']","['dance_pop', 'ballad', 'soul', 'hip_hop', 'k_pop']","['electronic', 'funk_/_soul', 'pop', 'dance_pop', 'ballad', 'soul', 'hip_hop', 'k_pop']","['pop', 'k_pop']","['electronic', 'funk_/_soul', 'dance_pop', 'ballad', 'soul', 'hip_hop']",8,2,6,175.8463,21.9808,0,1,False
EXO,EXO,3cjEqqelV9zb4BYE3qDQ4O,53pJcIJBdlm5rhVhjSnvHn,THE WAR - The 4th Album,album,2017.0,0.6087,2010,https://open.spotify.com/album/53pJcIJBdlm5rhVhjSnvHn,https://i.scdn.co/image/ab67616d0000b273b787b5b8c27a5dbd360c0f59,fuzzy,71.81,"['electronic', 'funk_/_soul', 'pop']","['dance_pop', 'ballad', 'soul', 'hip_hop', 'k_pop']","['electronic', 'funk_/_soul', 'pop', 'dance_pop', 'ballad', 'soul', 'hip_hop', 'k_pop']","['pop', 'k_pop']","['electronic', 'funk_/_soul', 'dance_pop', 'ballad', 'soul', 'hip_hop']",8,2,6,175.8463,21.9808,0,1,False
EXO,EXO,3cjEqqelV9zb4BYE3qDQ4O,4e75ohAqqgV3zgLn8qMxki,LOTTO - The 3rd Album Repackage,album,2016.0,0.5652,2010,https://open.spotify.com/album/4e75ohAqqgV3zgLn8qMxki,https://i.scdn.co/image/ab67616d0000b273735f6b24c0067007c7e5c0d4,exact,90.0,['pop'],[],['pop'],['pop'],[],1,1,0,1.0,1.0,0,1,False
EXO,EXO,3cjEqqelV9zb4BYE3qDQ4O,5Cckx6G2aRR4aZBV6eIYdc,EX'ACT,album,2016.0,0.5652,2010,https://open.spotify.com/album/5Cckx6G2aRR4aZBV6eIYdc,https://i.scdn.co/image/ab67616d0000b27315a67578922d65121b12073d,exact,90.0,['pop'],['k_pop'],"['pop', 'k_pop']","['pop', 'k_pop']",[],2,2,0,2.1831,1.0916,0,1,False
EXO,EXO,3cjEqqelV9zb4BYE3qDQ4O,136KCj61s2rrtgqXlhw6kO,EXOLOGY CHAPTER 1: THE LOST PLANET (Live),album,2014.0,0.4783,2010,https://open.spotify.com/album/136KCj61s2rrtgqXlhw6kO,https://i.scdn.co/image/ab67616d0000b27355df672b08b5536615818f17,exact,81.83,"['electronic', 'hip_hop', 'pop']","['dance_pop', 'ballad', 'k_pop']","['electronic', 'hip_hop', 'pop', 'dance_pop', 'ballad', 'k_pop']","['pop', 'k_pop']","['electronic', 'hip_hop', 'dance_pop', 'ballad']",6,2,4,42.5663,7.0944,0,1,False
EXO,EXO,3cjEqqelV9zb4BYE3qDQ4O,4qduCvpyBL5hGYdBvCvcDA,The 1st Album 'XOXO' (Repackage),album,2013.0,0.4348,2010,https://open.spotify.com/album/4qduCvpyBL5hGYdBvCvcDA,https://i.scdn.co/image/ab67616d0000b2732795c34a8931367a0916de54,exact,90.0,['pop'],['k_pop'],"['pop', 'k_pop']","['pop', 'k_pop']",[],2,2,0,2.1831,1.0916,0,1,False
EXO,EXO,3cjEqqelV9zb4BYE3qDQ4O,6QcaLmC3oxXlQ3L92VMVHl,Let Me In,single,2023.0,0.8696,2020,https://open.spotify.com/album/6QcaLmC3oxXlQ3L92VMVHl,https://i.scdn.co/image/ab67616d0000b273d524dec6220e41c596125857,exact,90.0,['pop'],['k_pop'],"['pop', 'k_pop']","['pop', 'k_pop']",[],2,2,0,2.1831,1.0916,1,0,False
EXO,EXO,3cjEqqelV9zb4BYE3qDQ4O,45RVbFvHsy7bsO7CQ2oQ6e,"Universe – Winter Special Album, 2017",single,2017.0,0.6087,2010,https://open.spotify.com/album/45RVbFvHsy7bsO7CQ2oQ6e,https://i.scdn.co/image/ab67616d0000b27382c1b5cc2b62cae85ef7ffdb,fuzzy,79.38,"['funk_/_soul', 'pop']","['k_pop', 'contemporary_r&b', 'soul']","['funk_/_soul', 'pop', 'k_pop', 'contemporary_r&b', 'soul']","['pop', 'k_pop']","['funk_/_soul', 'contemporary_r&b', 'soul']",5,2,3,150.9368,30.1874,1,0,False
EXO,EXO,3cjEqqelV9zb4BYE3qDQ4O,6kMYsqzcglsUJZodFLGD51,Power (Remixes),single,2017.0,0.6087,2010,https://open.spotify.com/album/6kMYsqzcglsUJZodFLGD51,https://i.scdn.co/image/ab67616d0000b2733200224af8fde15ffc9ccb10,exact,85.0,"['electronic', 'pop']","['k_pop', 'electro_house', 'trap', 'progressive_house']","['electronic', 'pop', 'k_pop', 'electro_house', 'trap', 'progressive_house']","['pop', 'k_pop']","['electronic', 'electro_house', 'trap', 'progressive_house']",6,2,4,560.2799,93.38,1,0,False
EXO,EXO,3cjEqqelV9zb4BYE3qDQ4O,3bMotSQLWVaBRY8VpBI3eM,For Life,single,2016.0,0.5652,2010,https://open.spotify.com/album/3bMotSQLWVaBRY8VpBI3eM,https://i.scdn.co/image/ab67616d0000b273009a03636f29d6b4251091ef,exact,85.0,['pop'],['k_pop'],"['pop', 'k_pop']","['pop', 'k_pop']",[],2,2,0,2.1831,1.0916,1,0,False
EXO,EXO,3cjEqqelV9zb4BYE3qDQ4O,2LXGbN9tCaRCbTqifpHyly,LIGHTSABER,single,2015.0,0.5217,2010,https://open.spotify.com/album/2LXGbN9tCaRCbTqifpHyly,https://i.scdn.co/image/ab67616d0000b2738f27378489629cfbc2072aec,fuzzy,65.0,"['electronic', 'pop']","['dance_pop', 'ballad', 'hip_hop', 'k_pop']","['electronic', 'pop', 'dance_pop', 'ballad', 'hip_hop', 'k_pop']","['pop', 'k_pop']","['electronic', 'dance_pop', 'ballad', 'hip_hop']",6,2,4,42.5663,7.0944,1,0,False
EXO,EXO,3cjEqqelV9zb4BYE3qDQ4O,1eGKfrv3zUriBWbPOFKKxq,"SING FOR YOU - Winter Special Album, 2015",single,2015.0,0.5217,2010,https://open.spotify.com/album/1eGKfrv3zUriBWbPOFKKxq,https://i.scdn.co/image/ab67616d0000b273ba97a28e1fc4602b1d96bdba,fuzzy,65.35,['pop'],['k_pop'],"['pop', 'k_pop']","['pop', 'k_pop']",[],2,2,0,2.1831,1.0916,1,0,False
EXO,EXO,3cjEqqelV9zb4BYE3qDQ4O,7bNW8A8tZ2ogSQmKxSnZsV,LIGHTSABER,single,2015.0,0.5217,2010,https://open.spotify.com/album/7bNW8A8tZ2ogSQmKxSnZsV,https://i.scdn.co/image/ab67616d0000b273a9d51bd5f3551d01bd133596,fuzzy,65.0,"['electronic', 'pop']","['dance_pop', 'ballad', 'hip_hop', 'k_pop']","['electronic', 'pop', 'dance_pop', 'ballad', 'hip_hop', 'k_pop']","['pop', 'k_pop']","['electronic', 'dance_pop', 'ballad', 'hip_hop']",6,2,4,42.5663,7.0944,1,0,False
EXO,EXO,3cjEqqelV9zb4BYE3qDQ4O,4YLngBqLNITIKyRPmvFo2W,Love Me Right 〜romantic universe〜,single,2015.0,0.5217,2010,https://open.spotify.com/album/4YLngBqLNITIKyRPmvFo2W,https://i.scdn.co/image/ab67616d0000b273e251629887346077634e7943,exact,87.27,['pop'],['j_pop'],"['pop', 'j_pop']",['pop'],['j_pop'],2,1,1,7.5333,3.7666,1,0,False
EXO,EXO,3cjEqqelV9zb4BYE3qDQ4O,1sCdc23CN31bqyJq7rSXHJ,Miracles in December (Chinese Version),single,2013.0,0.4348,2010,https://open.spotify.com/album/1sCdc23CN31bqyJq7rSXHJ,https://i.scdn.co/image/ab67616d0000b2738a1852a46d640fe6aeb687c9,fuzzy,72.14,['pop'],"['k_pop', 'ballad', 'holiday']","['pop', 'k_pop', 'ballad', 'holiday']","['pop', 'k_pop']","['ballad', 'holiday']",4,2,2,189.4618,47.3655,1,0,False
EXO,EXO,3cjEqqelV9zb4BYE3qDQ4O,7xKAWXGHTlXovWpEVu1csM,Miracles in December,single,2013.0,0.4348,2010,https://open.spotify.com/album/7xKAWXGHTlXovWpEVu1csM,https://i.scdn.co/image/ab67616d0000b273e444ada7c81e08734f0e20b9,exact,85.0,['pop'],"['ballad', 'k_pop', 'holiday']","['pop', 'ballad', 'k_pop', 'holiday']","['pop', 'k_pop']","['ballad', 'holiday']",4,2,2,189.4618,47.3655,1,0,False
SEVENTEEN,SEVENTEEN,7nqOGRxlXj7N2JYbgNEjYH,15pRJdCJtDyzQaY9tGs750,SEVENTEEN 4th Album Repackage 'SECTOR 17',album,2022.0,0.8261,2020,https://open.spotify.com/album/15pRJdCJtDyzQaY9tGs750,https://i.scdn.co/image/ab67616d0000b273c31e3f3a15f96cfc4c8f7b7a,exact,93.88,"['hip_hop', 'pop']","['k_pop', 'pop_rap', 'contemporary_r&b', 'dance_pop', 'trap']","['hip_hop', 'pop', 'k_pop', 'pop_rap', 'contemporary_r&b', 'dance_pop', 'trap']","['pop', 'k_pop']","['hip_hop', 'pop_rap', 'contemporary_r&b', 'dance_pop', 'trap']",7,2,5,91.3757,13.0537,0,1,False
SEVENTEEN,SEVENTEEN,7nqOGRxlXj7N2JYbgNEjYH,2PIReru2w5i4JXOzeZnamd,SEVENTEEN 9th Mini Album 'Attacca',album,2021.0,0.7826,2020,https://open.spotify.com/album/2PIReru2w5i4JXOzeZnamd,https://i.scdn.co/image/ab67616d0000b2735ac2a400576ac7f35aa7428b,fuzzy,71.65,"['electronic', 'rock', 'pop']",['k_pop'],"['electronic', 'rock', 'pop', 'k_pop']","['pop', 'k_pop']","['electronic', 'rock']",4,2,2,27.7559,6.939,0,1,False
SEVENTEEN,SEVENTEEN,7nqOGRxlXj7N2JYbgNEjYH,5HlxNTQpJb7buoWIRS4M7T,An Ode,album,2019.0,0.6957,2010,https://open.spotify.com/album/5HlxNTQpJb7buoWIRS4M7T,https://i.scdn.co/image/ab67616d0000b273595174aef621c2b6434ab343,exact,100.0,"['electronic', 'pop']",['k_pop'],"['electronic', 'pop', 'k_pop']","['pop', 'k_pop']",['electronic'],3,2,1,7.1243,2.3748,0,1,False
SEVENTEEN,SEVENTEEN,7nqOGRxlXj7N2JYbgNEjYH,7mP7AFehQDonPKEQiXvpvB,Love&Letter repackage album,album,2016.0,0.5652,2010,https://open.spotify.com/album/7mP7AFehQDonPKEQiXvpvB,https://i.scdn.co/image/ab67616d0000b273eb366517758754ca13a4adf5,exact,80.25,"['hip_hop', 'pop']",['k_pop'],"['hip_hop', 'pop', 'k_pop']","['pop', 'k_pop']",['hip_hop'],3,2,1,7.2521,2.4174,0,1,False
SEVENTEEN,SEVENTEEN,7nqOGRxlXj7N2JYbgNEjYH,4MHZnwMTrnhgoSJKe1KSqP,Dirty Dancing (Dem Jointz Remix),single,2023.0,0.8696,2020,https://open.spotify.com/album/4MHZnwMTrnhgoSJKe1KSqP,https://i.scdn.co/image/ab67616d0000b273903d2a67b68319065904e5f5,fuzzy,69.64,['pop'],[],['pop'],['pop'],[],1,1,0,1.0,1.0,1,0,False
SEVENTEEN,SEVENTEEN,7nqOGRxlXj7N2JYbgNEjYH,5tVF9innz1XK3xj72Phi7e,BETTING,single,2023.0,0.8696,2020,https://open.spotify.com/album/5tVF9innz1XK3xj72Phi7e,https://i.scdn.co/image/ab67616d0000b2738c76ab7a6728045085cd85ab,exact,82.5,['pop'],[],['pop'],['pop'],[],1,1,0,1.0,1.0,1,0,False
SEVENTEEN,SEVENTEEN,7nqOGRxlXj7N2JYbgNEjYH,2cXtPWMSKgf55ERnDrzZQb,DREAM,single,2022.0,0.8261,2020,https://open.spotify.com/album/2cXtPWMSKgf55ERnDrzZQb,https://i.scdn.co/image/ab67616d0000b2735fd71030aee6507ffa659b25,exact,95.5,['pop'],['k_pop'],"['pop', 'k_pop']","['pop', 'k_pop']",[],2,2,0,2.1831,1.0916,1,0,False
SEVENTEEN,SEVENTEEN,7nqOGRxlXj7N2JYbgNEjYH,0Dl7e3uv3UrVDdZ6saplzH,Darl+ing,single,2022.0,0.8261,2020,https://open.spotify.com/album/0Dl7e3uv3UrVDdZ6saplzH,https://i.scdn.co/image/ab67616d0000b2732139a9fca45751cc0b0f53ba,exact,100.0,['pop'],['k_pop'],"['pop', 'k_pop']","['pop', 'k_pop']",[],2,2,0,2.1831,1.0916,1,0,False
SEVENTEEN,SEVENTEEN,7nqOGRxlXj7N2JYbgNEjYH,2tx3OgTQe02ygUiWPEevFi,ひとりじゃない,single,2021.0,0.7826,2020,https://open.spotify.com/album/2tx3OgTQe02ygUiWPEevFi,https://i.scdn.co/image/ab67616d0000b273e6aea87b278a6a5d6ba2a9ac,exact,100.0,['pop'],['k_pop'],"['pop', 'k_pop']","['pop', 'k_pop']",[],2,2,0,2.1831,1.0916,1,0,False
SEVENTEEN,SEVENTEEN,7nqOGRxlXj7N2JYbgNEjYH,1EMYSiKKTSKLZrOC2nTStL,; [Semicolon],single,2020.0,0.7391,2020,https://open.spotify.com/album/1EMYSiKKTSKLZrOC2nTStL,https://i.scdn.co/image/ab67616d0000b273aa12f5b5b2ea88f26ab76846,exact,95.5,['pop'],['k_pop'],"['pop', 'k_pop']","['pop', 'k_pop']",[],2,2,0,2.1831,1.0916,1,0,False
SEVENTEEN,SEVENTEEN,7nqOGRxlXj7N2JYbgNEjYH,60z8h4jCOyt36F3Arn8RGD,24H,single,2020.0,0.7391,2020,https://open.spotify.com/album/60z8h4jCOyt36F3Arn8RGD,https://i.scdn.co/image/ab67616d0000b27377994c4a14b2aa6167a6d0fa,exact,95.5,['pop'],['j_pop'],"['pop', 'j_pop']",['pop'],['j_pop'],2,1,1,7.5333,3.7666,1,0,False
SEVENTEEN,SEVENTEEN,7nqOGRxlXj7N2JYbgNEjYH,24Uj6VdVytaReqt1KJWxfc,24H,single,2020.0,0.7391,2020,https://open.spotify.com/album/24Uj6VdVytaReqt1KJWxfc,https://i.scdn.co/image/ab67616d0000b2735e0415248f47b27441faa0ac,exact,95.5,['pop'],['j_pop'],"['pop', 'j_pop']",['pop'],['j_pop'],2,1,1,7.5333,3.7666,1,0,False
SEVENTEEN,SEVENTEEN,7nqOGRxlXj7N2JYbgNEjYH,3q6lN3kfsDgGaQUC7kVASH,Heng:garæ,single,2020.0,0.7391,2020,https://open.spotify.com/album/3q6lN3kfsDgGaQUC7kVASH,https://i.scdn.co/image/ab67616d0000b2736f29a60db7b4479599fae56d,exact,95.5,['pop'],['k_pop'],"['pop', 'k_pop']","['pop', 'k_pop']",[],2,2,0,2.1831,1.0916,1,0,False
SEVENTEEN,SEVENTEEN,7nqOGRxlXj7N2JYbgNEjYH,2SrJI9UCeYzVXYripQVnbi,Happy Ending,single,2019.0,0.6957,2010,https://open.spotify.com/album/2SrJI9UCeYzVXYripQVnbi,https://i.scdn.co/image/ab67616d0000b273a8ea7247e4dbd251757826d1,exact,100.0,['pop'],[],['pop'],['pop'],[],1,1,0,1.0,1.0,1,0,False
SEVENTEEN,SEVENTEEN,7nqOGRxlXj7N2JYbgNEjYH,5QpD7kgp5dpkNFuG6ez2yI,SEVENTEEN SPECIAL ALBUM 'DIRECTOR'S CUT’,single,2018.0,0.6522,2010,https://open.spotify.com/album/5QpD7kgp5dpkNFuG6ez2yI,https://i.scdn.co/image/ab67616d0000b273c7bb27d0e4ab6f8cdf61c087,fuzzy,74.27,['pop'],['k_pop'],"['pop', 'k_pop']","['pop', 'k_pop']",[],2,2,0,2.1831,1.0916,1,0,False
TWICE,TWICE,7n2Ycct7Beij7Dj7meI4X0,7zyibWit2LeHvy5h9utbfg,TEN: The Story Goes On,album,2025.0,0.9565,2020,https://open.spotify.com/album/7zyibWit2LeHvy5h9utbfg,https://i.scdn.co/image/ab67616d0000b273e06d7e6502cecdd78032cd13,exact,94.62,['pop'],['k_pop'],"['pop', 'k_pop']","['pop', 'k_pop']",[],2,2,0,2.1831,1.0916,0,1,False
TWICE,TWICE,7n2Ycct7Beij7Dj7meI4X0,18v5nf750qcff18B0a6WmG,ENEMY,album,2025.0,0.9565,2020,https://open.spotify.com/album/18v5nf750qcff18B0a6WmG,https://i.scdn.co/image/ab67616d0000b273c88128bf5153b94aeee9be07,exact,94.62,"['rock', 'pop']",['j_pop'],"['rock', 'pop', 'j_pop']",['pop'],"['rock', 'j_pop']",3,1,2,28.1649,9.3883,0,1,False
TWICE,TWICE,7n2Ycct7Beij7Dj7meI4X0,02dUOPB3MtmV5fawzaZiq6,THIS IS FOR,album,2025.0,0.9565,2020,https://open.spotify.com/album/02dUOPB3MtmV5fawzaZiq6,https://i.scdn.co/image/ab67616d0000b2737f5ac389dbcaf7a8c17371e3,exact,94.62,"['electronic', 'pop']","['k_pop', 'dance_pop']","['electronic', 'pop', 'k_pop', 'dance_pop']","['pop', 'k_pop']","['electronic', 'dance_pop']",4,2,2,18.2186,4.5547,0,1,False
TWICE,TWICE,7n2Ycct7Beij7Dj7meI4X0,5YamV8eSywqu7g1Ms4GoqA,STRATEGY,album,2024.0,0.913,2020,https://open.spotify.com/album/5YamV8eSywqu7g1Ms4GoqA,https://i.scdn.co/image/ab67616d0000b273acf8ff27be32aec99d6c99a0,exact,94.62,['pop'],['k_pop'],"['pop', 'k_pop']","['pop', 'k_pop']",[],2,2,0,2.1831,1.0916,0,1,False
TWICE,TWICE,7n2Ycct7Beij7Dj7meI4X0,7tgTOUXm74GKA12wsQIUPu,DIVE,album,2024.0,0.913,2020,https://open.spotify.com/album/7tgTOUXm74GKA12wsQIUPu,https://i.scdn.co/image/ab67616d0000b27378e8c649cad4b29b6044737f,exact,94.62,['pop'],"['j_pop', 'k_pop']","['pop', 'j_pop', 'k_pop']","['pop', 'k_pop']",['j_pop'],3,2,1,8.7164,2.9055,0,1,False
TWICE,TWICE,7n2Ycct7Beij7Dj7meI4X0,5cnrcbdcdt6BJgAig9Tn3P,I GOT YOU (Voyage ver.),album,2024.0,0.913,2020,https://open.spotify.com/album/5cnrcbdcdt6BJgAig9Tn3P,https://i.scdn.co/image/ab67616d0000b273d112b7516a0a23058a819764,exact,89.62,['pop'],['k_pop'],"['pop', 'k_pop']","['pop', 'k_pop']",[],2,2,0,2.1831,1.0916,0,1,False
TWICE,TWICE,7n2Ycct7Beij7Dj7meI4X0,37WsLE5Eny9CTmF9CPzWIq,THE REMIXES,album,2023.0,0.8696,2020,https://open.spotify.com/album/37WsLE5Eny9CTmF9CPzWIq,https://i.scdn.co/image/ab67616d0000b27385567802f7f91610875b2669,exact,94.62,"['electronic', 'pop']",['k_pop'],"['electronic', 'pop', 'k_pop']","['pop', 'k_pop']",['electronic'],3,2,1,7.1243,2.3748,0,1,False
TWICE,TWICE,7n2Ycct7Beij7Dj7meI4X0,7hzP5i7StxYG4StECA0rrJ,READY TO BE,album,2023.0,0.8696,2020,https://open.spotify.com/album/7hzP5i7StxYG4StECA0rrJ,https://i.scdn.co/image/ab67616d0000b27359f57a5ca507a3d3fed81ea6,exact,94.62,['pop'],['k_pop'],"['pop', 'k_pop']","['pop', 'k_pop']",[],2,2,0,2.1831,1.0916,0,1,False
TWICE,TWICE,7n2Ycct7Beij7Dj7meI4X0,3NZ94nQbqimcu2i71qhc4f,BETWEEN 1&2,album,2022.0,0.8261,2020,https://open.spotify.com/album/3NZ94nQbqimcu2i71qhc4f,https://i.scdn.co/image/ab67616d0000b273c3040848e6ef0e132c5c8340,exact,94.62,['pop'],['k_pop'],"['pop', 'k_pop']","['pop', 'k_pop']",[],2,2,0,2.1831,1.0916,0,1,False
TWICE,TWICE,7n2Ycct7Beij7Dj7meI4X0,1nqz3cEjuvCMo8RHLBI9kM,Celebrate,album,2022.0,0.8261,2020,https://open.spotify.com/album/1nqz3cEjuvCMo8RHLBI9kM,https://i.scdn.co/image/ab67616d0000b27396f409e230a8f42400c901f1,exact,94.62,['pop'],"['j_pop', 'k_pop']","['pop', 'j_pop', 'k_pop']","['pop', 'k_pop']",['j_pop'],3,2,1,8.7164,2.9055,0,1,False
TWICE,TWICE,7n2Ycct7Beij7Dj7meI4X0,5052Ip89wdW8EGdpjEpNeq,Formula of Love: O+T=<3,album,2021.0,0.7826,2020,https://open.spotify.com/album/5052Ip89wdW8EGdpjEpNeq,https://i.scdn.co/image/ab67616d0000b273d1961ecb307c9e05ec8f7e82,exact,94.62,"['electronic', 'pop']",['k_pop'],"['electronic', 'pop', 'k_pop']","['pop', 'k_pop']",['electronic'],3,2,1,7.1243,2.3748,0,1,False
TWICE,TWICE,7n2Ycct7Beij7Dj7meI4X0,17rk8h2IU4wwSFXw9j2uR6,Perfect World,album,2021.0,0.7826,2020,https://open.spotify.com/album/17rk8h2IU4wwSFXw9j2uR6,https://i.scdn.co/image/ab67616d0000b273579e945923463492cb43a5ce,exact,94.62,['pop'],['k_pop'],"['pop', 'k_pop']","['pop', 'k_pop']",[],2,2,0,2.1831,1.0916,0,1,False
TWICE,TWICE,7n2Ycct7Beij7Dj7meI4X0,33jypnU7WULxPaVrjj4RXH,Eyes Wide Open,album,2020.0,0.7391,2020,https://open.spotify.com/album/33jypnU7WULxPaVrjj4RXH,https://i.scdn.co/image/ab67616d0000b2736570fd05bcff5edcb16e617d,exact,94.62,['pop'],['k_pop'],"['pop', 'k_pop']","['pop', 'k_pop']",[],2,2,0,2.1831,1.0916,0,1,False
TWICE,TWICE,7n2Ycct7Beij7Dj7meI4X0,5KsduuDNWzt65TaHzmtciv,MORE & MORE,album,2020.0,0.7391,2020,https://open.spotify.com/album/5KsduuDNWzt65TaHzmtciv,https://i.scdn.co/image/ab67616d0000b27324869424ae632466b839a8a8,exact,94.62,['pop'],['k_pop'],"['pop', 'k_pop']","['pop', 'k_pop']",[],2,2,0,2.1831,1.0916,0,1,False
TWICE,TWICE,7n2Ycct7Beij7Dj7meI4X0,64Tvx7Ca3BjA4STHq1wFap,&TWICE (Repackage),album,2020.0,0.7391,2020,https://open.spotify.com/album/64Tvx7Ca3BjA4STHq1wFap,https://i.scdn.co/image/ab67616d0000b27329e7568dbd16f270b3d96db4,exact,94.62,['pop'],['j_pop'],"['pop', 'j_pop']",['pop'],['j_pop'],2,1,1,7.5333,3.7666,0,1,False
TWICE,TWICE,7n2Ycct7Beij7Dj7meI4X0,3NQBPabmRm3LzVcmtkTLfo,Feel Special,album,2019.0,0.6957,2010,https://open.spotify.com/album/3NQBPabmRm3LzVcmtkTLfo,https://i.scdn.co/image/ab67616d0000b273a6b5e9128d7029ebb48bcf2b,exact,94.62,['pop'],['k_pop'],"['pop', 'k_pop']","['pop', 'k_pop']",[],2,2,0,2.1831,1.0916,0,1,False
TWICE,TWICE,7n2Ycct7Beij7Dj7meI4X0,2MwyDQhotK4B1WcZ5ogrtB,&TWICE,album,2019.0,0.6957,2010,https://open.spotify.com/album/2MwyDQhotK4B1WcZ5ogrtB,https://i.scdn.co/image/ab67616d0000b273e1a385e04bf82e0313fd6375,exact,94.62,"['electronic', 'pop']",['j_pop'],"['electronic', 'pop', 'j_pop']",['pop'],"['electronic', 'j_pop']",3,1,2,12.4745,4.1582,0,1,False
TWICE,TWICE,7n2Ycct7Beij7Dj7meI4X0,1dZtA3Lt9sUGqkM6KWY92x,BDZ (Repackage),album,2018.0,0.6522,2010,https://open.spotify.com/album/1dZtA3Lt9sUGqkM6KWY92x,https://i.scdn.co/image/ab67616d0000b273cc72cf8eb5fc820d2cb571d6,exact,94.62,['pop'],['j_pop'],"['pop', 'j_pop']",['pop'],['j_pop'],2,1,1,7.5333,3.7666,0,1,False
TWICE,TWICE,7n2Ycct7Beij7Dj7meI4X0,0pzmyJftuTK7i4HLjnfq1n,"The year of ""YES""",album,2018.0,0.6522,2010,https://open.spotify.com/album/0pzmyJftuTK7i4HLjnfq1n,https://i.scdn.co/image/ab67616d0000b2734a56fcda1fac62cef09790e4,exact,94.62,"['electronic', 'pop']",['k_pop'],"['electronic', 'pop', 'k_pop']","['pop', 'k_pop']",['electronic'],3,2,1,7.1243,2.3748,0,1,False
TWICE,TWICE,7n2Ycct7Beij7Dj7meI4X0,25VunQEW0x2W6ALND2Mh4g,YES or YES,album,2018.0,0.6522,2010,https://open.spotify.com/album/25VunQEW0x2W6ALND2Mh4g,https://i.scdn.co/image/ab67616d0000b273140ba24506e300382e08e6ec,exact,94.62,['pop'],['k_pop'],"['pop', 'k_pop']","['pop', 'k_pop']",[],2,2,0,2.1831,1.0916,0,1,False
TWICE,TWICE,7n2Ycct7Beij7Dj7meI4X0,2GKTroaa4ysyhEdvzpvUoM,Summer Nights,album,2018.0,0.6522,2010,https://open.spotify.com/album/2GKTroaa4ysyhEdvzpvUoM,https://i.scdn.co/image/ab67616d0000b27340d7efd2594a2b6bda60ea18,exact,94.62,['pop'],['k_pop'],"['pop', 'k_pop']","['pop', 'k_pop']",[],2,2,0,2.1831,1.0916,0,1,False
TWICE,TWICE,7n2Ycct7Beij7Dj7meI4X0,0R7pj4tnmcoUulrZGPo6nw,Merry & Happy,album,2017.0,0.6087,2010,https://open.spotify.com/album/0R7pj4tnmcoUulrZGPo6nw,https://i.scdn.co/image/ab67616d0000b273f0d00e054e9a9cb2e86cdf72,exact,94.62,['pop'],"['k_pop', 'ballad', 'bubblegum']","['pop', 'k_pop', 'ballad', 'bubblegum']","['pop', 'k_pop']","['ballad', 'bubblegum']",4,2,2,152.1285,38.0321,0,1,False
TWICE,TWICE,7n2Ycct7Beij7Dj7meI4X0,3hJXmK5gWN9P6jtZL0Lr2y,Twicetagram,album,2017.0,0.6087,2010,https://open.spotify.com/album/3hJXmK5gWN9P6jtZL0Lr2y,https://i.scdn.co/image/ab67616d0000b2736034eda385497f614778f457,exact,94.62,['pop'],['k_pop'],"['pop', 'k_pop']","['pop', 'k_pop']",[],2,2,0,2.1831,1.0916,0,1,False
TWICE,TWICE,7n2Ycct7Beij7Dj7meI4X0,2Mw8oK3aJKmOa9YGWqpN2W,Twicecoaster: Lane 2,album,2017.0,0.6087,2010,https://open.spotify.com/album/2Mw8oK3aJKmOa9YGWqpN2W,https://i.scdn.co/image/ab67616d0000b273836dfeeabc0e33ace0227d47,exact,94.62,"['electronic', 'pop']","['synth-pop', 'dance_pop', 'k_pop']","['electronic', 'pop', 'synth-pop', 'dance_pop', 'k_pop']","['pop', 'k_pop']","['electronic', 'synth-pop', 'dance_pop']",5,2,3,65.2586,13.0517,0,1,False
TWICE,TWICE,7n2Ycct7Beij7Dj7meI4X0,5zQhaDNbiXHRqd8Y51I4vy,Twicecoaster: Lane 1,album,2016.0,0.5652,2010,https://open.spotify.com/album/5zQhaDNbiXHRqd8Y51I4vy,https://i.scdn.co/image/ab67616d0000b273387444ab2fc1f08dfe7915ab,exact,94.62,"['electronic', 'pop']","['synth-pop', 'dance_pop', 'rhythm_&_blues', 'pop_rap', 'k_pop']","['electronic', 'pop', 'synth-pop', 'dance_pop', 'rhythm_&_blues', 'pop_rap', 'k_pop']","['pop', 'k_pop']","['electronic', 'synth-pop', 'dance_pop', 'rhythm_&_blues', 'pop_rap']",7,2,5,177.2586,25.3227,0,1,False
TWICE,TWICE,7n2Ycct7Beij7Dj7meI4X0,7H559hhWLuJbRWRJlQTFRG,#TWICE5 (Japanese ver.),single,2025.0,0.9565,2020,https://open.spotify.com/album/7H559hhWLuJbRWRJlQTFRG,https://i.scdn.co/image/ab67616d0000b27312617daa0d566acc73ca18c5,fuzzy,67.95,"['electronic', 'pop']","['j_pop', 'k_pop', 'dance_pop']","['electronic', 'pop', 'j_pop', 'k_pop', 'dance_pop']","['pop', 'k_pop']","['electronic', 'j_pop', 'dance_pop']",5,2,3,24.7519,4.9504,1,0,False
TWICE,TWICE,7n2Ycct7Beij7Dj7meI4X0,6PwkJ9EQOmvMawvqrXHtlL,Strategy 2.0,single,2024.0,0.913,2020,https://open.spotify.com/album/6PwkJ9EQOmvMawvqrXHtlL,https://i.scdn.co/image/ab67616d0000b27369862a16aa32a9d881e4eebc,exact,80.62,['pop'],['k_pop'],"['pop', 'k_pop']","['pop', 'k_pop']",[],2,2,0,2.1831,1.0916,1,0,False
TWICE,TWICE,7n2Ycct7Beij7Dj7meI4X0,0riep5s1F9ynpobjOSzbcr,DIVE,single,2024.0,0.913,2020,https://open.spotify.com/album/0riep5s1F9ynpobjOSzbcr,https://i.scdn.co/image/ab67616d0000b273081e9aced6c0d5968ac30d07,exact,89.62,['pop'],"['j_pop', 'k_pop']","['pop', 'j_pop', 'k_pop']","['pop', 'k_pop']",['j_pop'],3,2,1,8.7164,2.9055,1,0,False
TWICE,TWICE,7n2Ycct7Beij7Dj7meI4X0,0aKGDywT16N2AgQMLNlDJO,ONE SPARK,single,2024.0,0.913,2020,https://open.spotify.com/album/0aKGDywT16N2AgQMLNlDJO,https://i.scdn.co/image/ab67616d0000b273a070ee0f9d473b1ed07a76b3,exact,89.62,"['electronic', 'pop']","['k_pop', 'house', 'contemporary_r&b']","['electronic', 'pop', 'k_pop', 'house', 'contemporary_r&b']","['pop', 'k_pop']","['electronic', 'house', 'contemporary_r&b']",5,2,3,140.198,28.0396,1,0,False
TWICE,TWICE,7n2Ycct7Beij7Dj7meI4X0,575TQDOQqc0MAheeEeKWUR,With YOU-th,single,2024.0,0.913,2020,https://open.spotify.com/album/575TQDOQqc0MAheeEeKWUR,https://i.scdn.co/image/ab67616d0000b273bd8c739ce7e59ae9414c7a26,exact,89.62,['pop'],['k_pop'],"['pop', 'k_pop']","['pop', 'k_pop']",[],2,2,0,2.1831,1.0916,1,0,False
TWICE,TWICE,7n2Ycct7Beij7Dj7meI4X0,6RZHj6L3NqrvcKeiBHQbjL,I GOT YOU,single,2024.0,0.913,2020,https://open.spotify.com/album/6RZHj6L3NqrvcKeiBHQbjL,https://i.scdn.co/image/ab67616d0000b273d6a4458287c74322874a3d70,exact,94.62,['pop'],['k_pop'],"['pop', 'k_pop']","['pop', 'k_pop']",[],2,2,0,2.1831,1.0916,1,0,False
TWICE,TWICE,7n2Ycct7Beij7Dj7meI4X0,1Z7QoKOpqAWfiHnurlsiti,Dance Again,single,2023.0,0.8696,2020,https://open.spotify.com/album/1Z7QoKOpqAWfiHnurlsiti,https://i.scdn.co/image/ab67616d0000b2733755cfc462b1cc218e9bbec5,exact,94.62,['pop'],['j_pop'],"['pop', 'j_pop']",['pop'],['j_pop'],2,1,1,7.5333,3.7666,1,0,False
TWICE,TWICE,7n2Ycct7Beij7Dj7meI4X0,7hF6oiU4zaIQIGjLhje1eG,Hare Hare,single,2023.0,0.8696,2020,https://open.spotify.com/album/7hF6oiU4zaIQIGjLhje1eG,https://i.scdn.co/image/ab67616d0000b273ef7771b41d6d7136095c7677,exact,94.62,['pop'],"['k_pop', 'j_pop']","['pop', 'k_pop', 'j_pop']","['pop', 'k_pop']",['j_pop'],3,2,1,8.7164,2.9055,1,0,False
TWICE,TWICE,7n2Ycct7Beij7Dj7meI4X0,0ymqvaOiilJa797C3Y2mZh,Hare Hare,single,2023.0,0.8696,2020,https://open.spotify.com/album/0ymqvaOiilJa797C3Y2mZh,https://i.scdn.co/image/ab67616d0000b2733ca0cdd9472aa0e44e4ea444,exact,94.62,['pop'],"['k_pop', 'j_pop']","['pop', 'k_pop', 'j_pop']","['pop', 'k_pop']",['j_pop'],3,2,1,8.7164,2.9055,1,0,False
TWICE,TWICE,7n2Ycct7Beij7Dj7meI4X0,6lEtnxGk1CMv0ZbhI6i0eD,SET ME FREE (Remixes),single,2023.0,0.8696,2020,https://open.spotify.com/album/6lEtnxGk1CMv0ZbhI6i0eD,https://i.scdn.co/image/ab67616d0000b273007589ece84a7bd7e848367e,fuzzy,74.62,"['electronic', 'pop']",['k_pop'],"['electronic', 'pop', 'k_pop']","['pop', 'k_pop']",['electronic'],3,2,1,7.1243,2.3748,1,0,False
TWICE,TWICE,7n2Ycct7Beij7Dj7meI4X0,5ya9sryT3d0UH4Uh37lg9z,MOONLIGHT SUNRISE (The Remixes),single,2023.0,0.8696,2020,https://open.spotify.com/album/5ya9sryT3d0UH4Uh37lg9z,https://i.scdn.co/image/ab67616d0000b2734a7dcf1b107b2a1101b0189e,exact,94.62,['pop'],[],['pop'],['pop'],[],1,1,0,1.0,1.0,1,0,False
TWICE,TWICE,7n2Ycct7Beij7Dj7meI4X0,3Haj0Fa9S49LCeYcOiODcL,MOONLIGHT SUNRISE,single,2023.0,0.8696,2020,https://open.spotify.com/album/3Haj0Fa9S49LCeYcOiODcL,https://i.scdn.co/image/ab67616d0000b2736887b017d077dfc5787a3e23,exact,94.62,['pop'],[],['pop'],['pop'],[],1,1,0,1.0,1.0,1,0,False
TWICE,TWICE,7n2Ycct7Beij7Dj7meI4X0,3JWwlQso9kjpJ7q7aw8C2F,Celebrate,single,2022.0,0.8261,2020,https://open.spotify.com/album/3JWwlQso9kjpJ7q7aw8C2F,https://i.scdn.co/image/ab67616d0000b273c5b34e22c26ee36af18aa30b,exact,89.62,['pop'],"['j_pop', 'k_pop']","['pop', 'j_pop', 'k_pop']","['pop', 'k_pop']",['j_pop'],3,2,1,8.7164,2.9055,1,0,False
TWICE,TWICE,7n2Ycct7Beij7Dj7meI4X0,580je4ls7G3Ul39rZzqXOC,Just be yourself,single,2022.0,0.8261,2020,https://open.spotify.com/album/580je4ls7G3Ul39rZzqXOC,https://i.scdn.co/image/ab67616d0000b2735836c9ca81d5f42636ac516e,exact,94.62,['pop'],['j_pop'],"['pop', 'j_pop']",['pop'],['j_pop'],2,1,1,7.5333,3.7666,1,0,False
TWICE,TWICE,7n2Ycct7Beij7Dj7meI4X0,5UMKm3ihuSD9WQDkwQ7btX,#TWICE4 (Japanese ver.),single,2022.0,0.8261,2020,https://open.spotify.com/album/5UMKm3ihuSD9WQDkwQ7btX,https://i.scdn.co/image/ab67616d0000b273cd893140a41c1ae2dde3ff2f,fuzzy,67.95,['pop'],"['k_pop', 'j_pop']","['pop', 'k_pop', 'j_pop']","['pop', 'k_pop']",['j_pop'],3,2,1,8.7164,2.9055,1,0,False
TWICE,TWICE,7n2Ycct7Beij7Dj7meI4X0,1eIMbbLLxejimwwLW4Rdl8,Doughnut,single,2021.0,0.7826,2020,https://open.spotify.com/album/1eIMbbLLxejimwwLW4Rdl8,https://i.scdn.co/image/ab67616d0000b2730473f043c97904b21b5c077c,exact,94.62,"['funk_/_soul', 'pop']","['k_pop', 'contemporary_r&b', 'soul']","['funk_/_soul', 'pop', 'k_pop', 'contemporary_r&b', 'soul']","['pop', 'k_pop']","['funk_/_soul', 'contemporary_r&b', 'soul']",5,2,3,150.9368,30.1874,1,0,False
TWICE,TWICE,7n2Ycct7Beij7Dj7meI4X0,2g8Uav5MCzs3B4pJO9U24p,Doughnut,single,2021.0,0.7826,2020,https://open.spotify.com/album/2g8Uav5MCzs3B4pJO9U24p,https://i.scdn.co/image/ab67616d0000b273335c759b5c4f08f82e98dcff,exact,94.62,"['funk_/_soul', 'pop']","['k_pop', 'contemporary_r&b', 'soul']","['funk_/_soul', 'pop', 'k_pop', 'contemporary_r&b', 'soul']","['pop', 'k_pop']","['funk_/_soul', 'contemporary_r&b', 'soul']",5,2,3,150.9368,30.1874,1,0,False
TWICE,TWICE,7n2Ycct7Beij7Dj7meI4X0,5kaDKzyrE5Cx9c4mLQZ6b1,The Feels,single,2021.0,0.7826,2020,https://open.spotify.com/album/5kaDKzyrE5Cx9c4mLQZ6b1,https://i.scdn.co/image/ab67616d0000b273b4065df00eb93304f9949033,exact,94.62,['pop'],[],['pop'],['pop'],[],1,1,0,1.0,1.0,1,0,False
TWICE,TWICE,7n2Ycct7Beij7Dj7meI4X0,012FDe5q7Af7H9dy47DjVJ,Perfect World,single,2021.0,0.7826,2020,https://open.spotify.com/album/012FDe5q7Af7H9dy47DjVJ,https://i.scdn.co/image/ab67616d0000b273f03d2f58b841a522e9354c7a,exact,89.62,['pop'],['k_pop'],"['pop', 'k_pop']","['pop', 'k_pop']",[],2,2,0,2.1831,1.0916,1,0,False
TWICE,TWICE,7n2Ycct7Beij7Dj7meI4X0,00vb6sViDbJLmLLchfbRh4,Taste of Love,single,2021.0,0.7826,2020,https://open.spotify.com/album/00vb6sViDbJLmLLchfbRh4,https://i.scdn.co/image/ab67616d0000b273feede28e85bb57807a272a2b,exact,89.62,['pop'],['k_pop'],"['pop', 'k_pop']","['pop', 'k_pop']",[],2,2,0,2.1831,1.0916,1,0,False
TWICE,TWICE,7n2Ycct7Beij7Dj7meI4X0,1O0im7AhkMRTT37tzHmEXX,Kura Kura,single,2021.0,0.7826,2020,https://open.spotify.com/album/1O0im7AhkMRTT37tzHmEXX,https://i.scdn.co/image/ab67616d0000b2738930a11d2c09cf004cbc8319,exact,94.62,['pop'],"['j_pop', 'k_pop']","['pop', 'j_pop', 'k_pop']","['pop', 'k_pop']",['j_pop'],3,2,1,8.7164,2.9055,1,0,False
TWICE,TWICE,7n2Ycct7Beij7Dj7meI4X0,5FMslDParbcWQ7o5FQqCWf,Kura Kura,single,2021.0,0.7826,2020,https://open.spotify.com/album/5FMslDParbcWQ7o5FQqCWf,https://i.scdn.co/image/ab67616d0000b2731ef6aeee7c252a0bb7f9ac32,exact,94.62,['pop'],"['j_pop', 'k_pop']","['pop', 'j_pop', 'k_pop']","['pop', 'k_pop']",['j_pop'],3,2,1,8.7164,2.9055,1,0,False
TWICE,TWICE,7n2Ycct7Beij7Dj7meI4X0,2aRAPmBCEdo9pWimsI5l87,CRY FOR ME,single,2020.0,0.7391,2020,https://open.spotify.com/album/2aRAPmBCEdo9pWimsI5l87,https://i.scdn.co/image/ab67616d0000b2738ae9084b7cfa8281932d9cb9,exact,94.62,['pop'],['k_pop'],"['pop', 'k_pop']","['pop', 'k_pop']",[],2,2,0,2.1831,1.0916,1,0,False
TWICE,TWICE,7n2Ycct7Beij7Dj7meI4X0,2xOUnTpb8hfcyPRrZOIVus,BETTER,single,2020.0,0.7391,2020,https://open.spotify.com/album/2xOUnTpb8hfcyPRrZOIVus,https://i.scdn.co/image/ab67616d0000b273282f518a2a0c59dcaa03b2d0,exact,94.62,['pop'],"['k_pop', 'j_pop']","['pop', 'k_pop', 'j_pop']","['pop', 'k_pop']",['j_pop'],3,2,1,8.7164,2.9055,1,0,False
TWICE,TWICE,7n2Ycct7Beij7Dj7meI4X0,2jOvgj6NJc1l5SBApgFaZC,BETTER,single,2020.0,0.7391,2020,https://open.spotify.com/album/2jOvgj6NJc1l5SBApgFaZC,https://i.scdn.co/image/ab67616d0000b273c43616dae1f1f63886679cbc,exact,94.62,['pop'],"['k_pop', 'j_pop']","['pop', 'k_pop', 'j_pop']","['pop', 'k_pop']",['j_pop'],3,2,1,8.7164,2.9055,1,0,False
TWICE,TWICE,7n2Ycct7Beij7Dj7meI4X0,5CCOdkAWMzHFQCky3Lbfw5,#TWICE3,single,2020.0,0.7391,2020,https://open.spotify.com/album/5CCOdkAWMzHFQCky3Lbfw5,https://i.scdn.co/image/ab67616d0000b273fefed3d6b5ab00009658fd6c,exact,89.62,"['electronic', 'pop']","['j_pop', 'ballad']","['electronic', 'pop', 'j_pop', 'ballad']",['pop'],"['electronic', 'j_pop', 'ballad']",4,1,3,31.7532,7.9383,1,0,False
TWICE,TWICE,7n2Ycct7Beij7Dj7meI4X0,6B5Dh9UinsLGWTwUJAI08L,Fanfare,single,2020.0,0.7391,2020,https://open.spotify.com/album/6B5Dh9UinsLGWTwUJAI08L,https://i.scdn.co/image/ab67616d0000b273ade8765d00020885cf80fee2,exact,94.62,['pop'],['j_pop'],"['pop', 'j_pop']",['pop'],['j_pop'],2,1,1,7.5333,3.7666,1,0,False
TWICE,TWICE,7n2Ycct7Beij7Dj7meI4X0,47bxLQc3jt9EcpFXOECxVA,Fanfare,single,2020.0,0.7391,2020,https://open.spotify.com/album/47bxLQc3jt9EcpFXOECxVA,https://i.scdn.co/image/ab67616d0000b2736a1200e944003a293abb0b99,exact,94.62,['pop'],['j_pop'],"['pop', 'j_pop']",['pop'],['j_pop'],2,1,1,7.5333,3.7666,1,0,False
TWICE,TWICE,7n2Ycct7Beij7Dj7meI4X0,7dU0vceNngXWT2XZUU4y9W,Breakthrough,single,2019.0,0.6957,2010,https://open.spotify.com/album/7dU0vceNngXWT2XZUU4y9W,https://i.scdn.co/image/ab67616d0000b273c80b550c6c72bf6d072d3506,exact,94.62,['pop'],['k_pop'],"['pop', 'k_pop']","['pop', 'k_pop']",[],2,2,0,2.1831,1.0916,1,0,False
TWICE,TWICE,7n2Ycct7Beij7Dj7meI4X0,21OEpd5p9vaNQcDMTu05in,HAPPY HAPPY,single,2019.0,0.6957,2010,https://open.spotify.com/album/21OEpd5p9vaNQcDMTu05in,https://i.scdn.co/image/ab67616d0000b273d299bd25e0e15304ebd2bcf3,exact,94.62,['pop'],['j_pop'],"['pop', 'j_pop']",['pop'],['j_pop'],2,1,1,7.5333,3.7666,1,0,False
TWICE,TWICE,7n2Ycct7Beij7Dj7meI4X0,7L4aQ3NuXn10GinA6Fs2pc,HAPPY HAPPY,single,2019.0,0.6957,2010,https://open.spotify.com/album/7L4aQ3NuXn10GinA6Fs2pc,https://i.scdn.co/image/ab67616d0000b273d87bbac80270543603866468,exact,94.62,['pop'],['j_pop'],"['pop', 'j_pop']",['pop'],['j_pop'],2,1,1,7.5333,3.7666,1,0,False
TWICE,TWICE,7n2Ycct7Beij7Dj7meI4X0,7LWfEiSeue9BXPbUOH34q6,Breakthrough,single,2019.0,0.6957,2010,https://open.spotify.com/album/7LWfEiSeue9BXPbUOH34q6,https://i.scdn.co/image/ab67616d0000b273f091c9841ed6033937fdb7e5,exact,94.62,['pop'],['k_pop'],"['pop', 'k_pop']","['pop', 'k_pop']",[],2,2,0,2.1831,1.0916,1,0,False
TWICE,TWICE,7n2Ycct7Beij7Dj7meI4X0,3aLpWFejbsdyafODLXRqwF,FANCY YOU,single,2019.0,0.6957,2010,https://open.spotify.com/album/3aLpWFejbsdyafODLXRqwF,https://i.scdn.co/image/ab67616d0000b273ff7c2dfd0ed9b2cf6bf9c818,exact,89.62,['pop'],['k_pop'],"['pop', 'k_pop']","['pop', 'k_pop']",[],2,2,0,2.1831,1.0916,1,0,False
TWICE,TWICE,7n2Ycct7Beij7Dj7meI4X0,2QmO12UqPp1BQN4kSGtcAx,#TWICE2,single,2019.0,0.6957,2010,https://open.spotify.com/album/2QmO12UqPp1BQN4kSGtcAx,https://i.scdn.co/image/ab67616d0000b2737d71499086377bee624360c0,exact,89.62,"['electronic', 'pop']","['bubblegum', 'j_pop', 'k_pop', 'dance_pop']","['electronic', 'pop', 'bubblegum', 'j_pop', 'k_pop', 'dance_pop']","['pop', 'k_pop']","['electronic', 'bubblegum', 'j_pop', 'dance_pop']",6,2,4,155.4186,25.9031,1,0,False
TWICE,TWICE,7n2Ycct7Beij7Dj7meI4X0,7lbNjJbfXVb5HjmtApXLY2,STAY BY MY SIDE,single,2018.0,0.6522,2010,https://open.spotify.com/album/7lbNjJbfXVb5HjmtApXLY2,https://i.scdn.co/image/ab67616d0000b2738fe5c97f5ef2ad8160561c00,exact,94.62,['pop'],['j_pop'],"['pop', 'j_pop']",['pop'],['j_pop'],2,1,1,7.5333,3.7666,1,0,False
TWICE,TWICE,7n2Ycct7Beij7Dj7meI4X0,2F7xpLoOrO1LzYO95ZNq62,BDZ,single,2018.0,0.6522,2010,https://open.spotify.com/album/2F7xpLoOrO1LzYO95ZNq62,https://i.scdn.co/image/ab67616d0000b273b203cd8af91203e0cd07d3d0,exact,89.62,['pop'],"['k_pop', 'j_pop', 'bubblegum']","['pop', 'k_pop', 'j_pop', 'bubblegum']","['pop', 'k_pop']","['j_pop', 'bubblegum']",4,2,2,139.3831,34.8458,1,0,False
TWICE,TWICE,7n2Ycct7Beij7Dj7meI4X0,5DOl2VlVp5epRomVwPdGDQ,I WANT YOU BACK,single,2018.0,0.6522,2010,https://open.spotify.com/album/5DOl2VlVp5epRomVwPdGDQ,https://i.scdn.co/image/ab67616d0000b273bd8a5313d8077eb7ceb7664c,exact,94.62,['pop'],[],['pop'],['pop'],[],1,1,0,1.0,1.0,1,0,False
TWICE,TWICE,7n2Ycct7Beij7Dj7meI4X0,6IAy5NUKOpoJ3RHC9snSmI,Wake Me Up,single,2018.0,0.6522,2010,https://open.spotify.com/album/6IAy5NUKOpoJ3RHC9snSmI,https://i.scdn.co/image/ab67616d0000b27357f1b1435b128f2771fb13b8,exact,94.62,['pop'],['j_pop'],"['pop', 'j_pop']",['pop'],['j_pop'],2,1,1,7.5333,3.7666,1,0,False
TWICE,TWICE,7n2Ycct7Beij7Dj7meI4X0,4VAiOU0kXKxArdsYA1SHup,Wake Me Up,single,2018.0,0.6522,2010,https://open.spotify.com/album/4VAiOU0kXKxArdsYA1SHup,https://i.scdn.co/image/ab67616d0000b273aeb5177508bf097654d6cc7a,exact,94.62,['pop'],['j_pop'],"['pop', 'j_pop']",['pop'],['j_pop'],2,1,1,7.5333,3.7666,1,0,False
TWICE,TWICE,7n2Ycct7Beij7Dj7meI4X0,5o5cJ6yZmcyy4y4hK0J6de,What is Love?,single,2018.0,0.6522,2010,https://open.spotify.com/album/5o5cJ6yZmcyy4y4hK0J6de,https://i.scdn.co/image/ab67616d0000b273fd6721d30b8015d8401913cc,exact,89.62,['pop'],['k_pop'],"['pop', 'k_pop']","['pop', 'k_pop']",[],2,2,0,2.1831,1.0916,1,0,False
TWICE,TWICE,7n2Ycct7Beij7Dj7meI4X0,4t6JjDorVawKA34IhApYC4,Candy Pop,single,2018.0,0.6522,2010,https://open.spotify.com/album/4t6JjDorVawKA34IhApYC4,https://i.scdn.co/image/ab67616d0000b27345698c3fb8abbf752415d298,exact,94.62,['pop'],['k_pop'],"['pop', 'k_pop']","['pop', 'k_pop']",[],2,2,0,2.1831,1.0916,1,0,False
TWICE,TWICE,7n2Ycct7Beij7Dj7meI4X0,20tQIMCWsH5GjJUlSX5tBb,One More Time,single,2017.0,0.6087,2010,https://open.spotify.com/album/20tQIMCWsH5GjJUlSX5tBb,https://i.scdn.co/image/ab67616d0000b2736734e7730498eb0d63df66f5,exact,94.62,['pop'],['j_pop'],"['pop', 'j_pop']",['pop'],['j_pop'],2,1,1,7.5333,3.7666,1,0,False
TWICE,TWICE,7n2Ycct7Beij7Dj7meI4X0,3RU5xvGbTAXCWoUSqGf7dk,#TWICE,single,2017.0,0.6087,2010,https://open.spotify.com/album/3RU5xvGbTAXCWoUSqGf7dk,https://i.scdn.co/image/ab67616d0000b273eebb3680e85749a50f96feaf,exact,89.62,"['electronic', 'pop']","['j_pop', 'synth-pop']","['electronic', 'pop', 'j_pop', 'synth-pop']",['pop'],"['electronic', 'j_pop', 'synth-pop']",4,1,3,59.5145,14.8786,1,0,False
TWICE,TWICE,7n2Ycct7Beij7Dj7meI4X0,28PwDunFAR71toOCTYRvkf,SIGNAL,single,2017.0,0.6087,2010,https://open.spotify.com/album/28PwDunFAR71toOCTYRvkf,https://i.scdn.co/image/ab67616d0000b273cd73a6412b7618e3f9164b55,exact,89.62,['pop'],['k_pop'],"['pop', 'k_pop']","['pop', 'k_pop']",[],2,2,0,2.1831,1.0916,1,0,False
TWICE,TWICE,7n2Ycct7Beij7Dj7meI4X0,6q2oUEqL9uzVXHCeKoA8JV,PAGE TWO,single,2016.0,0.5652,2010,https://open.spotify.com/album/6q2oUEqL9uzVXHCeKoA8JV,https://i.scdn.co/image/ab67616d0000b273acf4830dde5e17d356b80ae8,exact,89.62,['pop'],['k_pop'],"['pop', 'k_pop']","['pop', 'k_pop']",[],2,2,0,2.1831,1.0916,1,0,False
TWICE,TWICE,7n2Ycct7Beij7Dj7meI4X0,72WWZVAx6GtSbEeGESwDLo,The Story Begins,single,2015.0,0.5217,2010,https://open.spotify.com/album/72WWZVAx6GtSbEeGESwDLo,https://i.scdn.co/image/ab67616d0000b273ce17f432c79c5e45ce88688f,exact,89.62,['pop'],['k_pop'],"['pop', 'k_pop']","['pop', 'k_pop']",[],2,2,0,2.1831,1.0916,1,0,False
Red Velvet,Red Velvet,1z4g3DjTBBZKhvAroFlhOM,5lHtH6O6mCnVx1MNuPPBQK,Cosmic,album,2024.0,0.913,2020,https://open.spotify.com/album/5lHtH6O6mCnVx1MNuPPBQK,https://i.scdn.co/image/ab67616d0000b27333f4f800b259791768d04f40,exact,100.0,['pop'],['k_pop'],"['pop', 'k_pop']","['pop', 'k_pop']",[],2,2,0,2.1831,1.0916,0,1,False
Red Velvet,Red Velvet,1z4g3DjTBBZKhvAroFlhOM,4ualu7nMAcmoAqp47YaA95,Bloom,album,2022.0,0.8261,2020,https://open.spotify.com/album/4ualu7nMAcmoAqp47YaA95,https://i.scdn.co/image/ab67616d0000b2739d750d969d227e6506a2c176,exact,100.0,['pop'],['j_pop'],"['pop', 'j_pop']",['pop'],['j_pop'],2,1,1,7.5333,3.7666,0,1,False
Red Velvet,Red Velvet,1z4g3DjTBBZKhvAroFlhOM,3rVtm00UfbuzWOewdm4iYM,‘The ReVe Festival’ Finale,album,2019.0,0.6957,2010,https://open.spotify.com/album/3rVtm00UfbuzWOewdm4iYM,https://i.scdn.co/image/ab67616d0000b273df5022bdf1ac4bf52135c4be,exact,99.11,['pop'],['k_pop'],"['pop', 'k_pop']","['pop', 'k_pop']",[],2,2,0,2.1831,1.0916,0,1,False
Red Velvet,Red Velvet,1z4g3DjTBBZKhvAroFlhOM,5zWa1ZEUBctbKqvwXbFawo,Summer Magic - Summer Mini Album,album,2018.0,0.6522,2010,https://open.spotify.com/album/5zWa1ZEUBctbKqvwXbFawo,https://i.scdn.co/image/ab67616d0000b2736017bca98dea58ceddea77c1,exact,81.62,['pop'],['k_pop'],"['pop', 'k_pop']","['pop', 'k_pop']",[],2,2,0,2.1831,1.0916,0,1,False
Red Velvet,Red Velvet,1z4g3DjTBBZKhvAroFlhOM,0OAG4YmXn8wCLAiXZFCTUb,Cosmic,single,2024.0,0.913,2020,https://open.spotify.com/album/0OAG4YmXn8wCLAiXZFCTUb,https://i.scdn.co/image/ab67616d0000b2737344014579bc17a2c4730ece,exact,95.91,['pop'],['k_pop'],"['pop', 'k_pop']","['pop', 'k_pop']",[],2,2,0,2.1831,1.0916,1,0,False
Red Velvet,Red Velvet,1z4g3DjTBBZKhvAroFlhOM,10M8ccltzArj4gzfYQu9hn,iScreaM Vol.25 : Red Flavor Remix,single,2023.0,0.8696,2020,https://open.spotify.com/album/10M8ccltzArj4gzfYQu9hn,https://i.scdn.co/image/ab67616d0000b273ea1ffa333e2422134d2b6a88,exact,81.34,"['electronic', 'pop']",['k_pop'],"['electronic', 'pop', 'k_pop']","['pop', 'k_pop']",['electronic'],3,2,1,7.1243,2.3748,1,0,False
Red Velvet,Red Velvet,1z4g3DjTBBZKhvAroFlhOM,58OR7UoaJkJzqeQGClHzh1,‘The ReVe Festival 2022 - Birthday’,single,2022.0,0.8261,2020,https://open.spotify.com/album/58OR7UoaJkJzqeQGClHzh1,https://i.scdn.co/image/ab67616d0000b273d2ef237da7f94762997c2083,exact,94.5,['pop'],['k_pop'],"['pop', 'k_pop']","['pop', 'k_pop']",[],2,2,0,2.1831,1.0916,1,0,False
Red Velvet,Red Velvet,1z4g3DjTBBZKhvAroFlhOM,3HgoCO9wWuPcNhz8Ip4C46,‘The ReVe Festival 2022 - Feel My Rhythm’,single,2022.0,0.8261,2020,https://open.spotify.com/album/3HgoCO9wWuPcNhz8Ip4C46,https://i.scdn.co/image/ab67616d0000b2738c4a282e84a53c1c8acf129a,exact,94.72,['pop'],['k_pop'],"['pop', 'k_pop']","['pop', 'k_pop']",[],2,2,0,2.1831,1.0916,1,0,False
Red Velvet,Red Velvet,1z4g3DjTBBZKhvAroFlhOM,6Pe5LGQgU3mmvuRjFMsACV,Queendom - The 6th Mini Album,single,2021.0,0.7826,2020,https://open.spotify.com/album/6Pe5LGQgU3mmvuRjFMsACV,https://i.scdn.co/image/ab67616d0000b273830de2e836036f181df598d0,fuzzy,71.48,"['hip_hop', 'pop']",['k_pop'],"['hip_hop', 'pop', 'k_pop']","['pop', 'k_pop']",['hip_hop'],3,2,1,7.2521,2.4174,1,0,False
Red Velvet,Red Velvet,1z4g3DjTBBZKhvAroFlhOM,0MYodAzFX64jToQpE5jWNW,Our Beloved BoA #4 - SM STATION,single,2020.0,0.7391,2020,https://open.spotify.com/album/0MYodAzFX64jToQpE5jWNW,https://i.scdn.co/image/ab67616d0000b2731ff5d88a4453ce83682ab209,exact,90.38,['pop'],['k_pop'],"['pop', 'k_pop']","['pop', 'k_pop']",[],2,2,0,2.1831,1.0916,1,0,False
Red Velvet,Red Velvet,1z4g3DjTBBZKhvAroFlhOM,3DXz6ItR9DzIw9S0h3Cxfc,‘The ReVe Festival’ Day 2,single,2019.0,0.6957,2010,https://open.spotify.com/album/3DXz6ItR9DzIw9S0h3Cxfc,https://i.scdn.co/image/ab67616d0000b2733a7804057d817ff9f68ca85c,exact,94.03,['pop'],['k_pop'],"['pop', 'k_pop']","['pop', 'k_pop']",[],2,2,0,2.1831,1.0916,1,0,False
Red Velvet,Red Velvet,1z4g3DjTBBZKhvAroFlhOM,2nLEiP268mSFZHW5dajM4R,‘The ReVe Festival’ Day 1,single,2019.0,0.6957,2010,https://open.spotify.com/album/2nLEiP268mSFZHW5dajM4R,https://i.scdn.co/image/ab67616d0000b27370a04b3e66d6a4a38237dc7f,exact,94.03,['pop'],['k_pop'],"['pop', 'k_pop']","['pop', 'k_pop']",[],2,2,0,2.1831,1.0916,1,0,False
Red Velvet,Red Velvet,1z4g3DjTBBZKhvAroFlhOM,4n2UdASUneo56k6Uk5ZRIb,SAPPY,single,2019.0,0.6957,2010,https://open.spotify.com/album/4n2UdASUneo56k6Uk5ZRIb,https://i.scdn.co/image/ab67616d0000b2738e81896206136337b03c15c6,exact,95.91,['pop'],[],['pop'],['pop'],[],1,1,0,1.0,1.0,1,0,False
Red Velvet,Red Velvet,1z4g3DjTBBZKhvAroFlhOM,3rViQRN8GMdIrUymVBh0IG,Sayonara,single,2019.0,0.6957,2010,https://open.spotify.com/album/3rViQRN8GMdIrUymVBh0IG,https://i.scdn.co/image/ab67616d0000b2731830cf707098bac512f52dba,fuzzy,71.68,['pop'],[],['pop'],['pop'],[],1,1,0,1.0,1.0,1,0,False
Red Velvet,Red Velvet,1z4g3DjTBBZKhvAroFlhOM,4W6K0DP1YlZ48JlvdKCkZh,#Cookie Jar,single,2018.0,0.6522,2010,https://open.spotify.com/album/4W6K0DP1YlZ48JlvdKCkZh,https://i.scdn.co/image/ab67616d0000b2739acd884a943f3630236a5ca3,exact,95.91,['pop'],['k_pop'],"['pop', 'k_pop']","['pop', 'k_pop']",[],2,2,0,2.1831,1.0916,1,0,False
Red Velvet,Red Velvet,1z4g3DjTBBZKhvAroFlhOM,3N2kQMt5yVXyGAVUDxzqup,Rebirth - SM STATION,single,2017.0,0.6087,2010,https://open.spotify.com/album/3N2kQMt5yVXyGAVUDxzqup,https://i.scdn.co/image/ab67616d0000b27331e0373e4903af2be9cadc4a,fuzzy,75.6,"['electronic', 'pop']",['k_pop'],"['electronic', 'pop', 'k_pop']","['pop', 'k_pop']",['electronic'],3,2,1,7.1243,2.3748,1,0,False
Red Velvet,Red Velvet,1z4g3DjTBBZKhvAroFlhOM,6OXg149IkmbgW7zfzbwgS2,The Red Summer - Summer Mini Album,single,2017.0,0.6087,2010,https://open.spotify.com/album/6OXg149IkmbgW7zfzbwgS2,https://i.scdn.co/image/ab67616d0000b2738164cd1a2e03b7ca2db9ff5e,fuzzy,78.3,"['electronic', 'pop']","['k_pop', 'dance_pop', 'tropical_house', 'contemporary_r&b', 'ballad']","['electronic', 'pop', 'k_pop', 'dance_pop', 'tropical_house', 'contemporary_r&b', 'ballad']","['pop', 'k_pop']","['electronic', 'dance_pop', 'tropical_house', 'contemporary_r&b', 'ballad']",7,2,5,640.971,91.5673,1,0,False
Red Velvet,Red Velvet,1z4g3DjTBBZKhvAroFlhOM,55Pg6r2oJfQaVm3yzhgZsG,Would U - SM STATION,single,2017.0,0.6087,2010,https://open.spotify.com/album/55Pg6r2oJfQaVm3yzhgZsG,https://i.scdn.co/image/ab67616d0000b27303f0ae1be05283665ac60f7f,exact,81.11,['pop'],['k_pop'],"['pop', 'k_pop']","['pop', 'k_pop']",[],2,2,0,2.1831,1.0916,1,0,False
Red Velvet,Red Velvet,1z4g3DjTBBZKhvAroFlhOM,69a7YNzhApHfLFwHvPkCso,세가지 소원 Wish Tree - WINTER GARDEN,single,2015.0,0.5217,2010,https://open.spotify.com/album/69a7YNzhApHfLFwHvPkCso,https://i.scdn.co/image/ab67616d0000b2733e2194d332ceeb0ab6018b21,exact,100.0,['pop'],['k_pop'],"['pop', 'k_pop']","['pop', 'k_pop']",[],2,2,0,2.1831,1.0916,1,0,False
Red Velvet,Red Velvet,1z4g3DjTBBZKhvAroFlhOM,6MMkaYzyM0aLZmDBce3nL6,행복(Happiness),single,2014.0,0.4783,2010,https://open.spotify.com/album/6MMkaYzyM0aLZmDBce3nL6,https://i.scdn.co/image/ab67616d0000b273ccd9a8fe25e9ae6039ac6ce6,exact,88.31,['pop'],['k_pop'],"['pop', 'k_pop']","['pop', 'k_pop']",[],2,2,0,2.1831,1.0916,1,0,False
MAMAMOO,MAMAMOO,0XATRDCYuuGhk0oE7C0o5G,20h4dMCIGutPFvLDoeSgyV,I SAY MAMAMOO: THE BEST -Japan Edition-,album,2022.0,0.8261,2020,https://open.spotify.com/album/20h4dMCIGutPFvLDoeSgyV,https://i.scdn.co/image/ab67616d0000b2733d02a588b6c2108079ab3e39,exact,85.0,['pop'],['k_pop'],"['pop', 'k_pop']","['pop', 'k_pop']",[],2,2,0,2.1831,1.0916,0,1,False
MAMAMOO,MAMAMOO,0XATRDCYuuGhk0oE7C0o5G,2yApvdfgG74FlAW2L4tlTW,I SAY MAMAMOO : THE BEST,album,2021.0,0.7826,2020,https://open.spotify.com/album/2yApvdfgG74FlAW2L4tlTW,https://i.scdn.co/image/ab67616d0000b2734b348a6a6078e6403373f5c9,exact,100.0,['pop'],['k_pop'],"['pop', 'k_pop']","['pop', 'k_pop']",[],2,2,0,2.1831,1.0916,0,1,False
MAMAMOO,MAMAMOO,0XATRDCYuuGhk0oE7C0o5G,7CucpzwxAZ6kHmctI9eo4X,reality in BLACK,album,2019.0,0.6957,2010,https://open.spotify.com/album/7CucpzwxAZ6kHmctI9eo4X,https://i.scdn.co/image/ab67616d0000b2739d650d0d98caf3f54b842a0b,exact,100.0,['pop'],['k_pop'],"['pop', 'k_pop']","['pop', 'k_pop']",[],2,2,0,2.1831,1.0916,0,1,False
MAMAMOO,MAMAMOO,0XATRDCYuuGhk0oE7C0o5G,11hjJntrvmauDoga4Krr0U,Melting,album,2016.0,0.5652,2010,https://open.spotify.com/album/11hjJntrvmauDoga4Krr0U,https://i.scdn.co/image/ab67616d0000b27338fc902e1d368df7fc0d77a3,exact,100.0,['pop'],['k_pop'],"['pop', 'k_pop']","['pop', 'k_pop']",[],2,2,0,2.1831,1.0916,0,1,False
MAMAMOO,MAMAMOO,0XATRDCYuuGhk0oE7C0o5G,6TOnqVuglIk6Db2TdUwTcZ,MIC ON,single,2022.0,0.8261,2020,https://open.spotify.com/album/6TOnqVuglIk6Db2TdUwTcZ,https://i.scdn.co/image/ab67616d0000b27322f0e32bfb91476f0ad96656,exact,100.0,['pop'],['k_pop'],"['pop', 'k_pop']","['pop', 'k_pop']",[],2,2,0,2.1831,1.0916,1,0,False
MAMAMOO,MAMAMOO,0XATRDCYuuGhk0oE7C0o5G,2sYVD9enlclhmaxa88lYfL,Where Are We Now -Japanese ver.-,single,2021.0,0.7826,2020,https://open.spotify.com/album/2sYVD9enlclhmaxa88lYfL,https://i.scdn.co/image/ab67616d0000b2739dff32cb914bfeb94c3e59bc,fuzzy,74.57,['pop'],['k_pop'],"['pop', 'k_pop']","['pop', 'k_pop']",[],2,2,0,2.1831,1.0916,1,0,False
MAMAMOO,MAMAMOO,0XATRDCYuuGhk0oE7C0o5G,0gt7dy4ONFo6uc8D5w2WNi,WAW,single,2021.0,0.7826,2020,https://open.spotify.com/album/0gt7dy4ONFo6uc8D5w2WNi,https://i.scdn.co/image/ab67616d0000b273ae843591bcdace9489c86fb0,exact,100.0,['pop'],['k_pop'],"['pop', 'k_pop']","['pop', 'k_pop']",[],2,2,0,2.1831,1.0916,1,0,False
MAMAMOO,MAMAMOO,0XATRDCYuuGhk0oE7C0o5G,2UYCHgkSzhrKNrYwvkAZqo,AYA -Japanese ver.-,single,2021.0,0.7826,2020,https://open.spotify.com/album/2UYCHgkSzhrKNrYwvkAZqo,https://i.scdn.co/image/ab67616d0000b273b92c1b22fef3356626da330d,fuzzy,75.0,['pop'],['k_pop'],"['pop', 'k_pop']","['pop', 'k_pop']",[],2,2,0,2.1831,1.0916,1,0,False
MAMAMOO,MAMAMOO,0XATRDCYuuGhk0oE7C0o5G,6p0tuDpcDzTsRu5e2t4y2Z,Dingga -Japanese ver.-,single,2021.0,0.7826,2020,https://open.spotify.com/album/6p0tuDpcDzTsRu5e2t4y2Z,https://i.scdn.co/image/ab67616d0000b27354acd9d1d1c0727d6cbdb6a4,fuzzy,73.46,['pop'],['k_pop'],"['pop', 'k_pop']","['pop', 'k_pop']",[],2,2,0,2.1831,1.0916,1,0,False
MAMAMOO,MAMAMOO,0XATRDCYuuGhk0oE7C0o5G,3xje7wSW2xwQx2GNJ5cfNu,TRAVEL,single,2020.0,0.7391,2020,https://open.spotify.com/album/3xje7wSW2xwQx2GNJ5cfNu,https://i.scdn.co/image/ab67616d0000b2731cc469da4da1bccfa16867be,exact,100.0,['pop'],['k_pop'],"['pop', 'k_pop']","['pop', 'k_pop']",[],2,2,0,2.1831,1.0916,1,0,False
MAMAMOO,MAMAMOO,0XATRDCYuuGhk0oE7C0o5G,4xzsBcZaK04c8IE5iVyMNK,Dingga,single,2020.0,0.7391,2020,https://open.spotify.com/album/4xzsBcZaK04c8IE5iVyMNK,https://i.scdn.co/image/ab67616d0000b273b4fd0ba98f675df97c5748b1,exact,83.48,['pop'],['k_pop'],"['pop', 'k_pop']","['pop', 'k_pop']",[],2,2,0,2.1831,1.0916,1,0,False
MAMAMOO,MAMAMOO,0XATRDCYuuGhk0oE7C0o5G,0n62copUsWrST9M6AsYfZI,WANNA BE MYSELF,single,2020.0,0.7391,2020,https://open.spotify.com/album/0n62copUsWrST9M6AsYfZI,https://i.scdn.co/image/ab67616d0000b273520ea0d948ced66d1c1764e2,exact,100.0,['pop'],['k_pop'],"['pop', 'k_pop']","['pop', 'k_pop']",[],2,2,0,2.1831,1.0916,1,0,False
MAMAMOO,MAMAMOO,0XATRDCYuuGhk0oE7C0o5G,5KU7aVkSpbJtl8c7rM1a4o,reality in BLACK,single,2019.0,0.6957,2010,https://open.spotify.com/album/5KU7aVkSpbJtl8c7rM1a4o,https://i.scdn.co/image/ab67616d0000b2731cb2c2083998e4e60deff7f7,exact,100.0,['pop'],['k_pop'],"['pop', 'k_pop']","['pop', 'k_pop']",[],2,2,0,2.1831,1.0916,1,0,False
MAMAMOO,MAMAMOO,0XATRDCYuuGhk0oE7C0o5G,5PnM5Z96F1b6BiHGmeYoNq,Gleam,single,2019.0,0.6957,2010,https://open.spotify.com/album/5PnM5Z96F1b6BiHGmeYoNq,https://i.scdn.co/image/ab67616d0000b273e001193315e5f9c22106ce37,exact,100.0,['pop'],['k_pop'],"['pop', 'k_pop']","['pop', 'k_pop']",[],2,2,0,2.1831,1.0916,1,0,False
MAMAMOO,MAMAMOO,0XATRDCYuuGhk0oE7C0o5G,7jYDV7y5kJbTlAtZhBPsuw,White Wind,single,2019.0,0.6957,2010,https://open.spotify.com/album/7jYDV7y5kJbTlAtZhBPsuw,https://i.scdn.co/image/ab67616d0000b273c8e62a322b3eee6f7b566379,exact,100.0,['pop'],['k_pop'],"['pop', 'k_pop']","['pop', 'k_pop']",[],2,2,0,2.1831,1.0916,1,0,False
MAMAMOO,MAMAMOO,0XATRDCYuuGhk0oE7C0o5G,60m09rutmwj5ewOJoFIAVY,White Wind,single,2019.0,0.6957,2010,https://open.spotify.com/album/60m09rutmwj5ewOJoFIAVY,https://i.scdn.co/image/ab67616d0000b2738612b3a74fefaf72ddc92d08,exact,100.0,['pop'],['k_pop'],"['pop', 'k_pop']","['pop', 'k_pop']",[],2,2,0,2.1831,1.0916,1,0,False
MAMAMOO,MAMAMOO,0XATRDCYuuGhk0oE7C0o5G,5pxK6JvOlLYYcg5swF07Hl,Wind flower (Japanese ver.),single,2019.0,0.6957,2010,https://open.spotify.com/album/5pxK6JvOlLYYcg5swF07Hl,https://i.scdn.co/image/ab67616d0000b27323914c18755e5eb0e327526c,exact,100.0,"['electronic', 'pop']","['j_pop', 'k_pop']","['electronic', 'pop', 'j_pop', 'k_pop']","['pop', 'k_pop']","['electronic', 'j_pop']",4,2,2,13.6576,3.4144,1,0,False
MAMAMOO,MAMAMOO,0XATRDCYuuGhk0oE7C0o5G,7jull9AqIxs23ZNsYcQDwk,BLUE;S,single,2018.0,0.6522,2010,https://open.spotify.com/album/7jull9AqIxs23ZNsYcQDwk,https://i.scdn.co/image/ab67616d0000b273c323f41808f17698e98de52d,exact,100.0,['pop'],['k_pop'],"['pop', 'k_pop']","['pop', 'k_pop']",[],2,2,0,2.1831,1.0916,1,0,False
MAMAMOO,MAMAMOO,0XATRDCYuuGhk0oE7C0o5G,59QELOU685J1AMB2paryAx,BLUE;S,single,2018.0,0.6522,2010,https://open.spotify.com/album/59QELOU685J1AMB2paryAx,https://i.scdn.co/image/ab67616d0000b273b1f57af57a103eb28110c9d8,exact,100.0,['pop'],['k_pop'],"['pop', 'k_pop']","['pop', 'k_pop']",[],2,2,0,2.1831,1.0916,1,0,False
MAMAMOO,MAMAMOO,0XATRDCYuuGhk0oE7C0o5G,3ze2COsxMLiqWqkKv1twdq,Decalcomanie (Japanese ver.),single,2018.0,0.6522,2010,https://open.spotify.com/album/3ze2COsxMLiqWqkKv1twdq,https://i.scdn.co/image/ab67616d0000b2733bcc572d56585b8573b980a3,exact,100.0,"['electronic', 'pop']","['j_pop', 'k_pop']","['electronic', 'pop', 'j_pop', 'k_pop']","['pop', 'k_pop']","['electronic', 'j_pop']",4,2,2,13.6576,3.4144,1,0,False
MAMAMOO,MAMAMOO,0XATRDCYuuGhk0oE7C0o5G,3vlnS8olJIlCACkLBbHYP2,RED MOON,single,2018.0,0.6522,2010,https://open.spotify.com/album/3vlnS8olJIlCACkLBbHYP2,https://i.scdn.co/image/ab67616d0000b2736e3cf1788fa660f04ac43e23,exact,100.0,['pop'],['k_pop'],"['pop', 'k_pop']","['pop', 'k_pop']",[],2,2,0,2.1831,1.0916,1,0,False
MAMAMOO,MAMAMOO,0XATRDCYuuGhk0oE7C0o5G,1WGfdNasOiGf5kG3JvFXtf,Rainy Season,single,2018.0,0.6522,2010,https://open.spotify.com/album/1WGfdNasOiGf5kG3JvFXtf,https://i.scdn.co/image/ab67616d0000b2731018dbd3acea8e7ffa74c2c6,fuzzy,73.0,['pop'],['k_pop'],"['pop', 'k_pop']","['pop', 'k_pop']",[],2,2,0,2.1831,1.0916,1,0,False
MAMAMOO,MAMAMOO,0XATRDCYuuGhk0oE7C0o5G,7zIvhrdl7dvtucNw4tSd62,Yellow Flower,single,2018.0,0.6522,2010,https://open.spotify.com/album/7zIvhrdl7dvtucNw4tSd62,https://i.scdn.co/image/ab67616d0000b273da15e45948cdd794ec819052,exact,100.0,['pop'],['k_pop'],"['pop', 'k_pop']","['pop', 'k_pop']",[],2,2,0,2.1831,1.0916,1,0,False
MAMAMOO,MAMAMOO,0XATRDCYuuGhk0oE7C0o5G,4m89RpBz5h7RwySzGvrNjx,Purple,single,2017.0,0.6087,2010,https://open.spotify.com/album/4m89RpBz5h7RwySzGvrNjx,https://i.scdn.co/image/ab67616d0000b2737cbfe58410b36a457029b760,exact,100.0,"['electronic', 'jazz', 'pop']","['dance_pop', 'synth-pop', 'tropical_house', 'ballad', 'k_pop']","['electronic', 'jazz', 'pop', 'dance_pop', 'synth-pop', 'tropical_house', 'ballad', 'k_pop']","['pop', 'k_pop']","['electronic', 'jazz', 'dance_pop', 'synth-pop', 'tropical_house', 'ballad']",8,2,6,819.5373,102.4422,1,0,False
MAMAMOO,MAMAMOO,0XATRDCYuuGhk0oE7C0o5G,3Q34hV5fBbMpRpADmlptr7,MEMORY,single,2016.0,0.5652,2010,https://open.spotify.com/album/3Q34hV5fBbMpRpADmlptr7,https://i.scdn.co/image/ab67616d0000b273733b6abfa76a28b999feb572,exact,100.0,['pop'],['k_pop'],"['pop', 'k_pop']","['pop', 'k_pop']",[],2,2,0,2.1831,1.0916,1,0,False
MAMAMOO,MAMAMOO,0XATRDCYuuGhk0oE7C0o5G,4yNFPLbVnxIxYp06oQ4oio,NEW YORK,single,2016.0,0.5652,2010,https://open.spotify.com/album/4yNFPLbVnxIxYp06oQ4oio,https://i.scdn.co/image/ab67616d0000b27386a87ecba99945f55b999be9,fuzzy,74.29,['pop'],['k_pop'],"['pop', 'k_pop']","['pop', 'k_pop']",[],2,2,0,2.1831,1.0916,1,0,False
MAMAMOO,MAMAMOO,0XATRDCYuuGhk0oE7C0o5G,5Fy5PyBWqMNK7xvXO9Q32f,Pink Funky,single,2015.0,0.5217,2010,https://open.spotify.com/album/5Fy5PyBWqMNK7xvXO9Q32f,https://i.scdn.co/image/ab67616d0000b273a6ea41f7103f07588c18bbdb,exact,100.0,['pop'],['k_pop'],"['pop', 'k_pop']","['pop', 'k_pop']",[],2,2,0,2.1831,1.0916,1,0,False
MAMAMOO,MAMAMOO,0XATRDCYuuGhk0oE7C0o5G,5M1P5o8df8uPew1DW66Zzo,AHH OOP!,single,2015.0,0.5217,2010,https://open.spotify.com/album/5M1P5o8df8uPew1DW66Zzo,https://i.scdn.co/image/ab67616d0000b273294f31a8fcf4d989ff1c1cef,exact,93.16,['funk_/_soul'],[],['funk_/_soul'],[],['funk_/_soul'],1,0,1,15.68,15.68,1,0,False
MAMAMOO,MAMAMOO,0XATRDCYuuGhk0oE7C0o5G,1kdURRaOTpDCQqsVIU5CiT,Piano Man,single,2014.0,0.4783,2010,https://open.spotify.com/album/1kdURRaOTpDCQqsVIU5CiT,https://i.scdn.co/image/ab67616d0000b2737752724657197df65e7c82f9,exact,100.0,['pop'],['k_pop'],"['pop', 'k_pop']","['pop', 'k_pop']",[],2,2,0,2.1831,1.0916,1,0,False
MAMAMOO,MAMAMOO,0XATRDCYuuGhk0oE7C0o5G,3Z9cZon6ukg4rvGYu7i4NA,HELLO,single,2014.0,0.4783,2010,https://open.spotify.com/album/3Z9cZon6ukg4rvGYu7i4NA,https://i.scdn.co/image/ab67616d0000b27367f8236540d6f145e2f0baa1,exact,100.0,['pop'],['k_pop'],"['pop', 'k_pop']","['pop', 'k_pop']",[],2,2,0,2.1831,1.0916,1,0,False
MAMAMOO,MAMAMOO,0XATRDCYuuGhk0oE7C0o5G,1HMznQm8Tf1KevCu34DerN,Heeheehaheho,single,2014.0,0.4783,2010,https://open.spotify.com/album/1HMznQm8Tf1KevCu34DerN,https://i.scdn.co/image/ab67616d0000b273672988045bff39f9028b23d2,fuzzy,70.88,['pop'],['k_pop'],"['pop', 'k_pop']","['pop', 'k_pop']",[],2,2,0,2.1831,1.0916,1,0,False
GOT7,GOT7,6nfDaffa50mKtEOwR8g4df,0M6kdJcIA81S9pnIa5pofW,Breath of Love: Last Piece,album,2020.0,0.7391,2020,https://open.spotify.com/album/0M6kdJcIA81S9pnIa5pofW,https://i.scdn.co/image/ab67616d0000b27386bd6660dbb30bd3680edfb4,exact,100.0,['pop'],['k_pop'],"['pop', 'k_pop']","['pop', 'k_pop']",[],2,2,0,2.1831,1.0916,0,1,False
GOT7,GOT7,6nfDaffa50mKtEOwR8g4df,4GcJuT0qH5hBPqRdWWMdpt,LOVE LOOP,album,2019.0,0.6957,2010,https://open.spotify.com/album/4GcJuT0qH5hBPqRdWWMdpt,https://i.scdn.co/image/ab67616d0000b273d1b4d36dd02808fad4723df6,exact,100.0,['pop'],['k_pop'],"['pop', 'k_pop']","['pop', 'k_pop']",[],2,2,0,2.1831,1.0916,0,1,False
GOT7,GOT7,6nfDaffa50mKtEOwR8g4df,3fU27GNCldKKSE40oLZPlD,&ME Edition,album,2018.0,0.6522,2010,https://open.spotify.com/album/3fU27GNCldKKSE40oLZPlD,https://i.scdn.co/image/ab67616d0000b2737174c84e68304f0321c61671,exact,85.38,['pop'],['k_pop'],"['pop', 'k_pop']","['pop', 'k_pop']",[],2,2,0,2.1831,1.0916,0,1,False
GOT7,GOT7,6nfDaffa50mKtEOwR8g4df,2Kkte1APGRFuPLmjRUgu4i,Present : YOU,album,2018.0,0.6522,2010,https://open.spotify.com/album/2Kkte1APGRFuPLmjRUgu4i,https://i.scdn.co/image/ab67616d0000b273ba3b411b9f431088dcf113b3,exact,85.38,['pop'],['k_pop'],"['pop', 'k_pop']","['pop', 'k_pop']",[],2,2,0,2.1831,1.0916,0,1,False
GOT7,GOT7,6nfDaffa50mKtEOwR8g4df,2ZTGndXcRVVjqyi3BJ5zFy,7 for 7,album,2017.0,0.6087,2010,https://open.spotify.com/album/2ZTGndXcRVVjqyi3BJ5zFy,https://i.scdn.co/image/ab67616d0000b273cde8024b99bb834102711812,exact,100.0,"['hip_hop', 'pop']",['k_pop'],"['hip_hop', 'pop', 'k_pop']","['pop', 'k_pop']",['hip_hop'],3,2,1,7.2521,2.4174,0,1,False
GOT7,GOT7,6nfDaffa50mKtEOwR8g4df,35c38TkgFG0AIh3P9ARrzZ,FLIGHT LOG : ARRIVAL,album,2017.0,0.6087,2010,https://open.spotify.com/album/35c38TkgFG0AIh3P9ARrzZ,https://i.scdn.co/image/ab67616d0000b273ad0884327d71a38da253394b,exact,100.0,['pop'],['k_pop'],"['pop', 'k_pop']","['pop', 'k_pop']",[],2,2,0,2.1831,1.0916,0,1,False
GOT7,GOT7,6nfDaffa50mKtEOwR8g4df,4VjN9G78z4A0gKFsBn3n3H,FLIGHT LOG : TURBULENCE,album,2016.0,0.5652,2010,https://open.spotify.com/album/4VjN9G78z4A0gKFsBn3n3H,https://i.scdn.co/image/ab67616d0000b273018069d230668573debff0f3,exact,100.0,"['hip_hop', 'pop']","['k_pop', 'contemporary_r&b']","['hip_hop', 'pop', 'k_pop', 'contemporary_r&b']","['pop', 'k_pop']","['hip_hop', 'contemporary_r&b']",4,2,2,22.7258,5.6814,0,1,False
GOT7,GOT7,6nfDaffa50mKtEOwR8g4df,4VnVKxKmuCz0FVIKSj6kg9,FLIGHT LOG : DEPARTURE,album,2016.0,0.5652,2010,https://open.spotify.com/album/4VnVKxKmuCz0FVIKSj6kg9,https://i.scdn.co/image/ab67616d0000b27391e95fe644af85b6ae90e705,exact,100.0,['pop'],['k_pop'],"['pop', 'k_pop']","['pop', 'k_pop']",[],2,2,0,2.1831,1.0916,0,1,False
GOT7,GOT7,6nfDaffa50mKtEOwR8g4df,3gFfgWCPBzgzQKbLlmBQ5S,Identify,album,2014.0,0.4783,2010,https://open.spotify.com/album/3gFfgWCPBzgzQKbLlmBQ5S,https://i.scdn.co/image/ab67616d0000b273009cf12f58c37236b1bad28d,exact,100.0,"['hip_hop', 'pop']",['k_pop'],"['hip_hop', 'pop', 'k_pop']","['pop', 'k_pop']",['hip_hop'],3,2,1,7.2521,2.4174,0,1,False
GOT7,GOT7,6nfDaffa50mKtEOwR8g4df,2KrRof53R397vP2TROZO6N,GOT♡,album,2014.0,0.4783,2010,https://open.spotify.com/album/2KrRof53R397vP2TROZO6N,https://i.scdn.co/image/ab67616d0000b2735ccbc49e589dece8244d6440,exact,87.0,['pop'],['k_pop'],"['pop', 'k_pop']","['pop', 'k_pop']",[],2,2,0,2.1831,1.0916,0,1,False
GOT7,GOT7,6nfDaffa50mKtEOwR8g4df,5SBLYLF6v5FafexVCvVh8R,Call My Name,single,2019.0,0.6957,2010,https://open.spotify.com/album/5SBLYLF6v5FafexVCvVh8R,https://i.scdn.co/image/ab67616d0000b273a90fb4d27179ca50d6ce92c2,exact,100.0,['pop'],['k_pop'],"['pop', 'k_pop']","['pop', 'k_pop']",[],2,2,0,2.1831,1.0916,1,0,False
GOT7,GOT7,6nfDaffa50mKtEOwR8g4df,7GIgAgJCxVn1rz9i9A0cyj,LOVE LOOP,single,2019.0,0.6957,2010,https://open.spotify.com/album/7GIgAgJCxVn1rz9i9A0cyj,https://i.scdn.co/image/ab67616d0000b273448e579c8f5b3acb1cc133c5,exact,100.0,['pop'],['k_pop'],"['pop', 'k_pop']","['pop', 'k_pop']",[],2,2,0,2.1831,1.0916,1,0,False
GOT7,GOT7,6nfDaffa50mKtEOwR8g4df,59fYApmznf1LAghMnUvDTr,SPINNING TOP : BETWEEN SECURITY & INSECURITY,single,2019.0,0.6957,2010,https://open.spotify.com/album/59fYApmznf1LAghMnUvDTr,https://i.scdn.co/image/ab67616d0000b273f81c598fdcc732775a561d89,exact,100.0,['pop'],['k_pop'],"['pop', 'k_pop']","['pop', 'k_pop']",[],2,2,0,2.1831,1.0916,1,0,False
GOT7,GOT7,6nfDaffa50mKtEOwR8g4df,5AP7jGeJR6GjMVBtsdIEuY,THE New Era,single,2018.0,0.6522,2010,https://open.spotify.com/album/5AP7jGeJR6GjMVBtsdIEuY,https://i.scdn.co/image/ab67616d0000b273483b0c3b4e9c32377031e641,exact,85.0,['pop'],['k_pop'],"['pop', 'k_pop']","['pop', 'k_pop']",[],2,2,0,2.1831,1.0916,1,0,False
GOT7,GOT7,6nfDaffa50mKtEOwR8g4df,4ndf5HnQwdqnlFpL5BriPL,Eyes On You,single,2018.0,0.6522,2010,https://open.spotify.com/album/4ndf5HnQwdqnlFpL5BriPL,https://i.scdn.co/image/ab67616d0000b273a128700172162139c595dba0,exact,100.0,['pop'],['k_pop'],"['pop', 'k_pop']","['pop', 'k_pop']",[],2,2,0,2.1831,1.0916,1,0,False
GOT7,GOT7,6nfDaffa50mKtEOwR8g4df,3k0sv2qrL3J9eeOuSZESNX,TURN UP,single,2017.0,0.6087,2010,https://open.spotify.com/album/3k0sv2qrL3J9eeOuSZESNX,https://i.scdn.co/image/ab67616d0000b27308f25840b4fda4da6db0944e,exact,100.0,['pop'],['k_pop'],"['pop', 'k_pop']","['pop', 'k_pop']",[],2,2,0,2.1831,1.0916,1,0,False
GOT7,GOT7,6nfDaffa50mKtEOwR8g4df,17wcTgCSx5LrL3L64IYIFz,MY SWAGGER,single,2017.0,0.6087,2010,https://open.spotify.com/album/17wcTgCSx5LrL3L64IYIFz,https://i.scdn.co/image/ab67616d0000b2734d7766b86bb65ece526d71ea,exact,100.0,['pop'],[],['pop'],['pop'],[],1,1,0,1.0,1.0,1,0,False
GOT7,GOT7,6nfDaffa50mKtEOwR8g4df,1O7vYLrpBkyZOXnh18MQhH,MY SWAGGER,single,2017.0,0.6087,2010,https://open.spotify.com/album/1O7vYLrpBkyZOXnh18MQhH,https://i.scdn.co/image/ab67616d0000b27370ec0f7c27fedafd9d9ab30e,exact,100.0,['pop'],[],['pop'],['pop'],[],1,1,0,1.0,1.0,1,0,False
GOT7,GOT7,6nfDaffa50mKtEOwR8g4df,2GatWVSUdJnGbGO5nCUQxC,MAD,single,2015.0,0.5217,2010,https://open.spotify.com/album/2GatWVSUdJnGbGO5nCUQxC,https://i.scdn.co/image/ab67616d0000b273ff496b0ee1e1b290a6e5cc93,exact,100.0,['pop'],['k_pop'],"['pop', 'k_pop']","['pop', 'k_pop']",[],2,2,0,2.1831,1.0916,1,0,False
GOT7,GOT7,6nfDaffa50mKtEOwR8g4df,0hRtcVLlfHj4zkc1vZOku5,Just Right,single,2015.0,0.5217,2010,https://open.spotify.com/album/0hRtcVLlfHj4zkc1vZOku5,https://i.scdn.co/image/ab67616d0000b273020c3f466cadb1ed7394926b,exact,100.0,['pop'],['k_pop'],"['pop', 'k_pop']","['pop', 'k_pop']",[],2,2,0,2.1831,1.0916,1,0,False
GOT7,GOT7,6nfDaffa50mKtEOwR8g4df,1PPRMhRE8VFqvdFaH1RHKF,LOVE TRAIN,single,2015.0,0.5217,2010,https://open.spotify.com/album/1PPRMhRE8VFqvdFaH1RHKF,https://i.scdn.co/image/ab67616d0000b27331c456499b950833d514fb28,exact,85.0,['pop'],['k_pop'],"['pop', 'k_pop']","['pop', 'k_pop']",[],2,2,0,2.1831,1.0916,1,0,False
GOT7,GOT7,6nfDaffa50mKtEOwR8g4df,5kHRVtX5YuvnXq5wMeE0Zd,AROUND THE WORLD,single,2014.0,0.4783,2010,https://open.spotify.com/album/5kHRVtX5YuvnXq5wMeE0Zd,https://i.scdn.co/image/ab67616d0000b2734f6b6650f3b5bd822ea77fdf,exact,100.0,"['hip_hop', 'pop']",[],"['hip_hop', 'pop']",['pop'],['hip_hop'],2,1,1,6.069,3.0345,1,0,False
GOT7,GOT7,6nfDaffa50mKtEOwR8g4df,47yWEcNGaaabbMgUKpgHgc,Got It?,single,2014.0,0.4783,2010,https://open.spotify.com/album/47yWEcNGaaabbMgUKpgHgc,https://i.scdn.co/image/ab67616d0000b27314e219f4966db6facc6e71a3,exact,100.0,['pop'],['k_pop'],"['pop', 'k_pop']","['pop', 'k_pop']",[],2,2,0,2.1831,1.0916,1,0,False
BLACKPINK,BLACKPINK,41MozSoPIsD1dJM0CLPjZF,7jaSNQUBJbvfbZHLNFrV7P,BORN PINK,album,2022.0,0.8261,2020,https://open.spotify.com/album/7jaSNQUBJbvfbZHLNFrV7P,https://i.scdn.co/image/ab67616d0000b2734aeaaeeb0755f1d8a8b51738,exact,100.0,['pop'],['k_pop'],"['pop', 'k_pop']","['pop', 'k_pop']",[],2,2,0,2.1831,1.0916,0,1,False
BLACKPINK,BLACKPINK,41MozSoPIsD1dJM0CLPjZF,5IDJBkr9EzMofENo4ScNxi,BLACKPINK 2021 'THE SHOW' LIVE,album,2021.0,0.7826,2020,https://open.spotify.com/album/5IDJBkr9EzMofENo4ScNxi,https://i.scdn.co/image/ab67616d0000b273d5e4203a5e8167435a0b7561,exact,85.0,"['hip_hop', 'pop']","['k_pop', 'pop_rap']","['hip_hop', 'pop', 'k_pop', 'pop_rap']","['pop', 'k_pop']","['hip_hop', 'pop_rap']",4,2,2,21.2521,5.313,0,1,False
BLACKPINK,BLACKPINK,41MozSoPIsD1dJM0CLPjZF,71O60S5gIJSIAhdnrDIh3N,THE ALBUM,album,2020.0,0.7391,2020,https://open.spotify.com/album/71O60S5gIJSIAhdnrDIh3N,https://i.scdn.co/image/ab67616d0000b2737dd8f95320e8ef08aa121dfe,exact,100.0,['pop'],['k_pop'],"['pop', 'k_pop']","['pop', 'k_pop']",[],2,2,0,2.1831,1.0916,0,1,False
BLACKPINK,BLACKPINK,41MozSoPIsD1dJM0CLPjZF,1dH4B2bWb5Ys7aszi9KWHA,"BLACKPINK ARENA TOUR 2018 ""SPECIAL FINAL IN KYOCERA DOME OSAKA""",album,2019.0,0.6957,2010,https://open.spotify.com/album/1dH4B2bWb5Ys7aszi9KWHA,https://i.scdn.co/image/ab67616d0000b2734eb5d1d2cb8e591441903c23,fuzzy,65.0,"['electronic', 'hip_hop', 'pop', 'stage_&_screen']","['k_pop', 'ballad', 'j_pop', 'synth-pop', 'dance_pop', 'concert_film']","['electronic', 'hip_hop', 'pop', 'stage_&_screen', 'k_pop', 'ballad', 'j_pop', 'synth-pop', 'dance_pop', 'concert_film']","['pop', 'k_pop']","['electronic', 'hip_hop', 'stage_&_screen', 'ballad', 'j_pop', 'synth-pop', 'dance_pop', 'concert_film']",10,2,8,1379.0487,137.9049,0,1,False
BLACKPINK,BLACKPINK,41MozSoPIsD1dJM0CLPjZF,4cpZazoKuj3jD6x2GrSX2w,BLACKPINK IN YOUR AREA (Japanese Version),album,2018.0,0.6522,2010,https://open.spotify.com/album/4cpZazoKuj3jD6x2GrSX2w,https://i.scdn.co/image/ab67616d0000b2735e07cea6a3c231c7d45785cb,fuzzy,72.46,"['electronic', 'hip_hop', 'pop', 'stage_&_screen']","['j_pop', 'k_pop', 'dance_pop', 'electro', 'music_video']","['electronic', 'hip_hop', 'pop', 'stage_&_screen', 'j_pop', 'k_pop', 'dance_pop', 'electro', 'music_video']","['pop', 'k_pop']","['electronic', 'hip_hop', 'stage_&_screen', 'j_pop', 'dance_pop', 'electro', 'music_video']",9,2,7,755.6774,83.9642,0,1,False
BLACKPINK,BLACKPINK,41MozSoPIsD1dJM0CLPjZF,2SrWldMz9dfCB7kAGQNbcC,DEADLINE,single,2026.0,1.0,2020,https://open.spotify.com/album/2SrWldMz9dfCB7kAGQNbcC,https://i.scdn.co/image/ab67616d0000b2738db56c674b13b3a4c6a4dbb8,exact,100.0,"['electronic', 'pop']","['dance_pop', 'k_pop', 'electro', 'synth-pop', 'techno']","['electronic', 'pop', 'dance_pop', 'k_pop', 'electro', 'synth-pop', 'techno']","['pop', 'k_pop']","['electronic', 'dance_pop', 'electro', 'synth-pop', 'techno']",7,2,5,684.206,97.7437,1,0,False
BLACKPINK,BLACKPINK,41MozSoPIsD1dJM0CLPjZF,0al74j1n8XIEkZMMFRfsbx,DEADLINE,single,2026.0,1.0,2020,https://open.spotify.com/album/0al74j1n8XIEkZMMFRfsbx,https://i.scdn.co/image/ab67616d0000b273d885644b72d5254dd621dc45,exact,100.0,"['electronic', 'pop']","['dance_pop', 'k_pop', 'electro', 'synth-pop', 'techno']","['electronic', 'pop', 'dance_pop', 'k_pop', 'electro', 'synth-pop', 'techno']","['pop', 'k_pop']","['electronic', 'dance_pop', 'electro', 'synth-pop', 'techno']",7,2,5,684.206,97.7437,1,0,False
BLACKPINK,BLACKPINK,41MozSoPIsD1dJM0CLPjZF,3hzoZlx2KwtvJEUl9piPWr,JUMP,single,2025.0,0.9565,2020,https://open.spotify.com/album/3hzoZlx2KwtvJEUl9piPWr,https://i.scdn.co/image/ab67616d0000b2736224d1236b0e0a0e1586efbb,exact,100.0,['pop'],['k_pop'],"['pop', 'k_pop']","['pop', 'k_pop']",[],2,2,0,2.1831,1.0916,1,0,False
BLACKPINK,BLACKPINK,41MozSoPIsD1dJM0CLPjZF,01K5Mr0IkO7GQrvoUEsWfS,THE GIRLS (BLACKPINK THE GAME OST),single,2023.0,0.8696,2020,https://open.spotify.com/album/01K5Mr0IkO7GQrvoUEsWfS,https://i.scdn.co/image/ab67616d0000b273a2ef2c1c668b6fdb1f346dd1,exact,100.0,['pop'],"['soundtrack', 'k_pop']","['pop', 'soundtrack', 'k_pop']","['pop', 'k_pop']",['soundtrack'],3,2,1,394.1831,131.3944,1,0,False
BLACKPINK,BLACKPINK,41MozSoPIsD1dJM0CLPjZF,3dZBZnDa3z20uEVnxR38M1,Pink Venom,single,2022.0,0.8261,2020,https://open.spotify.com/album/3dZBZnDa3z20uEVnxR38M1,https://i.scdn.co/image/ab67616d0000b273797b37e01334a0897825d8b1,exact,100.0,"['electronic', 'hip_hop', 'pop']",['k_pop'],"['electronic', 'hip_hop', 'pop', 'k_pop']","['pop', 'k_pop']","['electronic', 'hip_hop']",4,2,2,12.1933,3.0483,1,0,False
BLACKPINK,BLACKPINK,41MozSoPIsD1dJM0CLPjZF,4CoKhy1Ew4kb4kgonvnMXy,You Never Know (JP Ver.),single,2021.0,0.7826,2020,https://open.spotify.com/album/4CoKhy1Ew4kb4kgonvnMXy,https://i.scdn.co/image/ab67616d0000b27329b0e2247c443a608d894a2d,fuzzy,74.46,"['electronic', 'hip_hop', 'pop']","['k_pop', 'synth-pop', 'pop_rap', 'dance_pop', 'j_pop']","['electronic', 'hip_hop', 'pop', 'k_pop', 'synth-pop', 'pop_rap', 'dance_pop', 'j_pop']","['pop', 'k_pop']","['electronic', 'hip_hop', 'synth-pop', 'pop_rap', 'dance_pop', 'j_pop']",8,2,6,90.8609,11.3576,1,0,False
BLACKPINK,BLACKPINK,41MozSoPIsD1dJM0CLPjZF,7GSCElvTHw10xFfIHdibF1,Pretty Savage (JP Ver.),single,2021.0,0.7826,2020,https://open.spotify.com/album/7GSCElvTHw10xFfIHdibF1,https://i.scdn.co/image/ab67616d0000b2736b3f72663aefd9c39dd0dca4,exact,80.0,"['electronic', 'hip_hop', 'pop']","['k_pop', 'synth-pop', 'pop_rap', 'dance_pop', 'j_pop']","['electronic', 'hip_hop', 'pop', 'k_pop', 'synth-pop', 'pop_rap', 'dance_pop', 'j_pop']","['pop', 'k_pop']","['electronic', 'hip_hop', 'synth-pop', 'pop_rap', 'dance_pop', 'j_pop']",8,2,6,90.8609,11.3576,1,0,False
BLACKPINK,BLACKPINK,41MozSoPIsD1dJM0CLPjZF,5FAPIZrpcxQLLte8PlUvxS,How You Like That (JP Ver.),single,2021.0,0.7826,2020,https://open.spotify.com/album/5FAPIZrpcxQLLte8PlUvxS,https://i.scdn.co/image/ab67616d0000b2734685829353fb0a3bf3e61f32,fuzzy,79.75,"['electronic', 'hip_hop', 'pop']","['k_pop', 'synth-pop', 'pop_rap', 'dance_pop', 'j_pop']","['electronic', 'hip_hop', 'pop', 'k_pop', 'synth-pop', 'pop_rap', 'dance_pop', 'j_pop']","['pop', 'k_pop']","['electronic', 'hip_hop', 'synth-pop', 'pop_rap', 'dance_pop', 'j_pop']",8,2,6,90.8609,11.3576,1,0,False
BLACKPINK,BLACKPINK,41MozSoPIsD1dJM0CLPjZF,0nhyyhprFn6lcIAzTpmFDo,Lovesick Girls (JP Ver.),single,2021.0,0.7826,2020,https://open.spotify.com/album/0nhyyhprFn6lcIAzTpmFDo,https://i.scdn.co/image/ab67616d0000b273157030e2a5235c649af7284d,fuzzy,74.46,"['electronic', 'hip_hop', 'pop']","['k_pop', 'synth-pop', 'pop_rap', 'dance_pop', 'j_pop']","['electronic', 'hip_hop', 'pop', 'k_pop', 'synth-pop', 'pop_rap', 'dance_pop', 'j_pop']","['pop', 'k_pop']","['electronic', 'hip_hop', 'synth-pop', 'pop_rap', 'dance_pop', 'j_pop']",8,2,6,90.8609,11.3576,1,0,False
BLACKPINK,BLACKPINK,41MozSoPIsD1dJM0CLPjZF,2VBb4LRcRSACOfJWRUgVZl,Ice Cream (with Selena Gomez),single,2020.0,0.7391,2020,https://open.spotify.com/album/2VBb4LRcRSACOfJWRUgVZl,https://i.scdn.co/image/ab67616d0000b2733709f2400b95a7c6f22a7ee0,fuzzy,65.0,['pop'],['k_pop'],"['pop', 'k_pop']","['pop', 'k_pop']",[],2,2,0,2.1831,1.0916,1,0,False
BLACKPINK,BLACKPINK,41MozSoPIsD1dJM0CLPjZF,0uWttVLwkFxcW1PkBAsmZd,KILL THIS LOVE (JP Ver.),single,2019.0,0.6957,2010,https://open.spotify.com/album/0uWttVLwkFxcW1PkBAsmZd,https://i.scdn.co/image/ab67616d0000b2739dd7b15113e3d73005713d03,exact,100.0,['pop'],"['k_pop', 'j_pop']","['pop', 'k_pop', 'j_pop']","['pop', 'k_pop']",['j_pop'],3,2,1,8.7164,2.9055,1,0,False
BLACKPINK,BLACKPINK,41MozSoPIsD1dJM0CLPjZF,37OWAhKTXeHFcPPTkADa5v,DDU-DU DDU-DU (Remix JP Ver.),single,2019.0,0.6957,2010,https://open.spotify.com/album/37OWAhKTXeHFcPPTkADa5v,https://i.scdn.co/image/ab67616d0000b2734dad5ee9cd2b2b5827e46d32,fuzzy,74.15,['pop'],"['k_pop', 'j_pop']","['pop', 'k_pop', 'j_pop']","['pop', 'k_pop']",['j_pop'],3,2,1,8.7164,2.9055,1,0,False
BLACKPINK,BLACKPINK,41MozSoPIsD1dJM0CLPjZF,3PNxZ3BELbUXJ1XLktXiHz,KILL THIS LOVE,single,2019.0,0.6957,2010,https://open.spotify.com/album/3PNxZ3BELbUXJ1XLktXiHz,https://i.scdn.co/image/ab67616d0000b273e20e5c366b497518353497b0,exact,100.0,"['electronic', 'hip_hop', 'pop']","['k_pop', 'dance_pop', 'pop_rap']","['electronic', 'hip_hop', 'pop', 'k_pop', 'dance_pop', 'pop_rap']","['pop', 'k_pop']","['electronic', 'hip_hop', 'dance_pop', 'pop_rap']",6,2,4,37.2876,6.2146,1,0,False
BLACKPINK,BLACKPINK,41MozSoPIsD1dJM0CLPjZF,2811CkGSYR9SUtIoFWWiTk,DDU-DU DDU-DU,single,2018.0,0.6522,2010,https://open.spotify.com/album/2811CkGSYR9SUtIoFWWiTk,https://i.scdn.co/image/ab67616d0000b2731f75d0c821747a61af75441c,exact,100.0,"['electronic', 'pop']","['k_pop', 'hip_hop']","['electronic', 'pop', 'k_pop', 'hip_hop']","['pop', 'k_pop']","['electronic', 'hip_hop']",4,2,2,12.1933,3.0483,1,0,False
BLACKPINK,BLACKPINK,41MozSoPIsD1dJM0CLPjZF,0wOiWrujRbxlKEGWRQpKYc,SQUARE UP,single,2018.0,0.6522,2010,https://open.spotify.com/album/0wOiWrujRbxlKEGWRQpKYc,https://i.scdn.co/image/ab67616d0000b273bfd46639322b597331d9ecef,exact,100.0,"['electronic', 'pop']",['k_pop'],"['electronic', 'pop', 'k_pop']","['pop', 'k_pop']",['electronic'],3,2,1,7.1243,2.3748,1,0,False
BLACKPINK,BLACKPINK,41MozSoPIsD1dJM0CLPjZF,7ikmjsvRzDRzxHN0KXSQdv,As If It's Your Last,single,2017.0,0.6087,2010,https://open.spotify.com/album/7ikmjsvRzDRzxHN0KXSQdv,https://i.scdn.co/image/ab67616d0000b273ac93d8b1bd84fa6b5291ba21,exact,100.0,"['electronic', 'hip_hop', 'reggae', 'pop']","['dance_pop', 'pop_rap', 'k_pop']","['electronic', 'hip_hop', 'reggae', 'pop', 'dance_pop', 'pop_rap', 'k_pop']","['pop', 'k_pop']","['electronic', 'hip_hop', 'reggae', 'dance_pop', 'pop_rap']",7,2,5,331.2876,47.3268,1,0,False
BLACKPINK,BLACKPINK,41MozSoPIsD1dJM0CLPjZF,2Fna4Tb7fme5aHsNMJtVtp,SQUARE TWO,single,2016.0,0.5652,2010,https://open.spotify.com/album/2Fna4Tb7fme5aHsNMJtVtp,https://i.scdn.co/image/ab67616d0000b27318a4a215052e9f396864bd73,exact,100.0,"['electronic', 'pop']","['k_pop', 'ballad']","['electronic', 'pop', 'k_pop', 'ballad']","['pop', 'k_pop']","['electronic', 'ballad']",4,2,2,26.403,6.6008,1,0,False
BLACKPINK,BLACKPINK,41MozSoPIsD1dJM0CLPjZF,0FOOodYRlj7gzh7q7IjmNZ,SQUARE ONE,single,2016.0,0.5652,2010,https://open.spotify.com/album/0FOOodYRlj7gzh7q7IjmNZ,https://i.scdn.co/image/ab67616d0000b273ff4ec21d7817138cabcc19bc,exact,100.0,"['electronic', 'hip_hop', 'pop']","['trap', 'k_pop']","['electronic', 'hip_hop', 'pop', 'trap', 'k_pop']","['pop', 'k_pop']","['electronic', 'hip_hop', 'trap']",5,2,3,55.7489,11.1498,1,0,False
MONSTA X,MONSTA X,4TnGh5PKbSjpYqpIdlW5nz,7qZB5i9LZZFF8aVdu7Bb8s,NOW PROJECT vol.1,album,2025.0,0.9565,2020,https://open.spotify.com/album/7qZB5i9LZZFF8aVdu7Bb8s,https://i.scdn.co/image/ab67616d0000b273f0eeaf8e209cbcb032c6c4be,exact,100.0,['pop'],['k_pop'],"['pop', 'k_pop']","['pop', 'k_pop']",[],2,2,0,2.1831,1.0916,0,1,False
MONSTA X,MONSTA X,4TnGh5PKbSjpYqpIdlW5nz,6Ope4loKrpjkM1pmPj63Gs,The Dreaming,album,2021.0,0.7826,2020,https://open.spotify.com/album/6Ope4loKrpjkM1pmPj63Gs,https://i.scdn.co/image/ab67616d0000b273be5602a9dc5119f8e18f6bcd,exact,100.0,['pop'],['k_pop'],"['pop', 'k_pop']","['pop', 'k_pop']",[],2,2,0,2.1831,1.0916,0,1,False
MONSTA X,MONSTA X,4TnGh5PKbSjpYqpIdlW5nz,1LZMbVQYkhpgVixUv0q7cP,NO LIMIT,album,2021.0,0.7826,2020,https://open.spotify.com/album/1LZMbVQYkhpgVixUv0q7cP,https://i.scdn.co/image/ab67616d0000b27328dc761c50f7c56bea8fa6a4,exact,100.0,['pop'],['k_pop'],"['pop', 'k_pop']","['pop', 'k_pop']",[],2,2,0,2.1831,1.0916,0,1,False
MONSTA X,MONSTA X,4TnGh5PKbSjpYqpIdlW5nz,2Zuovdo5g1RhfbHniwZ8yI,One of a Kind,album,2021.0,0.7826,2020,https://open.spotify.com/album/2Zuovdo5g1RhfbHniwZ8yI,https://i.scdn.co/image/ab67616d0000b27303b313cdf98d61d141645f11,exact,100.0,"['hip_hop', 'pop']","['k_pop', 'pop_rap']","['hip_hop', 'pop', 'k_pop', 'pop_rap']","['pop', 'k_pop']","['hip_hop', 'pop_rap']",4,2,2,21.2521,5.313,0,1,False
MONSTA X,MONSTA X,4TnGh5PKbSjpYqpIdlW5nz,6Otl9FYuwf1KGPkxydpBo1,Flavors of love,album,2021.0,0.7826,2020,https://open.spotify.com/album/6Otl9FYuwf1KGPkxydpBo1,https://i.scdn.co/image/ab67616d0000b273463f8b52dacf89307540956f,exact,100.0,['pop'],['j_pop'],"['pop', 'j_pop']",['pop'],['j_pop'],2,1,1,7.5333,3.7666,0,1,False
MONSTA X,MONSTA X,4TnGh5PKbSjpYqpIdlW5nz,3x2BuKhzRIRjU4jm1WxFo3,Fatal Love,album,2020.0,0.7391,2020,https://open.spotify.com/album/3x2BuKhzRIRjU4jm1WxFo3,https://i.scdn.co/image/ab67616d0000b27378d88428e28c760429f6cc7a,exact,100.0,['pop'],['k_pop'],"['pop', 'k_pop']","['pop', 'k_pop']",[],2,2,0,2.1831,1.0916,0,1,False
MONSTA X,MONSTA X,4TnGh5PKbSjpYqpIdlW5nz,44BCatQBdneFkyzOVrR0M4,FANTASIA X,album,2020.0,0.7391,2020,https://open.spotify.com/album/44BCatQBdneFkyzOVrR0M4,https://i.scdn.co/image/ab67616d0000b273d8390334fba7a71eb1704beb,exact,100.0,['pop'],['k_pop'],"['pop', 'k_pop']","['pop', 'k_pop']",[],2,2,0,2.1831,1.0916,0,1,False
MONSTA X,MONSTA X,4TnGh5PKbSjpYqpIdlW5nz,2O5KXxROQOR8WOdB8fgTCp,ALL ABOUT LUV,album,2020.0,0.7391,2020,https://open.spotify.com/album/2O5KXxROQOR8WOdB8fgTCp,https://i.scdn.co/image/ab67616d0000b273ffe04004d1e5636faa06763a,exact,100.0,['pop'],['k_pop'],"['pop', 'k_pop']","['pop', 'k_pop']",[],2,2,0,2.1831,1.0916,0,1,False
MONSTA X,MONSTA X,4TnGh5PKbSjpYqpIdlW5nz,3s5WpeDw4JOec54wEgmJBy,FOLLOW - FIND YOU,album,2019.0,0.6957,2010,https://open.spotify.com/album/3s5WpeDw4JOec54wEgmJBy,https://i.scdn.co/image/ab67616d0000b27370d13733bc4361f737042a90,exact,100.0,['pop'],['k_pop'],"['pop', 'k_pop']","['pop', 'k_pop']",[],2,2,0,2.1831,1.0916,0,1,False
MONSTA X,MONSTA X,4TnGh5PKbSjpYqpIdlW5nz,6APn2IbS6uJSVauXAQlQXk,Phenomenon,album,2019.0,0.6957,2010,https://open.spotify.com/album/6APn2IbS6uJSVauXAQlQXk,https://i.scdn.co/image/ab67616d0000b273f544cb29556aad5232f3228b,exact,100.0,"['hip_hop', 'pop']",['k_pop'],"['hip_hop', 'pop', 'k_pop']","['pop', 'k_pop']",['hip_hop'],3,2,1,7.2521,2.4174,0,1,False
MONSTA X,MONSTA X,4TnGh5PKbSjpYqpIdlW5nz,2zLSiu6FFxav0kHP2mUUzM,Take.2 We Are Here.,album,2019.0,0.6957,2010,https://open.spotify.com/album/2zLSiu6FFxav0kHP2mUUzM,https://i.scdn.co/image/ab67616d0000b273205a20f0f9db37007811f07d,exact,100.0,['pop'],['k_pop'],"['pop', 'k_pop']","['pop', 'k_pop']",[],2,2,0,2.1831,1.0916,0,1,False
MONSTA X,MONSTA X,4TnGh5PKbSjpYqpIdlW5nz,1mJf2cC6TfClR8cICGZP7I,Take.1 Are You There?,album,2018.0,0.6522,2010,https://open.spotify.com/album/1mJf2cC6TfClR8cICGZP7I,https://i.scdn.co/image/ab67616d0000b273d794a985463e2cb0861879e6,exact,100.0,"['hip_hop', 'pop']",['k_pop'],"['hip_hop', 'pop', 'k_pop']","['pop', 'k_pop']",['hip_hop'],3,2,1,7.2521,2.4174,0,1,False
MONSTA X,MONSTA X,4TnGh5PKbSjpYqpIdlW5nz,25JXdPqltw5vOH8KPOzd2c,PIECE,album,2018.0,0.6522,2010,https://open.spotify.com/album/25JXdPqltw5vOH8KPOzd2c,https://i.scdn.co/image/ab67616d0000b2734e524fef45f613248127b489,exact,100.0,['pop'],[],['pop'],['pop'],[],1,1,0,1.0,1.0,0,1,False
MONSTA X,MONSTA X,4TnGh5PKbSjpYqpIdlW5nz,3rrZlvTQ6Bxvz7Kzxjkagj,SHINE FOREVER,album,2017.0,0.6087,2010,https://open.spotify.com/album/3rrZlvTQ6Bxvz7Kzxjkagj,https://i.scdn.co/image/ab67616d0000b2732fb9b1155391aceb2c985aa2,exact,100.0,"['electronic', 'hip_hop', 'pop']","['k_pop', 'dance_pop']","['electronic', 'hip_hop', 'pop', 'k_pop', 'dance_pop']","['pop', 'k_pop']","['electronic', 'hip_hop', 'dance_pop']",5,2,3,23.2876,4.6575,0,1,False
MONSTA X,MONSTA X,4TnGh5PKbSjpYqpIdlW5nz,2QCHpaj2zkIhrghESZwPui,THE CLAN pt.2.5 [BEAUTIFUL],album,2017.0,0.6087,2010,https://open.spotify.com/album/2QCHpaj2zkIhrghESZwPui,https://i.scdn.co/image/ab67616d0000b2732e85b45e5442e622a447838a,exact,100.0,"['hip_hop', 'pop']",['k_pop'],"['hip_hop', 'pop', 'k_pop']","['pop', 'k_pop']",['hip_hop'],3,2,1,7.2521,2.4174,0,1,False
MONSTA X,MONSTA X,4TnGh5PKbSjpYqpIdlW5nz,3nLFvGjsAqr57295bnkWr2,Beautiful Liar / GAMBLER (JAPAN SPECIAL EDITION),single,2025.0,0.9565,2020,https://open.spotify.com/album/3nLFvGjsAqr57295bnkWr2,https://i.scdn.co/image/ab67616d0000b27300305bfe82838e1b5c0b7e9a,exact,100.0,['pop'],['j_pop'],"['pop', 'j_pop']",['pop'],['j_pop'],2,1,1,7.5333,3.7666,1,0,False
MONSTA X,MONSTA X,4TnGh5PKbSjpYqpIdlW5nz,5evr2BAxQmxyF8dZyaezzS,REASON,single,2023.0,0.8696,2020,https://open.spotify.com/album/5evr2BAxQmxyF8dZyaezzS,https://i.scdn.co/image/ab67616d0000b273303c2dba413b58c5137c69c4,exact,95.0,['pop'],['k_pop'],"['pop', 'k_pop']","['pop', 'k_pop']",[],2,2,0,2.1831,1.0916,1,0,False
MONSTA X,MONSTA X,4TnGh5PKbSjpYqpIdlW5nz,0rdC8yB4neHiouKSAlkA06,Late Night Feels,single,2022.0,0.8261,2020,https://open.spotify.com/album/0rdC8yB4neHiouKSAlkA06,https://i.scdn.co/image/ab67616d0000b273eca50107781233ecc8b02248,exact,84.0,['pop'],[],['pop'],['pop'],[],1,1,0,1.0,1.0,1,0,False
MONSTA X,MONSTA X,4TnGh5PKbSjpYqpIdlW5nz,1DrOqfrJUpjQLc0G83Pa76,If with U,single,2022.0,0.8261,2020,https://open.spotify.com/album/1DrOqfrJUpjQLc0G83Pa76,https://i.scdn.co/image/ab67616d0000b273758944cd4395479b3c70dedf,exact,100.0,"['electronic', 'pop']","['k_pop', 'electro', 'dance_pop']","['electronic', 'pop', 'k_pop', 'electro', 'dance_pop']","['pop', 'k_pop']","['electronic', 'electro', 'dance_pop']",5,2,3,49.166,9.8332,1,0,False
MONSTA X,MONSTA X,4TnGh5PKbSjpYqpIdlW5nz,7KncCixIi7xhPSYBHGMm3q,SHAPE OF LOVE,single,2022.0,0.8261,2020,https://open.spotify.com/album/7KncCixIi7xhPSYBHGMm3q,https://i.scdn.co/image/ab67616d0000b273f8c4b122ad3e5c5d0c4c76b8,exact,95.0,"['hip_hop', 'pop']",['k_pop'],"['hip_hop', 'pop', 'k_pop']","['pop', 'k_pop']",['hip_hop'],3,2,1,7.2521,2.4174,1,0,False
MONSTA X,MONSTA X,4TnGh5PKbSjpYqpIdlW5nz,5XEZweKbjv0W7EvHQIkUOj,One Day,single,2021.0,0.7826,2020,https://open.spotify.com/album/5XEZweKbjv0W7EvHQIkUOj,https://i.scdn.co/image/ab67616d0000b273a33661f77bd07aa43df904d9,fuzzy,68.95,['pop'],['k_pop'],"['pop', 'k_pop']","['pop', 'k_pop']",[],2,2,0,2.1831,1.0916,1,0,False
MONSTA X,MONSTA X,4TnGh5PKbSjpYqpIdlW5nz,7rCi68Tnlj8DWwFycetmve,Flavors of love,single,2021.0,0.7826,2020,https://open.spotify.com/album/7rCi68Tnlj8DWwFycetmve,https://i.scdn.co/image/ab67616d0000b2730770bfd972749a280ca2d4a7,exact,95.0,['pop'],['j_pop'],"['pop', 'j_pop']",['pop'],['j_pop'],2,1,1,7.5333,3.7666,1,0,False
MONSTA X,MONSTA X,4TnGh5PKbSjpYqpIdlW5nz,3dfC0XVjUGulciucTt3pBT,WANTED,single,2021.0,0.7826,2020,https://open.spotify.com/album/3dfC0XVjUGulciucTt3pBT,https://i.scdn.co/image/ab67616d0000b27394e5c86d28362de4c1111440,exact,100.0,['pop'],['k_pop'],"['pop', 'k_pop']","['pop', 'k_pop']",[],2,2,0,2.1831,1.0916,1,0,False
MONSTA X,MONSTA X,4TnGh5PKbSjpYqpIdlW5nz,3ZDcLTn3dHeqz4UjGnqlZO,Love Killa,single,2020.0,0.7391,2020,https://open.spotify.com/album/3ZDcLTn3dHeqz4UjGnqlZO,https://i.scdn.co/image/ab67616d0000b273bd3877c3eb0435544133dd07,exact,100.0,['pop'],"['k_pop', 'j_pop']","['pop', 'k_pop', 'j_pop']","['pop', 'k_pop']",['j_pop'],3,2,1,8.7164,2.9055,1,0,False
MONSTA X,MONSTA X,4TnGh5PKbSjpYqpIdlW5nz,6ubc1QiPbnPYzycuN7PiSM,Love Killa (Japanese ver.),single,2020.0,0.7391,2020,https://open.spotify.com/album/6ubc1QiPbnPYzycuN7PiSM,https://i.scdn.co/image/ab67616d0000b273a5368f5c6555741d90d81eed,exact,82.27,['pop'],"['k_pop', 'j_pop']","['pop', 'k_pop', 'j_pop']","['pop', 'k_pop']",['j_pop'],3,2,1,8.7164,2.9055,1,0,False
MONSTA X,MONSTA X,4TnGh5PKbSjpYqpIdlW5nz,39SgEVza0eE1vHddpqR7HB,Wish on the same sky,single,2020.0,0.7391,2020,https://open.spotify.com/album/39SgEVza0eE1vHddpqR7HB,https://i.scdn.co/image/ab67616d0000b273feb948c25d0f951d65d8c450,exact,80.0,['pop'],['j_pop'],"['pop', 'j_pop']",['pop'],['j_pop'],2,1,1,7.5333,3.7666,1,0,False
MONSTA X,MONSTA X,4TnGh5PKbSjpYqpIdlW5nz,3CFYV1F2RIDoHyinrBv8y5,SOMEONE'S SOMEONE,single,2019.0,0.6957,2010,https://open.spotify.com/album/3CFYV1F2RIDoHyinrBv8y5,https://i.scdn.co/image/ab67616d0000b273f183bcc036f5f21583d5a125,exact,100.0,['pop'],[],['pop'],['pop'],[],1,1,0,1.0,1.0,1,0,False
MONSTA X,MONSTA X,4TnGh5PKbSjpYqpIdlW5nz,2P8qHjgJpt3OQhr0hcHJcx,Breathe For You,single,2019.0,0.6957,2010,https://open.spotify.com/album/2P8qHjgJpt3OQhr0hcHJcx,https://i.scdn.co/image/ab67616d0000b2734e20a4375e4af0ac5247014e,exact,100.0,['pop'],['k_pop'],"['pop', 'k_pop']","['pop', 'k_pop']",[],2,2,0,2.1831,1.0916,1,0,False
MONSTA X,MONSTA X,4TnGh5PKbSjpYqpIdlW5nz,04Ul6PebAY4zlQks1b9g9z,X-Phenomenon,single,2019.0,0.6957,2010,https://open.spotify.com/album/04Ul6PebAY4zlQks1b9g9z,https://i.scdn.co/image/ab67616d0000b273101fc5eb677e4c75aad2f587,exact,100.0,"['electronic', 'pop']","['j_pop', 'k_pop']","['electronic', 'pop', 'j_pop', 'k_pop']","['pop', 'k_pop']","['electronic', 'j_pop']",4,2,2,13.6576,3.4144,1,0,False
MONSTA X,MONSTA X,4TnGh5PKbSjpYqpIdlW5nz,3d7v9vlNPvZkwxcxS9ZBgT,Alligator,single,2019.0,0.6957,2010,https://open.spotify.com/album/3d7v9vlNPvZkwxcxS9ZBgT,https://i.scdn.co/image/ab67616d0000b273bd4abb391ee585c8abb76289,exact,100.0,['pop'],['k_pop'],"['pop', 'k_pop']","['pop', 'k_pop']",[],2,2,0,2.1831,1.0916,1,0,False
MONSTA X,MONSTA X,4TnGh5PKbSjpYqpIdlW5nz,48hO0qLgH7XOXUAhWs7TDq,Play It Cool (Quintino Remix),single,2019.0,0.6957,2010,https://open.spotify.com/album/48hO0qLgH7XOXUAhWs7TDq,https://i.scdn.co/image/ab67616d0000b2739fa71a9bb445982665ac7f1f,exact,81.82,"['electronic', 'pop']","['dance_pop', 'house']","['electronic', 'pop', 'dance_pop', 'house']",['pop'],"['electronic', 'dance_pop', 'house']",4,1,3,134.6355,33.6589,1,0,False
MONSTA X,MONSTA X,4TnGh5PKbSjpYqpIdlW5nz,7CyIBelDka5WEsNaGvl5Sc,Play It Cool (DVBBS Remix),single,2019.0,0.6957,2010,https://open.spotify.com/album/7CyIBelDka5WEsNaGvl5Sc,https://i.scdn.co/image/ab67616d0000b27358faae81ff1ddfbb76662307,exact,81.82,"['electronic', 'pop']","['dance_pop', 'house']","['electronic', 'pop', 'dance_pop', 'house']",['pop'],"['electronic', 'dance_pop', 'house']",4,1,3,134.6355,33.6589,1,0,False
MONSTA X,MONSTA X,4TnGh5PKbSjpYqpIdlW5nz,595K2tijrkVTxkMpVr5yzm,Alligator (Japanese ver.),single,2019.0,0.6957,2010,https://open.spotify.com/album/595K2tijrkVTxkMpVr5yzm,https://i.scdn.co/image/ab67616d0000b273e4a68009e1244f8c44015114,exact,81.13,['pop'],['k_pop'],"['pop', 'k_pop']","['pop', 'k_pop']",[],2,2,0,2.1831,1.0916,1,0,False
MONSTA X,MONSTA X,4TnGh5PKbSjpYqpIdlW5nz,66VxMEWiR2jTusezetauT2,Shoot Out,single,2019.0,0.6957,2010,https://open.spotify.com/album/66VxMEWiR2jTusezetauT2,https://i.scdn.co/image/ab67616d0000b2734923a007c1836ee5066988e5,exact,100.0,['pop'],['k_pop'],"['pop', 'k_pop']","['pop', 'k_pop']",[],2,2,0,2.1831,1.0916,1,0,False
MONSTA X,MONSTA X,4TnGh5PKbSjpYqpIdlW5nz,147GPz3okDO3ZjSUtIb9zs,Play It Cool,single,2019.0,0.6957,2010,https://open.spotify.com/album/147GPz3okDO3ZjSUtIb9zs,https://i.scdn.co/image/ab67616d0000b273ac53694d18db4bdb446e0246,exact,81.82,"['electronic', 'pop']","['dance_pop', 'house']","['electronic', 'pop', 'dance_pop', 'house']",['pop'],"['electronic', 'dance_pop', 'house']",4,1,3,134.6355,33.6589,1,0,False
MONSTA X,MONSTA X,4TnGh5PKbSjpYqpIdlW5nz,1BsUevJ8cAaXLlTCj0ke2U,Shoot Out (Japanese ver.),single,2019.0,0.6957,2010,https://open.spotify.com/album/1BsUevJ8cAaXLlTCj0ke2U,https://i.scdn.co/image/ab67616d0000b273ccb4cf80b630f30a33940ae3,exact,81.13,['pop'],['k_pop'],"['pop', 'k_pop']","['pop', 'k_pop']",[],2,2,0,2.1831,1.0916,1,0,False
MONSTA X,MONSTA X,4TnGh5PKbSjpYqpIdlW5nz,02V459aiaDCBwuBe4qDl8j,LIVIN' IT UP,single,2018.0,0.6522,2010,https://open.spotify.com/album/02V459aiaDCBwuBe4qDl8j,https://i.scdn.co/image/ab67616d0000b273c3fc856f4495fb47b5d613a7,exact,100.0,['pop'],['k_pop'],"['pop', 'k_pop']","['pop', 'k_pop']",[],2,2,0,2.1831,1.0916,1,0,False
MONSTA X,MONSTA X,4TnGh5PKbSjpYqpIdlW5nz,2R0cg9dpyGtj0xMDzIGQ5b,PUZZLE,single,2018.0,0.6522,2010,https://open.spotify.com/album/2R0cg9dpyGtj0xMDzIGQ5b,https://i.scdn.co/image/ab67616d0000b2738a31f0d6823ecface61f1308,fuzzy,66.36,['pop'],[],['pop'],['pop'],[],1,1,0,1.0,1.0,1,0,False
MONSTA X,MONSTA X,4TnGh5PKbSjpYqpIdlW5nz,2HxgdtIan2v3uMGxCvn6p3,SPOTLIGHT,single,2018.0,0.6522,2010,https://open.spotify.com/album/2HxgdtIan2v3uMGxCvn6p3,https://i.scdn.co/image/ab67616d0000b2731662b5ed252604217856dddf,exact,100.0,['pop'],"['k_pop', 'j_pop']","['pop', 'k_pop', 'j_pop']","['pop', 'k_pop']",['j_pop'],3,2,1,8.7164,2.9055,1,0,False
MONSTA X,MONSTA X,4TnGh5PKbSjpYqpIdlW5nz,4NJpBKY4XJbRLAsbbeIzyJ,THE CODE,single,2017.0,0.6087,2010,https://open.spotify.com/album/4NJpBKY4XJbRLAsbbeIzyJ,https://i.scdn.co/image/ab67616d0000b273a561343c3a7d602656da05e7,exact,95.0,"['hip_hop', 'pop']",['k_pop'],"['hip_hop', 'pop', 'k_pop']","['pop', 'k_pop']",['hip_hop'],3,2,1,7.2521,2.4174,1,0,False
MONSTA X,MONSTA X,4TnGh5PKbSjpYqpIdlW5nz,3q4XvGozyDHXbmQ18TGWNB,Beautiful (Japanese ver.),single,2017.0,0.6087,2010,https://open.spotify.com/album/3q4XvGozyDHXbmQ18TGWNB,https://i.scdn.co/image/ab67616d0000b273c3cab7b9219ca1a7428aba37,exact,81.13,['pop'],['k_pop'],"['pop', 'k_pop']","['pop', 'k_pop']",[],2,2,0,2.1831,1.0916,1,0,False
MONSTA X,MONSTA X,4TnGh5PKbSjpYqpIdlW5nz,4DSF6L7T14s4T63xjkzM7e,HERO (Japanese ver.),single,2017.0,0.6087,2010,https://open.spotify.com/album/4DSF6L7T14s4T63xjkzM7e,https://i.scdn.co/image/ab67616d0000b273494b20730b0b114e40f8212e,fuzzy,72.14,"['hip_hop', 'pop']",['k_pop'],"['hip_hop', 'pop', 'k_pop']","['pop', 'k_pop']",['hip_hop'],3,2,1,7.2521,2.4174,1,0,False
MONSTA X,MONSTA X,4TnGh5PKbSjpYqpIdlW5nz,2aYSiytcrXyVj6ADo6Z7Cl,THE CLAN pt.2 <GUILTY>,single,2016.0,0.5652,2010,https://open.spotify.com/album/2aYSiytcrXyVj6ADo6Z7Cl,https://i.scdn.co/image/ab67616d0000b2734258d811441c991ab7fdc909,exact,95.0,"['hip_hop', 'pop']",['k_pop'],"['hip_hop', 'pop', 'k_pop']","['pop', 'k_pop']",['hip_hop'],3,2,1,7.2521,2.4174,1,0,False
MONSTA X,MONSTA X,4TnGh5PKbSjpYqpIdlW5nz,54JAEnkFl5ocPIx7aEInXK,THE CLAN pt.1 <LOST>,single,2016.0,0.5652,2010,https://open.spotify.com/album/54JAEnkFl5ocPIx7aEInXK,https://i.scdn.co/image/ab67616d0000b273ac50aa80f40c269d269a4f15,exact,95.0,"['hip_hop', 'pop']","['electro', 'k_pop']","['hip_hop', 'pop', 'electro', 'k_pop']","['pop', 'k_pop']","['hip_hop', 'electro']",4,2,2,38.1995,9.5499,1,0,False
MONSTA X,MONSTA X,4TnGh5PKbSjpYqpIdlW5nz,0ESTAnvX2zjMBxzesNAiR7,RUSH,single,2015.0,0.5217,2010,https://open.spotify.com/album/0ESTAnvX2zjMBxzesNAiR7,https://i.scdn.co/image/ab67616d0000b2730ccb139549d30d4ed9e70dde,exact,95.0,"['hip_hop', 'pop']","['electro', 'pop_rap', 'k_pop']","['hip_hop', 'pop', 'electro', 'pop_rap', 'k_pop']","['pop', 'k_pop']","['hip_hop', 'electro', 'pop_rap']",5,2,3,52.1995,10.4399,1,0,False
GFRIEND,GFRIEND,0qlWcS66ohOIi0M8JZwPft,6kfPGWOSabPMdO2AoSDeXY,回:Walpurgis Night,album,2020.0,0.7391,2020,https://open.spotify.com/album/6kfPGWOSabPMdO2AoSDeXY,https://i.scdn.co/image/ab67616d0000b2733bd57d101db4c492a5b477a5,exact,100.0,['pop'],['k_pop'],"['pop', 'k_pop']","['pop', 'k_pop']",[],2,2,0,2.1831,1.0916,0,1,False
GFRIEND,GFRIEND,0qlWcS66ohOIi0M8JZwPft,3xMfh40yHiUWg3WvmxebBe,FEVER SEASON,album,2019.0,0.6957,2010,https://open.spotify.com/album/3xMfh40yHiUWg3WvmxebBe,https://i.scdn.co/image/ab67616d0000b273f68674443c71b4999cd02b8e,exact,100.0,['pop'],['k_pop'],"['pop', 'k_pop']","['pop', 'k_pop']",[],2,2,0,2.1831,1.0916,0,1,False
GFRIEND,GFRIEND,0qlWcS66ohOIi0M8JZwPft,4riaU6GV6byR8wt1GT9tEg,Time for us,album,2019.0,0.6957,2010,https://open.spotify.com/album/4riaU6GV6byR8wt1GT9tEg,https://i.scdn.co/image/ab67616d0000b273ae78e734459ceee36327e292,exact,100.0,['pop'],['k_pop'],"['pop', 'k_pop']","['pop', 'k_pop']",[],2,2,0,2.1831,1.0916,0,1,False
GFRIEND,GFRIEND,0qlWcS66ohOIi0M8JZwPft,07UE7o0HnOk4Q5atpU07VC,Time for the moon night,album,2018.0,0.6522,2010,https://open.spotify.com/album/07UE7o0HnOk4Q5atpU07VC,https://i.scdn.co/image/ab67616d0000b2734cd45537bd178e13a28aa49b,exact,100.0,['pop'],"['k_pop', 'bubblegum', 'ballad']","['pop', 'k_pop', 'bubblegum', 'ballad']","['pop', 'k_pop']","['bubblegum', 'ballad']",4,2,2,152.1285,38.0321,0,1,False
GFRIEND,GFRIEND,0qlWcS66ohOIi0M8JZwPft,3UUFDXb07kihCozeRLTe5y,Season of Memories,single,2025.0,0.9565,2020,https://open.spotify.com/album/3UUFDXb07kihCozeRLTe5y,https://i.scdn.co/image/ab67616d0000b2738a5fae9801e84acb6ec9ea4b,exact,100.0,['pop'],"['k_pop', 'vocal']","['pop', 'k_pop', 'vocal']","['pop', 'k_pop']",['vocal'],3,2,1,296.1831,98.7277,1,0,False
GFRIEND,GFRIEND,0qlWcS66ohOIi0M8JZwPft,2lnoHgs6nv5zPZ2VUP8vKG,回:Song of the Sirens,single,2020.0,0.7391,2020,https://open.spotify.com/album/2lnoHgs6nv5zPZ2VUP8vKG,https://i.scdn.co/image/ab67616d0000b2738e95d07bc1fbf00e1baa893f,exact,100.0,['pop'],['k_pop'],"['pop', 'k_pop']","['pop', 'k_pop']",[],2,2,0,2.1831,1.0916,1,0,False
GFRIEND,GFRIEND,0qlWcS66ohOIi0M8JZwPft,3yyqZZeFp4THUvYHcWHdLc,回:LABYRINTH,single,2020.0,0.7391,2020,https://open.spotify.com/album/3yyqZZeFp4THUvYHcWHdLc,https://i.scdn.co/image/ab67616d0000b273d96abe0cfec45cc9d6d3f42d,exact,100.0,['pop'],['k_pop'],"['pop', 'k_pop']","['pop', 'k_pop']",[],2,2,0,2.1831,1.0916,1,0,False
GFRIEND,GFRIEND,0qlWcS66ohOIi0M8JZwPft,0GVis7MhMzOjhmfV4BmuXq,Sunny Summer,single,2018.0,0.6522,2010,https://open.spotify.com/album/0GVis7MhMzOjhmfV4BmuXq,https://i.scdn.co/image/ab67616d0000b273164ea9ecf465d1f050d78b1b,exact,100.0,['pop'],['k_pop'],"['pop', 'k_pop']","['pop', 'k_pop']",[],2,2,0,2.1831,1.0916,1,0,False
NCT 127,NCT 127,7f4ignuCJhLXfZ9giKT7rH,5Imx4Y371SPIOaH3Emtl9M,WALK - The 6th Album,album,2024.0,0.913,2020,https://open.spotify.com/album/5Imx4Y371SPIOaH3Emtl9M,https://i.scdn.co/image/ab67616d0000b273b0e13013f8f4b673f811da85,fuzzy,76.36,"['hip_hop', 'pop']",['k_pop'],"['hip_hop', 'pop', 'k_pop']","['pop', 'k_pop']",['hip_hop'],3,2,1,7.2521,2.4174,0,1,False
NCT 127,NCT 127,7f4ignuCJhLXfZ9giKT7rH,3LQhVfyemV4zoq854uMxhi,Ay-Yo - The 4th Album Repackage,album,2023.0,0.8696,2020,https://open.spotify.com/album/3LQhVfyemV4zoq854uMxhi,https://i.scdn.co/image/ab67616d0000b273655a1d081f18380f0b749620,fuzzy,73.24,['pop'],['k_pop'],"['pop', 'k_pop']","['pop', 'k_pop']",[],2,2,0,2.1831,1.0916,0,1,False
NCT 127,NCT 127,7f4ignuCJhLXfZ9giKT7rH,6c9rlsLqXORMz7lbweE444,2 Baddies - The 4th Album,album,2022.0,0.8261,2020,https://open.spotify.com/album/6c9rlsLqXORMz7lbweE444,https://i.scdn.co/image/ab67616d0000b273070f3d0514122c266dd3b9d2,exact,81.32,"['hip_hop', 'jazz', 'pop']","['k_pop', 'contemporary_r&b']","['hip_hop', 'jazz', 'pop', 'k_pop', 'contemporary_r&b']","['pop', 'k_pop']","['hip_hop', 'jazz', 'contemporary_r&b']",5,2,3,169.7258,33.9452,0,1,False
NCT 127,NCT 127,7f4ignuCJhLXfZ9giKT7rH,41hLthhzsKrHSHaHZVVBuv,Favorite - The 3rd Album Repackage,album,2021.0,0.7826,2020,https://open.spotify.com/album/41hLthhzsKrHSHaHZVVBuv,https://i.scdn.co/image/ab67616d0000b273b930a8f17b4975a08347c44d,fuzzy,78.0,['pop'],['k_pop'],"['pop', 'k_pop']","['pop', 'k_pop']",[],2,2,0,2.1831,1.0916,0,1,False
NCT 127,NCT 127,7f4ignuCJhLXfZ9giKT7rH,6p7fGgEP7tBrppR6lru7HX,Sticker - The 3rd Album,album,2021.0,0.7826,2020,https://open.spotify.com/album/6p7fGgEP7tBrppR6lru7HX,https://i.scdn.co/image/ab67616d0000b273470a487ed0b104704a2e4175,exact,82.5,['pop'],['k_pop'],"['pop', 'k_pop']","['pop', 'k_pop']",[],2,2,0,2.1831,1.0916,0,1,False
NCT 127,NCT 127,7f4ignuCJhLXfZ9giKT7rH,0xhjrjgqQhz6FB4R4NtK7C,NCT #127 Neo Zone: The Final Round - The 2nd Album Repackage,album,2020.0,0.7391,2020,https://open.spotify.com/album/0xhjrjgqQhz6FB4R4NtK7C,https://i.scdn.co/image/ab67616d0000b273ac2b940aa1fae3e2e3ee1f38,exact,86.67,"['electronic', 'hip_hop', 'pop']","['k_pop', 'dance_pop']","['electronic', 'hip_hop', 'pop', 'k_pop', 'dance_pop']","['pop', 'k_pop']","['electronic', 'hip_hop', 'dance_pop']",5,2,3,23.2876,4.6575,0,1,False
NCT 127,NCT 127,7f4ignuCJhLXfZ9giKT7rH,4s2GP5sUG5xgPDJY3t3CaQ,NCT #127 Neo Zone - The 2nd Album,album,2020.0,0.7391,2020,https://open.spotify.com/album/4s2GP5sUG5xgPDJY3t3CaQ,https://i.scdn.co/image/ab67616d0000b27307e81e8a9ec02ba1a2c5d7dd,exact,84.55,"['electronic', 'hip_hop', 'funk_/_soul', 'pop']","['k_pop', 'ballad', 'contemporary_r&b', 'dance_pop']","['electronic', 'hip_hop', 'funk_/_soul', 'pop', 'k_pop', 'ballad', 'contemporary_r&b', 'dance_pop']","['pop', 'k_pop']","['electronic', 'hip_hop', 'funk_/_soul', 'ballad', 'contemporary_r&b', 'dance_pop']",8,2,6,73.72,9.215,0,1,False
NCT 127,NCT 127,7f4ignuCJhLXfZ9giKT7rH,5ZZi6WiDmPcTkx2Vx7n61Z,Awaken,album,2019.0,0.6957,2010,https://open.spotify.com/album/5ZZi6WiDmPcTkx2Vx7n61Z,https://i.scdn.co/image/ab67616d0000b27367ce4285c92d0da91fcd130d,exact,100.0,['pop'],['j_pop'],"['pop', 'j_pop']",['pop'],['j_pop'],2,1,1,7.5333,3.7666,0,1,False
NCT 127,NCT 127,7f4ignuCJhLXfZ9giKT7rH,5iJsCigDROOTMgUpJ6ex2S,NCT #127 Regulate - The 1st Album Repackage,album,2018.0,0.6522,2010,https://open.spotify.com/album/5iJsCigDROOTMgUpJ6ex2S,https://i.scdn.co/image/ab67616d0000b2734931057cec0d2e85751f8e48,fuzzy,69.07,['pop'],['k_pop'],"['pop', 'k_pop']","['pop', 'k_pop']",[],2,2,0,2.1831,1.0916,0,1,False
NCT 127,NCT 127,7f4ignuCJhLXfZ9giKT7rH,4oU5Tp952fPL7z2Bax4JmU,NCT #127 Regular-Irregular - The 1st Album,album,2018.0,0.6522,2010,https://open.spotify.com/album/4oU5Tp952fPL7z2Bax4JmU,https://i.scdn.co/image/ab67616d0000b273ff666e3a12273d4d1380e9f0,fuzzy,67.5,['pop'],['k_pop'],"['pop', 'k_pop']","['pop', 'k_pop']",[],2,2,0,2.1831,1.0916,0,1,False
NCT 127,NCT 127,7f4ignuCJhLXfZ9giKT7rH,7H5FkCA6cTDBX3wtvIbN8s,NCT #127 CHERRY BOMB - The 3rd Mini Album,album,2017.0,0.6087,2010,https://open.spotify.com/album/7H5FkCA6cTDBX3wtvIbN8s,https://i.scdn.co/image/ab67616d0000b2738d47b664117ca39e7b1acfc9,fuzzy,79.8,"['hip_hop', 'pop']",['k_pop'],"['hip_hop', 'pop', 'k_pop']","['pop', 'k_pop']",['hip_hop'],3,2,1,7.2521,2.4174,0,1,False
NCT 127,NCT 127,7f4ignuCJhLXfZ9giKT7rH,7xmqXxPAmkgn5HK9FcyBxR,NCT #127 - The 1st Mini Album,album,2016.0,0.5652,2010,https://open.spotify.com/album/7xmqXxPAmkgn5HK9FcyBxR,https://i.scdn.co/image/ab67616d0000b2732d10195d8d9abd1357fff450,exact,80.57,"['hip_hop', 'pop']",['k_pop'],"['hip_hop', 'pop', 'k_pop']","['pop', 'k_pop']",['hip_hop'],3,2,1,7.2521,2.4174,0,1,False
NCT 127,NCT 127,7f4ignuCJhLXfZ9giKT7rH,3gaBYNHHWHydyB4vDBL7xZ,LOVEHOLIC,single,2021.0,0.7826,2020,https://open.spotify.com/album/3gaBYNHHWHydyB4vDBL7xZ,https://i.scdn.co/image/ab67616d0000b273500a871bf5f330ff930b55a3,exact,100.0,"['hip_hop', 'pop']","['j_pop', 'k_pop']","['hip_hop', 'pop', 'j_pop', 'k_pop']","['pop', 'k_pop']","['hip_hop', 'j_pop']",4,2,2,13.7854,3.4463,1,0,False
NCT 127,NCT 127,7f4ignuCJhLXfZ9giKT7rH,58R5XYWfdjdqqkkS7OAuhY,iScreaM Vol.1 : Kick It (Remixes),single,2020.0,0.7391,2020,https://open.spotify.com/album/58R5XYWfdjdqqkkS7OAuhY,https://i.scdn.co/image/ab67616d0000b273e3c6d86b33404100d57f928a,exact,100.0,"['electronic', 'pop']",['k_pop'],"['electronic', 'pop', 'k_pop']","['pop', 'k_pop']",['electronic'],3,2,1,7.1243,2.3748,1,0,False
NCT 127,NCT 127,7f4ignuCJhLXfZ9giKT7rH,1ETNBQy8PSLSclhYxHpo0N,NCT #127 WE ARE SUPERHUMAN - The 4th Mini Album,single,2019.0,0.6957,2010,https://open.spotify.com/album/1ETNBQy8PSLSclhYxHpo0N,https://i.scdn.co/image/ab67616d0000b27357d50ff11df6d2e2a6b065de,fuzzy,74.05,['pop'],['k_pop'],"['pop', 'k_pop']","['pop', 'k_pop']",[],2,2,0,2.1831,1.0916,1,0,False
NCT 127,NCT 127,7f4ignuCJhLXfZ9giKT7rH,6jde7WGOJ8vRhD5YpxcgIm,Let's Shut Up & Dance,single,2019.0,0.6957,2010,https://open.spotify.com/album/6jde7WGOJ8vRhD5YpxcgIm,https://i.scdn.co/image/ab67616d0000b273a3321e913edaf32f9ead7344,fuzzy,79.09,['pop'],[],['pop'],['pop'],[],1,1,0,1.0,1.0,1,0,False
NCT 127,NCT 127,7f4ignuCJhLXfZ9giKT7rH,63sTGIOG5yT6YpVwKMl21I,Chain,single,2018.0,0.6522,2010,https://open.spotify.com/album/63sTGIOG5yT6YpVwKMl21I,https://i.scdn.co/image/ab67616d0000b27361dadc855d052042d09b26b8,exact,100.0,"['hip_hop', 'pop']","['j_pop', 'k_pop']","['hip_hop', 'pop', 'j_pop', 'k_pop']","['pop', 'k_pop']","['hip_hop', 'j_pop']",4,2,2,13.7854,3.4463,1,0,False
NCT DREAM,NCT DREAM,1gBUSTR3TyDdTVFIaQnc02,4CbiijbtjdFusL6uXiZJ2k,DREAMSCAPE,album,2024.0,0.913,2020,https://open.spotify.com/album/4CbiijbtjdFusL6uXiZJ2k,https://i.scdn.co/image/ab67616d0000b2735a7b804c17c84c32fe1bb1ce,exact,100.0,"['electronic', 'pop']","['k_pop', 'house', 'dance_pop', 'drum_n_bass']","['electronic', 'pop', 'k_pop', 'house', 'dance_pop', 'drum_n_bass']","['pop', 'k_pop']","['electronic', 'house', 'dance_pop', 'drum_n_bass']",6,2,4,331.8186,55.3031,0,1,False
NCT DREAM,NCT DREAM,1gBUSTR3TyDdTVFIaQnc02,4OI5TzrYC6LD11XqVcULPo,ISTJ - The 3rd Album,album,2023.0,0.8696,2020,https://open.spotify.com/album/4OI5TzrYC6LD11XqVcULPo,https://i.scdn.co/image/ab67616d0000b2730958c9c4e48dfdd3ed6faa30,fuzzy,76.36,"['electronic', 'hip_hop', 'pop']","['k_pop', 'pop_rap', 'contemporary_r&b', 'trap', 'breaks']","['electronic', 'hip_hop', 'pop', 'k_pop', 'pop_rap', 'contemporary_r&b', 'trap', 'breaks']","['pop', 'k_pop']","['electronic', 'hip_hop', 'pop_rap', 'contemporary_r&b', 'trap', 'breaks']",8,2,6,1261.2226,157.6528,0,1,False
NCT DREAM,NCT DREAM,1gBUSTR3TyDdTVFIaQnc02,4sM1qNxjzxOvoH6jeFHx3W,Beatbox - The 2nd Album Repackage,album,2022.0,0.8261,2020,https://open.spotify.com/album/4sM1qNxjzxOvoH6jeFHx3W,https://i.scdn.co/image/ab67616d0000b2734fbde4c63b86079e0517b1cb,fuzzy,76.58,"['electronic', 'hip_hop', 'pop']",['k_pop'],"['electronic', 'hip_hop', 'pop', 'k_pop']","['pop', 'k_pop']","['electronic', 'hip_hop']",4,2,2,12.1933,3.0483,0,1,False
NCT DREAM,NCT DREAM,1gBUSTR3TyDdTVFIaQnc02,4cAcTMGFjTBufC7Eu0FizU,Glitch Mode - The 2nd Album,album,2022.0,0.8261,2020,https://open.spotify.com/album/4cAcTMGFjTBufC7Eu0FizU,https://i.scdn.co/image/ab67616d0000b273c013775f357bb9ad1eb9e1a7,fuzzy,65.62,"['electronic', 'hip_hop', 'pop']",['k_pop'],"['electronic', 'hip_hop', 'pop', 'k_pop']","['pop', 'k_pop']","['electronic', 'hip_hop']",4,2,2,12.1933,3.0483,0,1,False
NCT DREAM,NCT DREAM,1gBUSTR3TyDdTVFIaQnc02,3FTFpShMTd8cB5vV7w0gf1,Rains in Heaven,single,2024.0,0.913,2020,https://open.spotify.com/album/3FTFpShMTd8cB5vV7w0gf1,https://i.scdn.co/image/ab67616d0000b2734fca99b0398a2d37e892f7b5,fuzzy,69.4,['pop'],['k_pop'],"['pop', 'k_pop']","['pop', 'k_pop']",[],2,2,0,2.1831,1.0916,1,0,False
NCT DREAM,NCT DREAM,1gBUSTR3TyDdTVFIaQnc02,1FWg8PNKFNmZsKHP3bqVqz,Broken Melodies,single,2023.0,0.8696,2020,https://open.spotify.com/album/1FWg8PNKFNmZsKHP3bqVqz,https://i.scdn.co/image/ab67616d0000b2736a4887f1de7d1ada7f875760,exact,100.0,"['rock', 'pop']","['k_pop', 'pop_rock', 'ballad', 'breakbeat']","['rock', 'pop', 'k_pop', 'pop_rock', 'ballad', 'breakbeat']","['pop', 'k_pop']","['rock', 'pop_rock', 'ballad', 'breakbeat']",6,2,4,703.5934,117.2656,1,0,False
NCT DREAM,NCT DREAM,1gBUSTR3TyDdTVFIaQnc02,4cT6f8tGzBtybpBNYPEQoX,Best Friend Ever,single,2023.0,0.8696,2020,https://open.spotify.com/album/4cT6f8tGzBtybpBNYPEQoX,https://i.scdn.co/image/ab67616d0000b2738db0372a58515f8d2dcbf548,exact,100.0,['pop'],"['j_pop', 'k_pop']","['pop', 'j_pop', 'k_pop']","['pop', 'k_pop']",['j_pop'],3,2,1,8.7164,2.9055,1,0,False
NCT DREAM,NCT DREAM,1gBUSTR3TyDdTVFIaQnc02,1V5ilz8ghPl1PZJA1hbw3r,Reload,single,2020.0,0.7391,2020,https://open.spotify.com/album/1V5ilz8ghPl1PZJA1hbw3r,https://i.scdn.co/image/ab67616d0000b2735ec123b44bb80bb94fc5c237,exact,100.0,['pop'],['k_pop'],"['pop', 'k_pop']","['pop', 'k_pop']",[],2,2,0,2.1831,1.0916,1,0,False
NCT DREAM,NCT DREAM,1gBUSTR3TyDdTVFIaQnc02,2e3TvxplnFh1HcFUcSe39u,Don’t Need Your Love,single,2019.0,0.6957,2010,https://open.spotify.com/album/2e3TvxplnFh1HcFUcSe39u,https://i.scdn.co/image/ab67616d0000b27354f28807d938102fe8c9eaf1,exact,90.15,['pop'],"['k_pop', 'dance_pop']","['pop', 'k_pop', 'dance_pop']","['pop', 'k_pop']",['dance_pop'],3,2,1,13.2774,4.4258,1,0,False
NCT DREAM,NCT DREAM,1gBUSTR3TyDdTVFIaQnc02,0pIWpPef8UFx8iQ5KSZsYj,We Go Up,single,2018.0,0.6522,2010,https://open.spotify.com/album/0pIWpPef8UFx8iQ5KSZsYj,https://i.scdn.co/image/ab67616d0000b273182f42112113f08871e71c53,exact,100.0,['pop'],['k_pop'],"['pop', 'k_pop']","['pop', 'k_pop']",[],2,2,0,2.1831,1.0916,1,0,False
NCT DREAM,NCT DREAM,1gBUSTR3TyDdTVFIaQnc02,4wmCJoHoVwHdSBnLq5d4Sm,The First - The 1st Single Album,single,2017.0,0.6087,2010,https://open.spotify.com/album/4wmCJoHoVwHdSBnLq5d4Sm,https://i.scdn.co/image/ab67616d0000b273a379ffa81edbcb50a15cacc3,exact,80.77,['pop'],['k_pop'],"['pop', 'k_pop']","['pop', 'k_pop']",[],2,2,0,2.1831,1.0916,1,0,False
NCT DREAM,NCT DREAM,1gBUSTR3TyDdTVFIaQnc02,53wPhgvCnPI6QMvF7SABkX,Chewing Gum,single,2016.0,0.5652,2010,https://open.spotify.com/album/53wPhgvCnPI6QMvF7SABkX,https://i.scdn.co/image/ab67616d0000b2738c25cf6b6b3c7fddaa0e5984,exact,100.0,['pop'],['k_pop'],"['pop', 'k_pop']","['pop', 'k_pop']",[],2,2,0,2.1831,1.0916,1,0,False
WINNER,WINNER,5DuzBeOgFwViFcv00Q5PFb,2EegWUxYA83XnbwlFf7HEn,Remember,album,2020.0,0.7391,2020,https://open.spotify.com/album/2EegWUxYA83XnbwlFf7HEn,https://i.scdn.co/image/ab67616d0000b273ff549c0874274923789f6cc9,exact,96.0,['pop'],['k_pop'],"['pop', 'k_pop']","['pop', 'k_pop']",[],2,2,0,2.1831,1.0916,0,1,False
WINNER,WINNER,5DuzBeOgFwViFcv00Q5PFb,1cxfi0rCA6ZaOvlNsLLtYs,WE,album,2019.0,0.6957,2010,https://open.spotify.com/album/1cxfi0rCA6ZaOvlNsLLtYs,https://i.scdn.co/image/ab67616d0000b2738bd1a25971147f4e9e995822,exact,100.0,['pop'],['k_pop'],"['pop', 'k_pop']","['pop', 'k_pop']",[],2,2,0,2.1831,1.0916,0,1,False
WINNER,WINNER,5DuzBeOgFwViFcv00Q5PFb,6SEe6NKvO5w83u7tdMreN9,EVERYD4Y,album,2018.0,0.6522,2010,https://open.spotify.com/album/6SEe6NKvO5w83u7tdMreN9,https://i.scdn.co/image/ab67616d0000b273a1e888ef1ea5895f46cd725e,exact,96.0,"['hip_hop', 'pop']",['k_pop'],"['hip_hop', 'pop', 'k_pop']","['pop', 'k_pop']",['hip_hop'],3,2,1,7.2521,2.4174,0,1,False
WINNER,WINNER,5DuzBeOgFwViFcv00Q5PFb,0PT0APCmw2DVgX4JJYtrzU,EVERYD4Y,album,2018.0,0.6522,2010,https://open.spotify.com/album/0PT0APCmw2DVgX4JJYtrzU,https://i.scdn.co/image/ab67616d0000b27375c7a650fd82c52dc7746267,exact,96.0,"['hip_hop', 'pop']",['k_pop'],"['hip_hop', 'pop', 'k_pop']","['pop', 'k_pop']",['hip_hop'],3,2,1,7.2521,2.4174,0,1,False
WINNER,WINNER,5DuzBeOgFwViFcv00Q5PFb,4mvbi1jkr0RaEMA2QucYPv,OUR TWENTY FOR,album,2018.0,0.6522,2010,https://open.spotify.com/album/4mvbi1jkr0RaEMA2QucYPv,https://i.scdn.co/image/ab67616d0000b273bc3fabb5b8c2d2be1456bb4b,exact,96.0,['pop'],"['k_pop', 'j_pop']","['pop', 'k_pop', 'j_pop']","['pop', 'k_pop']",['j_pop'],3,2,1,8.7164,2.9055,0,1,False
WINNER,WINNER,5DuzBeOgFwViFcv00Q5PFb,37LnA5YHzyvoScNBpOmk0A,2014 S/S,album,2014.0,0.4783,2010,https://open.spotify.com/album/37LnA5YHzyvoScNBpOmk0A,https://i.scdn.co/image/ab67616d0000b273482b2dcdab5acbdd24df4089,exact,96.0,"['hip_hop', 'pop']",['k_pop'],"['hip_hop', 'pop', 'k_pop']","['pop', 'k_pop']",['hip_hop'],3,2,1,7.2521,2.4174,0,1,False
WINNER,WINNER,5DuzBeOgFwViFcv00Q5PFb,5BoTWT5bjVgDv8t63dhdUt,OUR TWENTY FOR,single,2017.0,0.6087,2010,https://open.spotify.com/album/5BoTWT5bjVgDv8t63dhdUt,https://i.scdn.co/image/ab67616d0000b273916c8a5c7be6e476e7544b4c,exact,96.0,"['hip_hop', 'pop']",['k_pop'],"['hip_hop', 'pop', 'k_pop']","['pop', 'k_pop']",['hip_hop'],3,2,1,7.2521,2.4174,1,0,False
WINNER,WINNER,5DuzBeOgFwViFcv00Q5PFb,6lkXJykDmEjdCWX4auOIjE,OUR TWENTY FOR,single,2017.0,0.6087,2010,https://open.spotify.com/album/6lkXJykDmEjdCWX4auOIjE,https://i.scdn.co/image/ab67616d0000b27305a52cac688b36ee66666866,exact,96.0,"['hip_hop', 'pop']",['k_pop'],"['hip_hop', 'pop', 'k_pop']","['pop', 'k_pop']",['hip_hop'],3,2,1,7.2521,2.4174,1,0,False
WINNER,WINNER,5DuzBeOgFwViFcv00Q5PFb,161H6UC36pzQp2IYONdMkx,FATE NUMBER FOR,single,2017.0,0.6087,2010,https://open.spotify.com/album/161H6UC36pzQp2IYONdMkx,https://i.scdn.co/image/ab67616d0000b273d4bf9f5333a65cb445b82584,exact,96.0,['pop'],['k_pop'],"['pop', 'k_pop']","['pop', 'k_pop']",[],2,2,0,2.1831,1.0916,1,0,False
WINNER,WINNER,5DuzBeOgFwViFcv00Q5PFb,7D2FML3EyRJcCoiEgUbRxT,EXIT : E,single,2016.0,0.5652,2010,https://open.spotify.com/album/7D2FML3EyRJcCoiEgUbRxT,https://i.scdn.co/image/ab67616d0000b273f46a83ded2dad7aa4b18fc84,exact,91.0,"['rock', 'pop']","['pop_rock', 'k_pop']","['rock', 'pop', 'pop_rock', 'k_pop']","['pop', 'k_pop']","['rock', 'pop_rock']",4,2,2,96.3147,24.0787,1,0,False
ASTRO,ASTRO,4pz4uzOMpJQyV8UTsDy4H8,5yFMVUSwNR0qAtEW78nDj0,Drive to the Starry Road,album,2022.0,0.8261,2020,https://open.spotify.com/album/5yFMVUSwNR0qAtEW78nDj0,https://i.scdn.co/image/ab67616d0000b273c87710889c255d9964477013,exact,94.62,['pop'],['k_pop'],"['pop', 'k_pop']","['pop', 'k_pop']",[],2,2,0,2.1831,1.0916,0,1,False
ASTRO,ASTRO,4pz4uzOMpJQyV8UTsDy4H8,5DYM7eidN6abSp5P3sHial,All Yours,album,2021.0,0.7826,2020,https://open.spotify.com/album/5DYM7eidN6abSp5P3sHial,https://i.scdn.co/image/ab67616d0000b273e0ca747eae494e94484f3997,exact,94.62,['pop'],['k_pop'],"['pop', 'k_pop']","['pop', 'k_pop']",[],2,2,0,2.1831,1.0916,0,1,False
ASTRO,ASTRO,4pz4uzOMpJQyV8UTsDy4H8,1OJJJQdwtJw14WGuB0E0wR,All Light,album,2019.0,0.6957,2010,https://open.spotify.com/album/1OJJJQdwtJw14WGuB0E0wR,https://i.scdn.co/image/ab67616d0000b2733b2557db2b48707f7620b63b,exact,94.62,"['electronic', 'pop', 'folk,_world,_&_country']",['dance_pop'],"['electronic', 'pop', 'folk,_world,_&_country', 'dance_pop']",['pop'],"['electronic', 'folk,_world,_&_country', 'dance_pop']",4,1,3,605.0355,151.2589,0,1,False
ASTRO,ASTRO,4pz4uzOMpJQyV8UTsDy4H8,13QtsOvK9KOmQBQglnbsQo,U&Iverse,single,2022.0,0.8261,2020,https://open.spotify.com/album/13QtsOvK9KOmQBQglnbsQo,https://i.scdn.co/image/ab67616d0000b2738f4d238624a05b054fe9bc31,exact,94.62,"['electronic', 'pop']","['k_pop', 'synth-pop', 'dance_pop']","['electronic', 'pop', 'k_pop', 'synth-pop', 'dance_pop']","['pop', 'k_pop']","['electronic', 'synth-pop', 'dance_pop']",5,2,3,65.2586,13.0517,1,0,False
ASTRO,ASTRO,4pz4uzOMpJQyV8UTsDy4H8,20UJy1ziViNvfJCzjGn5xr,SWITCH ON,single,2021.0,0.7826,2020,https://open.spotify.com/album/20UJy1ziViNvfJCzjGn5xr,https://i.scdn.co/image/ab67616d0000b2731447112868577e3487f1931e,exact,89.62,['pop'],['k_pop'],"['pop', 'k_pop']","['pop', 'k_pop']",[],2,2,0,2.1831,1.0916,1,0,False
ASTRO,ASTRO,4pz4uzOMpJQyV8UTsDy4H8,5mSkyxRRofx2WkVaij09sW,GATEWAY,single,2020.0,0.7391,2020,https://open.spotify.com/album/5mSkyxRRofx2WkVaij09sW,https://i.scdn.co/image/ab67616d0000b273240f941bc55989b9aba4f3e4,exact,89.62,"['electronic', 'pop']",['k_pop'],"['electronic', 'pop', 'k_pop']","['pop', 'k_pop']",['electronic'],3,2,1,7.1243,2.3748,1,0,False
ASTRO,ASTRO,4pz4uzOMpJQyV8UTsDy4H8,2oHkkSoYXQBxJtulVkO91Q,ONE&ONLY,single,2020.0,0.7391,2020,https://open.spotify.com/album/2oHkkSoYXQBxJtulVkO91Q,https://i.scdn.co/image/ab67616d0000b2736e5f2d056040dd1728ac4a70,exact,94.62,['pop'],['k_pop'],"['pop', 'k_pop']","['pop', 'k_pop']",[],2,2,0,2.1831,1.0916,1,0,False
ASTRO,ASTRO,4pz4uzOMpJQyV8UTsDy4H8,7gbpaUn2eYVgUSlApkLLv5,BLUE FLAME,single,2019.0,0.6957,2010,https://open.spotify.com/album/7gbpaUn2eYVgUSlApkLLv5,https://i.scdn.co/image/ab67616d0000b273677535c053acffe50aaeffb3,exact,89.62,['pop'],['k_pop'],"['pop', 'k_pop']","['pop', 'k_pop']",[],2,2,0,2.1831,1.0916,1,0,False
ASTRO,ASTRO,4pz4uzOMpJQyV8UTsDy4H8,0SBiT2zGtJ29bmdocqkg7j,Venus,single,2019.0,0.6957,2010,https://open.spotify.com/album/0SBiT2zGtJ29bmdocqkg7j,https://i.scdn.co/image/ab67616d0000b273e4fd0edd72868180b173dd14,exact,89.62,"['electronic', 'pop']","['j_pop', 'dance_pop']","['electronic', 'pop', 'j_pop', 'dance_pop']",['pop'],"['electronic', 'j_pop', 'dance_pop']",4,1,3,23.5688,5.8922,1,0,False
ASTRO,ASTRO,4pz4uzOMpJQyV8UTsDy4H8,4fKnhoRiKatKfWlIjNdFpW,Rise Up,single,2018.0,0.6522,2010,https://open.spotify.com/album/4fKnhoRiKatKfWlIjNdFpW,https://i.scdn.co/image/ab67616d0000b2739f643cdd861817ffa543144b,exact,89.62,['pop'],['k_pop'],"['pop', 'k_pop']","['pop', 'k_pop']",[],2,2,0,2.1831,1.0916,1,0,False
ASTRO,ASTRO,4pz4uzOMpJQyV8UTsDy4H8,4fxGGvL56ZBB0049xZ6397,Dream Part.02,single,2017.0,0.6087,2010,https://open.spotify.com/album/4fxGGvL56ZBB0049xZ6397,https://i.scdn.co/image/ab67616d0000b27342bfa18f12c7d1c4956e4532,exact,89.62,['pop'],['k_pop'],"['pop', 'k_pop']","['pop', 'k_pop']",[],2,2,0,2.1831,1.0916,1,0,False
ASTRO,ASTRO,4pz4uzOMpJQyV8UTsDy4H8,4yTlUpl3IQ9fffe14fD6MY,Dream Part.01,single,2017.0,0.6087,2010,https://open.spotify.com/album/4yTlUpl3IQ9fffe14fD6MY,https://i.scdn.co/image/ab67616d0000b27373e1a5f6aed877008a45405f,exact,89.62,['pop'],['k_pop'],"['pop', 'k_pop']","['pop', 'k_pop']",[],2,2,0,2.1831,1.0916,1,0,False
ASTRO,ASTRO,4pz4uzOMpJQyV8UTsDy4H8,1KB2KLOo2xJ1ldZd4dz7zw,Winter Dream,single,2017.0,0.6087,2010,https://open.spotify.com/album/1KB2KLOo2xJ1ldZd4dz7zw,https://i.scdn.co/image/ab67616d0000b273a4039cc47bb06b9ca8b8d22f,exact,89.62,['pop'],['k_pop'],"['pop', 'k_pop']","['pop', 'k_pop']",[],2,2,0,2.1831,1.0916,1,0,False
ASTRO,ASTRO,4pz4uzOMpJQyV8UTsDy4H8,3OLQBp2dSs0Wphsn32MMOg,Autumn story,single,2016.0,0.5652,2010,https://open.spotify.com/album/3OLQBp2dSs0Wphsn32MMOg,https://i.scdn.co/image/ab67616d0000b273822ed4ecf09b2cdfeaaad957,exact,89.62,['pop'],['k_pop'],"['pop', 'k_pop']","['pop', 'k_pop']",[],2,2,0,2.1831,1.0916,1,0,False
ASTRO,ASTRO,4pz4uzOMpJQyV8UTsDy4H8,0iXJE0m1mheAsFgolX1qPR,Summer Vibes,single,2016.0,0.5652,2010,https://open.spotify.com/album/0iXJE0m1mheAsFgolX1qPR,https://i.scdn.co/image/ab67616d0000b273d4ae8b2de01c5d441d88dfa3,exact,89.62,['pop'],['k_pop'],"['pop', 'k_pop']","['pop', 'k_pop']",[],2,2,0,2.1831,1.0916,1,0,False
ASTRO,ASTRO,4pz4uzOMpJQyV8UTsDy4H8,7HsoLfFrm68WbCNTKSfBkb,Spring Up,single,2016.0,0.5652,2010,https://open.spotify.com/album/7HsoLfFrm68WbCNTKSfBkb,https://i.scdn.co/image/ab67616d0000b273b53bdf029e1383c5b9005448,fuzzy,69.16,['pop'],['k_pop'],"['pop', 'k_pop']","['pop', 'k_pop']",[],2,2,0,2.1831,1.0916,1,0,False
TAEYEON,TAEYEON,3qNVuliS40BLgXGxhdBdqu,1U3KyC9Key12NSi9ETVExx,This Christmas – Winter is Coming,album,2017.0,0.6087,2010,https://open.spotify.com/album/1U3KyC9Key12NSi9ETVExx,https://i.scdn.co/image/ab67616d0000b273ff45701e8447016848c70485,exact,100.0,"['jazz', 'pop']","['ballad', 'jazz-funk', 'k_pop', 'holiday']","['jazz', 'pop', 'ballad', 'jazz-funk', 'k_pop', 'holiday']","['pop', 'k_pop']","['jazz', 'ballad', 'jazz-funk', 'holiday']",6,2,4,924.4618,154.077,0,1,False
TAEYEON,TAEYEON,3qNVuliS40BLgXGxhdBdqu,1ukBQWhQwWKqTGgs0YzRzU,Why - The 2nd Mini Album,album,2016.0,0.5652,2010,https://open.spotify.com/album/1ukBQWhQwWKqTGgs0YzRzU,https://i.scdn.co/image/ab67616d0000b273e4915763c3c7f7a05cc93885,fuzzy,67.8,"['electronic', 'pop']","['house', 'dance_pop', 'k_pop']","['electronic', 'pop', 'house', 'dance_pop', 'k_pop']","['pop', 'k_pop']","['electronic', 'house', 'dance_pop']",5,2,3,135.8186,27.1637,0,1,False
TAEYEON,TAEYEON,3qNVuliS40BLgXGxhdBdqu,47f7hcYu2nGCYcRx5d8zCM,Letter To Myself - The 6th Mini Album,single,2024.0,0.913,2020,https://open.spotify.com/album/47f7hcYu2nGCYcRx5d8zCM,https://i.scdn.co/image/ab67616d0000b273fd445ee11837be20675f313a,exact,80.24,['pop'],['k_pop'],"['pop', 'k_pop']","['pop', 'k_pop']",[],2,2,0,2.1831,1.0916,1,0,False
TAEYEON,TAEYEON,3qNVuliS40BLgXGxhdBdqu,68taLckvPxHRtNa8QjQJ5e,Heaven,single,2024.0,0.913,2020,https://open.spotify.com/album/68taLckvPxHRtNa8QjQJ5e,https://i.scdn.co/image/ab67616d0000b2738f4f600429c480c475e8c5ad,exact,100.0,['pop'],['k_pop'],"['pop', 'k_pop']","['pop', 'k_pop']",[],2,2,0,2.1831,1.0916,1,0,False
TAEYEON,TAEYEON,3qNVuliS40BLgXGxhdBdqu,0VciVDVU6NoqtQ0WAIlTmD,To. X - The 5th Mini Album,single,2023.0,0.8696,2020,https://open.spotify.com/album/0VciVDVU6NoqtQ0WAIlTmD,https://i.scdn.co/image/ab67616d0000b273ed4dcfaf5f63938ecd6c4d59,fuzzy,65.33,['pop'],['k_pop'],"['pop', 'k_pop']","['pop', 'k_pop']",[],2,2,0,2.1831,1.0916,1,0,False
TAEYEON,TAEYEON,3qNVuliS40BLgXGxhdBdqu,2Xgk5KfKKed3D1a5B3gJJ9,Can't Control Myself,single,2022.0,0.8261,2020,https://open.spotify.com/album/2Xgk5KfKKed3D1a5B3gJJ9,https://i.scdn.co/image/ab67616d0000b27303dcf797238bdb6908f80c93,exact,100.0,"['electronic', 'rock', 'pop']",['k_pop'],"['electronic', 'rock', 'pop', 'k_pop']","['pop', 'k_pop']","['electronic', 'rock']",4,2,2,27.7559,6.939,1,0,False
TAEYEON,TAEYEON,3qNVuliS40BLgXGxhdBdqu,4tJsXd2onpa4P9lFmkJIKy,Weekend,single,2021.0,0.7826,2020,https://open.spotify.com/album/4tJsXd2onpa4P9lFmkJIKy,https://i.scdn.co/image/ab67616d0000b273f4eaffe012c3fc3b73a61bb2,exact,100.0,"['electronic', 'pop']",['k_pop'],"['electronic', 'pop', 'k_pop']","['pop', 'k_pop']",['electronic'],3,2,1,7.1243,2.3748,1,0,False
TAEYEON,TAEYEON,3qNVuliS40BLgXGxhdBdqu,5KHfb1w9F79gdRGVhywTVY,#GirlsSpkOut,single,2020.0,0.7391,2020,https://open.spotify.com/album/5KHfb1w9F79gdRGVhywTVY,https://i.scdn.co/image/ab67616d0000b273b456984e05f1c8cca8b91400,exact,97.0,['pop'],['j_pop'],"['pop', 'j_pop']",['pop'],['j_pop'],2,1,1,7.5333,3.7666,1,0,False
TAEYEON,TAEYEON,3qNVuliS40BLgXGxhdBdqu,1nPB6o7EjGvUORXlnioEPk,Happy,single,2020.0,0.7391,2020,https://open.spotify.com/album/1nPB6o7EjGvUORXlnioEPk,https://i.scdn.co/image/ab67616d0000b273fb49e8c96b502707c691b3a3,exact,100.0,['pop'],['k_pop'],"['pop', 'k_pop']","['pop', 'k_pop']",[],2,2,0,2.1831,1.0916,1,0,False
TAEYEON,TAEYEON,3qNVuliS40BLgXGxhdBdqu,0sbwoolm9aZGBPBEqoU3CX,VOICE,single,2019.0,0.6957,2010,https://open.spotify.com/album/0sbwoolm9aZGBPBEqoU3CX,https://i.scdn.co/image/ab67616d0000b2735e6dc853491b50bed7e07694,exact,97.0,['pop'],['j_pop'],"['pop', 'j_pop']",['pop'],['j_pop'],2,1,1,7.5333,3.7666,1,0,False
TAEYEON,TAEYEON,3qNVuliS40BLgXGxhdBdqu,3ublKZHu1qjU9ujf9A4zhH,Four Seasons,single,2019.0,0.6957,2010,https://open.spotify.com/album/3ublKZHu1qjU9ujf9A4zhH,https://i.scdn.co/image/ab67616d0000b2737de8f56a39ec67a091457d04,exact,94.24,['pop'],"['k_pop', 'ballad']","['pop', 'k_pop', 'ballad']","['pop', 'k_pop']",['ballad'],3,2,1,21.4618,7.1539,1,0,False
TAEYEON,TAEYEON,3qNVuliS40BLgXGxhdBdqu,0aaOQm6ypp7rmQvFweBKHv,Stay,single,2018.0,0.6522,2010,https://open.spotify.com/album/0aaOQm6ypp7rmQvFweBKHv,https://i.scdn.co/image/ab67616d0000b2733be900b88384cd2e0270d5c0,exact,100.0,"['electronic', 'pop']",['j_pop'],"['electronic', 'pop', 'j_pop']",['pop'],"['electronic', 'j_pop']",3,1,2,12.4745,4.1582,1,0,False
TAEYEON,TAEYEON,3qNVuliS40BLgXGxhdBdqu,0xYQcPVyEEegJlTXLttWUx,Something New - The 3rd Mini Album,single,2018.0,0.6522,2010,https://open.spotify.com/album/0xYQcPVyEEegJlTXLttWUx,https://i.scdn.co/image/ab67616d0000b273b4c6cba427ce87604af348df,fuzzy,78.0,['pop'],['k_pop'],"['pop', 'k_pop']","['pop', 'k_pop']",[],2,2,0,2.1831,1.0916,1,0,False
TAEYEON,TAEYEON,3qNVuliS40BLgXGxhdBdqu,5MgY1E2inbDcthAQEzwz8L,Rain - SM STATION,single,2016.0,0.5652,2010,https://open.spotify.com/album/5MgY1E2inbDcthAQEzwz8L,https://i.scdn.co/image/ab67616d0000b27316e21608ece123c20bd24306,fuzzy,75.95,"['funk_/_soul', 'pop']","['ballad', 'rhythm_&_blues', 'k_pop']","['funk_/_soul', 'pop', 'ballad', 'rhythm_&_blues', 'k_pop']","['pop', 'k_pop']","['funk_/_soul', 'ballad', 'rhythm_&_blues']",5,2,3,135.1418,27.0284,1,0,False
SUNMI,SUNMI,6MoXcK2GyGg7FIyxPU5yW6,3VTC0g2EGSIksMcUB4ajFN,HEART MAID,album,2025.0,0.9565,2020,https://open.spotify.com/album/3VTC0g2EGSIksMcUB4ajFN,https://i.scdn.co/image/ab67616d0000b2732824bbb8350aba6aabfeb844,exact,100.0,['pop'],['k_pop'],"['pop', 'k_pop']","['pop', 'k_pop']",[],2,2,0,2.1831,1.0916,0,1,False
SUNMI,SUNMI,6MoXcK2GyGg7FIyxPU5yW6,6bxesa3ILDsOlPrOkmLsi3,STRANGER,single,2023.0,0.8696,2020,https://open.spotify.com/album/6bxesa3ILDsOlPrOkmLsi3,https://i.scdn.co/image/ab67616d0000b273d9b35a1606881ab2a1c09fe4,exact,100.0,['pop'],['k_pop'],"['pop', 'k_pop']","['pop', 'k_pop']",[],2,2,0,2.1831,1.0916,1,0,False
SUNMI,SUNMI,6MoXcK2GyGg7FIyxPU5yW6,2X72EUgmACzlHxgoDzPZPI,Heart Burn,single,2022.0,0.8261,2020,https://open.spotify.com/album/2X72EUgmACzlHxgoDzPZPI,https://i.scdn.co/image/ab67616d0000b27341cf4ef4333972fcac7e0e80,exact,100.0,['pop'],"['k_pop', 'psychedelic', 'new_wave', 'indie_pop']","['pop', 'k_pop', 'psychedelic', 'new_wave', 'indie_pop']","['pop', 'k_pop']","['psychedelic', 'new_wave', 'indie_pop']",5,2,3,3530.1831,706.0366,1,0,False
SUNMI,SUNMI,6MoXcK2GyGg7FIyxPU5yW6,40DLJ6AW2ck7XxAamBg2VF,1/6,single,2021.0,0.7826,2020,https://open.spotify.com/album/40DLJ6AW2ck7XxAamBg2VF,https://i.scdn.co/image/ab67616d0000b273b4cd67f8e19f90ce16b92302,exact,100.0,['pop'],['k_pop'],"['pop', 'k_pop']","['pop', 'k_pop']",[],2,2,0,2.1831,1.0916,1,0,False
SUNMI,SUNMI,6MoXcK2GyGg7FIyxPU5yW6,3fC3XUsvyE1bJIr8fXZClr,TAIL,single,2021.0,0.7826,2020,https://open.spotify.com/album/3fC3XUsvyE1bJIr8fXZClr,https://i.scdn.co/image/ab67616d0000b2733800f8cff35a961ffa5c2c82,exact,100.0,"['funk_/_soul', 'pop']",['k_pop'],"['funk_/_soul', 'pop', 'k_pop']","['pop', 'k_pop']",['funk_/_soul'],3,2,1,17.8631,5.9544,1,0,False
SUNMI,SUNMI,6MoXcK2GyGg7FIyxPU5yW6,3cftLnzB9VeNPp5LRWqHNo,When We Disco,single,2020.0,0.7391,2020,https://open.spotify.com/album/3cftLnzB9VeNPp5LRWqHNo,https://i.scdn.co/image/ab67616d0000b273f87449413dbc4878f9a96ebe,exact,80.45,"['funk_/_soul', 'pop']",['k_pop'],"['funk_/_soul', 'pop', 'k_pop']","['pop', 'k_pop']",['funk_/_soul'],3,2,1,17.8631,5.9544,1,0,False
SUNMI,SUNMI,6MoXcK2GyGg7FIyxPU5yW6,1JmQ3nChCRtKSSL2oWHzkL,pporappippam,single,2020.0,0.7391,2020,https://open.spotify.com/album/1JmQ3nChCRtKSSL2oWHzkL,https://i.scdn.co/image/ab67616d0000b2730128563ba2d1f222c8d260e9,exact,100.0,['pop'],"['k_pop', 'dance_pop', 'city_pop', 'nu-disco']","['pop', 'k_pop', 'dance_pop', 'city_pop', 'nu-disco']","['pop', 'k_pop']","['dance_pop', 'city_pop', 'nu-disco']",5,2,3,993.2774,198.6555,1,0,False
SUNMI,SUNMI,6MoXcK2GyGg7FIyxPU5yW6,5QXDcNkd0wBg175IWje029,LALALAY,single,2019.0,0.6957,2010,https://open.spotify.com/album/5QXDcNkd0wBg175IWje029,https://i.scdn.co/image/ab67616d0000b273f0173da8469e69158975f9d1,exact,100.0,['pop'],['k_pop'],"['pop', 'k_pop']","['pop', 'k_pop']",[],2,2,0,2.1831,1.0916,1,0,False
SUNMI,SUNMI,6MoXcK2GyGg7FIyxPU5yW6,3PFNNAwTXNWTDYlibs1GSo,WARNING,single,2018.0,0.6522,2010,https://open.spotify.com/album/3PFNNAwTXNWTDYlibs1GSo,https://i.scdn.co/image/ab67616d0000b2732ef04098cf4ac1472397338c,exact,100.0,['pop'],"['k_pop', 'dance_pop', 'electro']","['pop', 'k_pop', 'dance_pop', 'electro']","['pop', 'k_pop']","['dance_pop', 'electro']",4,2,2,44.2248,11.0562,1,0,False
SUNMI,SUNMI,6MoXcK2GyGg7FIyxPU5yW6,1XXWe0K2CUtO7ILhkdhBqu,Full Moon,single,2014.0,0.4783,2010,https://open.spotify.com/album/1XXWe0K2CUtO7ILhkdhBqu,https://i.scdn.co/image/ab67616d0000b2731ea1edfebfdb403165773c8b,exact,92.5,['pop'],['k_pop'],"['pop', 'k_pop']","['pop', 'k_pop']",[],2,2,0,2.1831,1.0916,1,0,False
Taemin,TAEMIN,13rF01aOogvnkuQXOlgTW8,1GVtZymB8PktOiGJnh0V9K,TAEMIN,album,2018.0,0.6522,2010,https://open.spotify.com/album/1GVtZymB8PktOiGJnh0V9K,https://i.scdn.co/image/ab67616d0000b273eb8908f781bee94c1e569249,exact,100.0,['pop'],['j_pop'],"['pop', 'j_pop']",['pop'],['j_pop'],2,1,1,7.5333,3.7666,0,1,False
Taemin,TAEMIN,13rF01aOogvnkuQXOlgTW8,2Ka8QpE2XUUjL4vOQihkJH,MOVE - The 2nd Album,album,2017.0,0.6087,2010,https://open.spotify.com/album/2Ka8QpE2XUUjL4vOQihkJH,https://i.scdn.co/image/ab67616d0000b27362fad74218294c98e510c1c8,exact,82.5,['pop'],['k_pop'],"['pop', 'k_pop']","['pop', 'k_pop']",[],2,2,0,2.1831,1.0916,0,1,False
Taemin,TAEMIN,13rF01aOogvnkuQXOlgTW8,245a7QKvETcXIn3iilhU3T,Veil,single,2025.0,0.9565,2020,https://open.spotify.com/album/245a7QKvETcXIn3iilhU3T,https://i.scdn.co/image/ab67616d0000b273564d65c6f96010eb1b9a3906,exact,100.0,['pop'],"['k_pop', 'j_pop']","['pop', 'k_pop', 'j_pop']","['pop', 'k_pop']",['j_pop'],3,2,1,8.7164,2.9055,1,0,False
Taemin,TAEMIN,13rF01aOogvnkuQXOlgTW8,02mBCaH03J6DPVzNzyqDpU,ETERNAL,single,2024.0,0.913,2020,https://open.spotify.com/album/02mBCaH03J6DPVzNzyqDpU,https://i.scdn.co/image/ab67616d0000b273f96d0a463cc001f2b330ce69,exact,100.0,['pop'],['k_pop'],"['pop', 'k_pop']","['pop', 'k_pop']",[],2,2,0,2.1831,1.0916,1,0,False
Taemin,TAEMIN,13rF01aOogvnkuQXOlgTW8,1lnDLQ5nH1V3ST8MuVGmQW,Guilty - The 4th Mini Album,single,2023.0,0.8696,2020,https://open.spotify.com/album/1lnDLQ5nH1V3ST8MuVGmQW,https://i.scdn.co/image/ab67616d0000b2733aa2389906d8900db3b4a8ed,fuzzy,72.42,['pop'],['k_pop'],"['pop', 'k_pop']","['pop', 'k_pop']",[],2,2,0,2.1831,1.0916,1,0,False
Taemin,TAEMIN,13rF01aOogvnkuQXOlgTW8,0kNUDDHwjpemplDqSZ72Ct,Advice - The 3rd Mini Album,single,2021.0,0.7826,2020,https://open.spotify.com/album/0kNUDDHwjpemplDqSZ72Ct,https://i.scdn.co/image/ab67616d0000b2738b041a6c21bf569fb424d930,fuzzy,72.42,['pop'],['k_pop'],"['pop', 'k_pop']","['pop', 'k_pop']",[],2,2,0,2.1831,1.0916,1,0,False
Taemin,TAEMIN,13rF01aOogvnkuQXOlgTW8,7zdKOUglfNFwRPoambtnBE,FAMOUS,single,2019.0,0.6957,2010,https://open.spotify.com/album/7zdKOUglfNFwRPoambtnBE,https://i.scdn.co/image/ab67616d0000b2732255026198a1804ef4afa302,exact,100.0,['pop'],['j_pop'],"['pop', 'j_pop']",['pop'],['j_pop'],2,1,1,7.5333,3.7666,1,0,False
Taemin,TAEMIN,13rF01aOogvnkuQXOlgTW8,2QuKLZv9HxsJJgTiLAwjFC,Famous,single,2019.0,0.6957,2010,https://open.spotify.com/album/2QuKLZv9HxsJJgTiLAwjFC,https://i.scdn.co/image/ab67616d0000b273f70c0ef75e57d3f577423a81,exact,100.0,['pop'],['j_pop'],"['pop', 'j_pop']",['pop'],['j_pop'],2,1,1,7.5333,3.7666,1,0,False
Taemin,TAEMIN,13rF01aOogvnkuQXOlgTW8,4saaFJoUrX5yEC9leEGUPj,ECLIPSE,single,2018.0,0.6522,2010,https://open.spotify.com/album/4saaFJoUrX5yEC9leEGUPj,https://i.scdn.co/image/ab67616d0000b27350b24c30ddf3cf9d291d3943,fuzzy,68.85,['pop'],['j_pop'],"['pop', 'j_pop']",['pop'],['j_pop'],2,1,1,7.5333,3.7666,1,0,False
Taemin,TAEMIN,13rF01aOogvnkuQXOlgTW8,31i2wyywO9KW24aJczGVWX,MOVE-ing - The 2nd Album Repackage,single,2017.0,0.6087,2010,https://open.spotify.com/album/31i2wyywO9KW24aJczGVWX,https://i.scdn.co/image/ab67616d0000b2734b8febf5c0b6f26b45f674c2,fuzzy,72.14,['pop'],['k_pop'],"['pop', 'k_pop']","['pop', 'k_pop']",[],2,2,0,2.1831,1.0916,1,0,False
Taemin,TAEMIN,13rF01aOogvnkuQXOlgTW8,2OH9BPH2vFMNiugYT6FrMC,Flame of Love,single,2017.0,0.6087,2010,https://open.spotify.com/album/2OH9BPH2vFMNiugYT6FrMC,https://i.scdn.co/image/ab67616d0000b273a269074e04c7472b03789c48,exact,100.0,['pop'],['j_pop'],"['pop', 'j_pop']",['pop'],['j_pop'],2,1,1,7.5333,3.7666,1,0,False
Taemin,TAEMIN,13rF01aOogvnkuQXOlgTW8,0VOMzswFy3fFsOb1tYs1Wd,さよならひとり,single,2016.0,0.5652,2010,https://open.spotify.com/album/0VOMzswFy3fFsOb1tYs1Wd,https://i.scdn.co/image/ab67616d0000b273dbd5c6e6e365a3e70832780d,exact,100.0,['pop'],['j_pop'],"['pop', 'j_pop']",['pop'],['j_pop'],2,1,1,7.5333,3.7666,1,0,False
Zico,ZICO,4XpUIb8uuNlIWVKmgKZXC0,3K3C9JjwCGQAzj3Bu7BUaI,SPOT!,single,2024.0,0.913,2020,https://open.spotify.com/album/3K3C9JjwCGQAzj3Bu7BUaI,https://i.scdn.co/image/ab67616d0000b2731b8ae147aceb9fc130391287,fuzzy,73.0,"['hip_hop', 'pop']",['k_pop'],"['hip_hop', 'pop', 'k_pop']","['pop', 'k_pop']",['hip_hop'],3,2,1,7.2521,2.4174,1,0,False
Zico,ZICO,4XpUIb8uuNlIWVKmgKZXC0,5gHJyHBTHBZlgFsODXj7HZ,Grown Ass Kid,single,2022.0,0.8261,2020,https://open.spotify.com/album/5gHJyHBTHBZlgFsODXj7HZ,https://i.scdn.co/image/ab67616d0000b2730a66f1f57b7b62c9290ecf47,exact,91.0,['pop'],['k_pop'],"['pop', 'k_pop']","['pop', 'k_pop']",[],2,2,0,2.1831,1.0916,1,0,False
Zico,ZICO,4XpUIb8uuNlIWVKmgKZXC0,51ea2XXI3WLPs5Vs0ou5a8,RANDOM BOX,single,2020.0,0.7391,2020,https://open.spotify.com/album/51ea2XXI3WLPs5Vs0ou5a8,https://i.scdn.co/image/ab67616d0000b2738535e970f88743c53213b041,exact,91.0,"['hip_hop', 'pop']",['k_pop'],"['hip_hop', 'pop', 'k_pop']","['pop', 'k_pop']",['hip_hop'],3,2,1,7.2521,2.4174,1,0,False
Zico,ZICO,4XpUIb8uuNlIWVKmgKZXC0,7LYZM7I172wUjIKjCnxuAQ,Any song,single,2020.0,0.7391,2020,https://open.spotify.com/album/7LYZM7I172wUjIKjCnxuAQ,https://i.scdn.co/image/ab67616d0000b2735f9608114e13bb4e5e6b0399,exact,96.0,"['hip_hop', 'pop']",['k_pop'],"['hip_hop', 'pop', 'k_pop']","['pop', 'k_pop']",['hip_hop'],3,2,1,7.2521,2.4174,1,0,False
Zico,ZICO,4XpUIb8uuNlIWVKmgKZXC0,6HcRiA5scMhgM5lBMKX2ad,THINKING Part.2,single,2019.0,0.6957,2010,https://open.spotify.com/album/6HcRiA5scMhgM5lBMKX2ad,https://i.scdn.co/image/ab67616d0000b2733f4d25299e90f04e44791b7f,fuzzy,77.3,"['hip_hop', 'funk_/_soul', 'pop']","['contemporary_r&b', 'trap', 'ballad']","['hip_hop', 'funk_/_soul', 'pop', 'contemporary_r&b', 'trap', 'ballad']",['pop'],"['hip_hop', 'funk_/_soul', 'contemporary_r&b', 'trap', 'ballad']",6,1,5,100.057,16.6762,1,0,False
Zico,ZICO,4XpUIb8uuNlIWVKmgKZXC0,0yRTfpYIoHqPmmijU9GZGd,THINKING Part.1,single,2019.0,0.6957,2010,https://open.spotify.com/album/0yRTfpYIoHqPmmijU9GZGd,https://i.scdn.co/image/ab67616d0000b27324deb6c031c068f1f3a6324b,fuzzy,77.3,"['hip_hop', 'funk_/_soul', 'pop']","['contemporary_r&b', 'trap', 'ballad']","['hip_hop', 'funk_/_soul', 'pop', 'contemporary_r&b', 'trap', 'ballad']",['pop'],"['hip_hop', 'funk_/_soul', 'contemporary_r&b', 'trap', 'ballad']",6,1,5,100.057,16.6762,1,0,False
Zico,ZICO,4XpUIb8uuNlIWVKmgKZXC0,6HP0IEX02aIgeCudSzwu4D,TELEVISION,single,2017.0,0.6087,2010,https://open.spotify.com/album/6HP0IEX02aIgeCudSzwu4D,https://i.scdn.co/image/ab67616d0000b273bddbb6ddd0724762297b3644,exact,91.0,"['hip_hop', 'pop']",['k_pop'],"['hip_hop', 'pop', 'k_pop']","['pop', 'k_pop']",['hip_hop'],3,2,1,7.2521,2.4174,1,0,False
Zico,ZICO,4XpUIb8uuNlIWVKmgKZXC0,2nphzc978Tn4BN5fMeIrf2,Break Up 2 Make Up,single,2016.0,0.5652,2010,https://open.spotify.com/album/2nphzc978Tn4BN5fMeIrf2,https://i.scdn.co/image/ab67616d0000b273ef5a1c4860f10d84a8df5977,exact,96.0,['pop'],"['k_pop', 'ballad']","['pop', 'k_pop', 'ballad']","['pop', 'k_pop']",['ballad'],3,2,1,21.4618,7.1539,1,0,False
Zico,ZICO,4XpUIb8uuNlIWVKmgKZXC0,38UcW6UPh7lm2wuNs2VEKM,GALLERY,single,2015.0,0.5217,2010,https://open.spotify.com/album/38UcW6UPh7lm2wuNs2VEKM,https://i.scdn.co/image/ab67616d0000b2739f191b58212bbd84bba75091,exact,91.0,['hip_hop'],[],['hip_hop'],[],['hip_hop'],1,0,1,5.069,5.069,1,0,False
Zico,ZICO,4XpUIb8uuNlIWVKmgKZXC0,4BoROU8H3lzxu3ppyvNsfn,Tough Cookie,single,2014.0,0.4783,2010,https://open.spotify.com/album/4BoROU8H3lzxu3ppyvNsfn,https://i.scdn.co/image/ab67616d0000b27328c3ada3761601ea220357ab,exact,96.0,['hip_hop'],[],['hip_hop'],[],['hip_hop'],1,0,1,5.069,5.069,1,0,False
BAEKHYUN,BAEKHYUN,4ufh0WuMZh6y4Dmdnklvdl,5m3xaHvFvODdctmtdQ9qzB,Essence of Reverie,album,2025.0,0.9565,2020,https://open.spotify.com/album/5m3xaHvFvODdctmtdQ9qzB,https://i.scdn.co/image/ab67616d0000b273d56f3f4fc8f0e6b7dcd88900,exact,100.0,['pop'],['k_pop'],"['pop', 'k_pop']","['pop', 'k_pop']",[],2,2,0,2.1831,1.0916,0,1,False
BAEKHYUN,BAEKHYUN,4ufh0WuMZh6y4Dmdnklvdl,75sPv82oaDKYjtuuS4l3Vc,Delight - The 2nd Mini Album,album,2020.0,0.7391,2020,https://open.spotify.com/album/75sPv82oaDKYjtuuS4l3Vc,https://i.scdn.co/image/ab67616d0000b273a280844e6f3397b0632ff64f,fuzzy,79.09,['pop'],['k_pop'],"['pop', 'k_pop']","['pop', 'k_pop']",[],2,2,0,2.1831,1.0916,0,1,False
BAEKHYUN,BAEKHYUN,4ufh0WuMZh6y4Dmdnklvdl,702JXttIx9HjCWwXLVblqa,Chocolate,single,2025.0,0.9565,2020,https://open.spotify.com/album/702JXttIx9HjCWwXLVblqa,https://i.scdn.co/image/ab67616d0000b273dd017da9096112edba53e9e8,fuzzy,65.0,['pop'],['k_pop'],"['pop', 'k_pop']","['pop', 'k_pop']",[],2,2,0,2.1831,1.0916,1,0,False
BAEKHYUN,BAEKHYUN,4ufh0WuMZh6y4Dmdnklvdl,6t6uh1uD01cnqef1Y7NVxA,"Hello, World - The 4th Mini Album",single,2024.0,0.913,2020,https://open.spotify.com/album/6t6uh1uD01cnqef1Y7NVxA,https://i.scdn.co/image/ab67616d0000b2736652c7af6f96d2126e49a9a7,fuzzy,79.15,['pop'],['k_pop'],"['pop', 'k_pop']","['pop', 'k_pop']",[],2,2,0,2.1831,1.0916,1,0,False
BAEKHYUN,BAEKHYUN,4ufh0WuMZh6y4Dmdnklvdl,19tOwYQXUOr7YXXPzyIjiQ,PARANOIA,single,2023.0,0.8696,2020,https://open.spotify.com/album/19tOwYQXUOr7YXXPzyIjiQ,https://i.scdn.co/image/ab67616d0000b27381d3376f6c5965fbf645d28a,fuzzy,72.86,"['electronic', 'hip_hop', 'pop']","['future_bass', 'k_pop', 'pop_rap']","['electronic', 'hip_hop', 'pop', 'future_bass', 'k_pop', 'pop_rap']","['pop', 'k_pop']","['electronic', 'hip_hop', 'future_bass', 'pop_rap']",6,2,4,320.1933,53.3656,1,0,False
BAEKHYUN,BAEKHYUN,4ufh0WuMZh6y4Dmdnklvdl,1jV1UooTpZ7c90umcENmOC,BAEKHYUN,single,2021.0,0.7826,2020,https://open.spotify.com/album/1jV1UooTpZ7c90umcENmOC,https://i.scdn.co/image/ab67616d0000b27365d11e2eb2034dbc6297ec86,exact,100.0,['pop'],"['k_pop', 'j_pop']","['pop', 'k_pop', 'j_pop']","['pop', 'k_pop']",['j_pop'],3,2,1,8.7164,2.9055,1,0,False
BAEKHYUN,BAEKHYUN,4ufh0WuMZh6y4Dmdnklvdl,35xEwaC2WlMzkllTa3XwhK,Take You Home - SM STATION,single,2017.0,0.6087,2010,https://open.spotify.com/album/35xEwaC2WlMzkllTa3XwhK,https://i.scdn.co/image/ab67616d0000b2733c1ccc5a2d5ef4df8d0d20dc,exact,83.88,['pop'],"['ballad', 'k_pop']","['pop', 'ballad', 'k_pop']","['pop', 'k_pop']",['ballad'],3,2,1,21.4618,7.1539,1,0,False
BAEKHYUN,BAEKHYUN,4ufh0WuMZh6y4Dmdnklvdl,37rRvFMj1WWd8T227jdHyb,Dream,single,2016.0,0.5652,2010,https://open.spotify.com/album/37rRvFMj1WWd8T227jdHyb,https://i.scdn.co/image/ab67616d0000b27336a48ee0c606c4dfd51bb61e,exact,85.71,"['funk_/_soul', 'pop']","['soul', 'k_pop']","['funk_/_soul', 'pop', 'soul', 'k_pop']","['pop', 'k_pop']","['funk_/_soul', 'soul']",4,2,2,135.4631,33.8658,1,0,False
Stray Kids,Stray Kids,2dIgFjalVxs4ThymZ67YCE,3wqskwruUGJHC4yHbo7nxc,KARMA,album,2025.0,0.9565,2020,https://open.spotify.com/album/3wqskwruUGJHC4yHbo7nxc,https://i.scdn.co/image/ab67616d0000b2734003b4bfaa44b5fd52b00be2,exact,100.0,['pop'],['k_pop'],"['pop', 'k_pop']","['pop', 'k_pop']",[],2,2,0,2.1831,1.0916,0,1,False
Stray Kids,Stray Kids,2dIgFjalVxs4ThymZ67YCE,3IGZmUJql41Q2FSIBweSsz,HOP,album,2024.0,0.913,2020,https://open.spotify.com/album/3IGZmUJql41Q2FSIBweSsz,https://i.scdn.co/image/ab67616d0000b273841695ed5f1525227ac5ddf0,exact,100.0,['pop'],['k_pop'],"['pop', 'k_pop']","['pop', 'k_pop']",[],2,2,0,2.1831,1.0916,0,1,False
Stray Kids,Stray Kids,2dIgFjalVxs4ThymZ67YCE,2vVMz605sZeoefSLbbBNeb,GIANT,album,2024.0,0.913,2020,https://open.spotify.com/album/2vVMz605sZeoefSLbbBNeb,https://i.scdn.co/image/ab67616d0000b27393cfebc07f670e0d9b0ea166,exact,100.0,['pop'],"['j_pop', 'k_pop']","['pop', 'j_pop', 'k_pop']","['pop', 'k_pop']",['j_pop'],3,2,1,8.7164,2.9055,0,1,False
Stray Kids,Stray Kids,2dIgFjalVxs4ThymZ67YCE,3WdsoMKRqtw5Sgg67YrpnY,ATE,album,2024.0,0.913,2020,https://open.spotify.com/album/3WdsoMKRqtw5Sgg67YrpnY,https://i.scdn.co/image/ab67616d0000b27351700837cdbc6adddb88560a,exact,100.0,['pop'],['k_pop'],"['pop', 'k_pop']","['pop', 'k_pop']",[],2,2,0,2.1831,1.0916,0,1,False
Stray Kids,Stray Kids,2dIgFjalVxs4ThymZ67YCE,0aJnGEZWIc1VCYlZOXv05a,ROCK-STAR,album,2023.0,0.8696,2020,https://open.spotify.com/album/0aJnGEZWIc1VCYlZOXv05a,https://i.scdn.co/image/ab67616d0000b2732bca95a658fdf653a35a3710,exact,100.0,"['electronic', 'hip_hop', 'pop']","['k_pop', 'pop_rap']","['electronic', 'hip_hop', 'pop', 'k_pop', 'pop_rap']","['pop', 'k_pop']","['electronic', 'hip_hop', 'pop_rap']",5,2,3,26.1933,5.2387,0,1,False
Stray Kids,Stray Kids,2dIgFjalVxs4ThymZ67YCE,3Pel3gWsPxVpZVrciU0Fm6,5-STAR,album,2023.0,0.8696,2020,https://open.spotify.com/album/3Pel3gWsPxVpZVrciU0Fm6,https://i.scdn.co/image/ab67616d0000b273e27ba26bc14a563bf3d09882,exact,100.0,"['hip_hop', 'pop']",['k_pop'],"['hip_hop', 'pop', 'k_pop']","['pop', 'k_pop']",['hip_hop'],3,2,1,7.2521,2.4174,0,1,False
Stray Kids,Stray Kids,2dIgFjalVxs4ThymZ67YCE,4ZW5rXkLINHYqH2MIAhkP2,THE SOUND,album,2023.0,0.8696,2020,https://open.spotify.com/album/4ZW5rXkLINHYqH2MIAhkP2,https://i.scdn.co/image/ab67616d0000b273aa1073c3edd459b6a23e012c,exact,100.0,['pop'],"['k_pop', 'j_pop']","['pop', 'k_pop', 'j_pop']","['pop', 'k_pop']",['j_pop'],3,2,1,8.7164,2.9055,0,1,False
Stray Kids,Stray Kids,2dIgFjalVxs4ThymZ67YCE,3UXrliH0JUQvcaLnBD8Txz,SKZ-REPLAY,album,2022.0,0.8261,2020,https://open.spotify.com/album/3UXrliH0JUQvcaLnBD8Txz,https://i.scdn.co/image/ab67616d0000b273d681b1b80c5dff43d2f4a3df,exact,100.0,['pop'],['k_pop'],"['pop', 'k_pop']","['pop', 'k_pop']",[],2,2,0,2.1831,1.0916,0,1,False
Stray Kids,Stray Kids,2dIgFjalVxs4ThymZ67YCE,0T6hYH0UyDjNraWZk2mZWi,MAXIDENT,album,2022.0,0.8261,2020,https://open.spotify.com/album/0T6hYH0UyDjNraWZk2mZWi,https://i.scdn.co/image/ab67616d0000b27385bcbbac459056ad6ee9426b,exact,100.0,"['electronic', 'hip_hop', 'pop']",['k_pop'],"['electronic', 'hip_hop', 'pop', 'k_pop']","['pop', 'k_pop']","['electronic', 'hip_hop']",4,2,2,12.1933,3.0483,0,1,False
Stray Kids,Stray Kids,2dIgFjalVxs4ThymZ67YCE,558tpdCejjVQNFAumRAeQj,NOEASY,album,2021.0,0.7826,2020,https://open.spotify.com/album/558tpdCejjVQNFAumRAeQj,https://i.scdn.co/image/ab67616d0000b2731843897a2a72dd5036bbb1fc,exact,100.0,"['hip_hop', 'pop']",['k_pop'],"['hip_hop', 'pop', 'k_pop']","['pop', 'k_pop']",['hip_hop'],3,2,1,7.2521,2.4174,0,1,False
Stray Kids,Stray Kids,2dIgFjalVxs4ThymZ67YCE,06EHg8PHtDhbZMpE0jmhEn,ALL IN,album,2020.0,0.7391,2020,https://open.spotify.com/album/06EHg8PHtDhbZMpE0jmhEn,https://i.scdn.co/image/ab67616d0000b273a3ec67fdb434094ee1400b62,exact,100.0,"['electronic', 'hip_hop', 'rock', 'pop']","['j_pop', 'k_pop']","['electronic', 'hip_hop', 'rock', 'pop', 'j_pop', 'k_pop']","['pop', 'k_pop']","['electronic', 'hip_hop', 'rock', 'j_pop']",6,2,4,39.3582,6.5597,0,1,False
Stray Kids,Stray Kids,2dIgFjalVxs4ThymZ67YCE,0aERWcI2KYSCM4biUihB9X,IN LIFE,album,2020.0,0.7391,2020,https://open.spotify.com/album/0aERWcI2KYSCM4biUihB9X,https://i.scdn.co/image/ab67616d0000b273703093f86fd5c8bd79500610,fuzzy,78.0,"['electronic', 'hip_hop', 'pop']",['k_pop'],"['electronic', 'hip_hop', 'pop', 'k_pop']","['pop', 'k_pop']","['electronic', 'hip_hop']",4,2,2,12.1933,3.0483,0,1,False
Stray Kids,Stray Kids,2dIgFjalVxs4ThymZ67YCE,6DWLIzvmiLPAuDWYZqrLQo,GO LIVE,album,2020.0,0.7391,2020,https://open.spotify.com/album/6DWLIzvmiLPAuDWYZqrLQo,https://i.scdn.co/image/ab67616d0000b273fad8c4176e8df7173479f959,fuzzy,78.0,"['hip_hop', 'pop']",['k_pop'],"['hip_hop', 'pop', 'k_pop']","['pop', 'k_pop']",['hip_hop'],3,2,1,7.2521,2.4174,0,1,False
Stray Kids,Stray Kids,2dIgFjalVxs4ThymZ67YCE,0st9OqpsKmmtwUz6cS14Fj,Clé : LEVANTER,album,2019.0,0.6957,2010,https://open.spotify.com/album/0st9OqpsKmmtwUz6cS14Fj,https://i.scdn.co/image/ab67616d0000b27322fd8cea56c0653427842ec4,exact,100.0,"['electronic', 'hip_hop', 'pop']","['k_pop', 'electro']","['electronic', 'hip_hop', 'pop', 'k_pop', 'electro']","['pop', 'k_pop']","['electronic', 'hip_hop', 'electro']",5,2,3,43.1407,8.6281,0,1,False
Stray Kids,Stray Kids,2dIgFjalVxs4ThymZ67YCE,7a3luOh8mK0q8YsRkNUjrU,Clé 2 : Yellow Wood,album,2019.0,0.6957,2010,https://open.spotify.com/album/7a3luOh8mK0q8YsRkNUjrU,https://i.scdn.co/image/ab67616d0000b273869bb5c720b743357fd402bd,exact,100.0,"['electronic', 'hip_hop', 'pop']","['k_pop', 'electro', 'psy-trance', 'trance']","['electronic', 'hip_hop', 'pop', 'k_pop', 'electro', 'psy-trance', 'trance']","['pop', 'k_pop']","['electronic', 'hip_hop', 'electro', 'psy-trance', 'trance']",7,2,5,2395.1407,342.163,0,1,False
Stray Kids,Stray Kids,2dIgFjalVxs4ThymZ67YCE,3s6RbqkTprnGwKpoUSYL00,Clé 1 : MIROH,album,2019.0,0.6957,2010,https://open.spotify.com/album/3s6RbqkTprnGwKpoUSYL00,https://i.scdn.co/image/ab67616d0000b273cbb25c0de45e6a6ded073802,exact,100.0,"['electronic', 'hip_hop', 'pop']","['k_pop', 'electro', 'trap']","['electronic', 'hip_hop', 'pop', 'k_pop', 'electro', 'trap']","['pop', 'k_pop']","['electronic', 'hip_hop', 'electro', 'trap']",6,2,4,86.6963,14.4494,0,1,False
Stray Kids,Stray Kids,2dIgFjalVxs4ThymZ67YCE,2zIr9PncoM7K02FmIMtluH,I am YOU,album,2018.0,0.6522,2010,https://open.spotify.com/album/2zIr9PncoM7K02FmIMtluH,https://i.scdn.co/image/ab67616d0000b27356ef3e93da29e9c854ddaffb,exact,100.0,"['hip_hop', 'pop']",['k_pop'],"['hip_hop', 'pop', 'k_pop']","['pop', 'k_pop']",['hip_hop'],3,2,1,7.2521,2.4174,0,1,False
Stray Kids,Stray Kids,2dIgFjalVxs4ThymZ67YCE,2SACeVKmkXeAXHqLDdTU9N,I am WHO,album,2018.0,0.6522,2010,https://open.spotify.com/album/2SACeVKmkXeAXHqLDdTU9N,https://i.scdn.co/image/ab67616d0000b27309f2f03627bf9c7b719a35ff,exact,100.0,"['electronic', 'hip_hop', 'pop']",['k_pop'],"['electronic', 'hip_hop', 'pop', 'k_pop']","['pop', 'k_pop']","['electronic', 'hip_hop']",4,2,2,12.1933,3.0483,0,1,False
Stray Kids,Stray Kids,2dIgFjalVxs4ThymZ67YCE,6xP5hGAHaLArPqF07UYVJL,I am NOT,album,2018.0,0.6522,2010,https://open.spotify.com/album/6xP5hGAHaLArPqF07UYVJL,https://i.scdn.co/image/ab67616d0000b273f6ace3e8860779591c193414,exact,100.0,"['electronic', 'hip_hop', 'rock', 'pop']",['k_pop'],"['electronic', 'hip_hop', 'rock', 'pop', 'k_pop']","['pop', 'k_pop']","['electronic', 'hip_hop', 'rock']",5,2,3,32.8249,6.565,0,1,False
Stray Kids,Stray Kids,2dIgFjalVxs4ThymZ67YCE,1kTzTL0iOIE2IAGw83yY4O,Mixtape,album,2018.0,0.6522,2010,https://open.spotify.com/album/1kTzTL0iOIE2IAGw83yY4O,https://i.scdn.co/image/ab67616d0000b273b97341ef9657dd8f4ab794dc,exact,100.0,"['electronic', 'hip_hop', 'rock', 'pop']",['k_pop'],"['electronic', 'hip_hop', 'rock', 'pop', 'k_pop']","['pop', 'k_pop']","['electronic', 'hip_hop', 'rock']",5,2,3,32.8249,6.565,0,1,False
ATEEZ,ATEEZ,68KmkJeZGfwe1OUaivBa2L,0N3IF32AyRsrhGO8YIl4qF,Ashes to Light,album,2025.0,0.9565,2020,https://open.spotify.com/album/0N3IF32AyRsrhGO8YIl4qF,https://i.scdn.co/image/ab67616d0000b273b601c229c48d81a2f26d6b8b,exact,97.5,['pop'],['k_pop'],"['pop', 'k_pop']","['pop', 'k_pop']",[],2,2,0,2.1831,1.0916,0,1,False
ATEEZ,ATEEZ,68KmkJeZGfwe1OUaivBa2L,2rBtlOpNMuE4u9imyZz0YL,GOLDEN HOUR : Part.3 'In Your Fantasy Edition',album,2025.0,0.9565,2020,https://open.spotify.com/album/2rBtlOpNMuE4u9imyZz0YL,https://i.scdn.co/image/ab67616d0000b2733ffbde24ff08907da69adbc3,exact,97.5,['pop'],['k_pop'],"['pop', 'k_pop']","['pop', 'k_pop']",[],2,2,0,2.1831,1.0916,0,1,False
ATEEZ,ATEEZ,68KmkJeZGfwe1OUaivBa2L,1r0F1EzzNOaJyB7U0Jp5RH,THE WORLD EP.FIN : WILL,album,2023.0,0.8696,2020,https://open.spotify.com/album/1r0F1EzzNOaJyB7U0Jp5RH,https://i.scdn.co/image/ab67616d0000b273fb0dc2a2a2017bb36fce34a0,exact,97.5,"['hip_hop', 'pop']",['k_pop'],"['hip_hop', 'pop', 'k_pop']","['pop', 'k_pop']",['hip_hop'],3,2,1,7.2521,2.4174,0,1,False
ATEEZ,ATEEZ,68KmkJeZGfwe1OUaivBa2L,3fgDrbflffzvV3H3plG9e6,THE WORLD EP.1 : MOVEMENT,album,2022.0,0.8261,2020,https://open.spotify.com/album/3fgDrbflffzvV3H3plG9e6,https://i.scdn.co/image/ab67616d0000b273538fca7e2982ea6ec595beb8,exact,97.5,"['electronic', 'hip_hop', 'pop']",['k_pop'],"['electronic', 'hip_hop', 'pop', 'k_pop']","['pop', 'k_pop']","['electronic', 'hip_hop']",4,2,2,12.1933,3.0483,0,1,False
ATEEZ,ATEEZ,68KmkJeZGfwe1OUaivBa2L,4k7ECCNLLIukf1rwPaOxoY,BEYOND : ZERO,album,2022.0,0.8261,2020,https://open.spotify.com/album/4k7ECCNLLIukf1rwPaOxoY,https://i.scdn.co/image/ab67616d0000b273eef6ca87c861391745f21164,exact,97.5,['pop'],"['k_pop', 'j_pop']","['pop', 'k_pop', 'j_pop']","['pop', 'k_pop']",['j_pop'],3,2,1,8.7164,2.9055,0,1,False
ATEEZ,ATEEZ,68KmkJeZGfwe1OUaivBa2L,3R2frjpElpzeh46AC7rK7v,ZERO : FEVER EPILOGUE,album,2021.0,0.7826,2020,https://open.spotify.com/album/3R2frjpElpzeh46AC7rK7v,https://i.scdn.co/image/ab67616d0000b27378f94492b171b721e848c870,exact,97.5,['pop'],['k_pop'],"['pop', 'k_pop']","['pop', 'k_pop']",[],2,2,0,2.1831,1.0916,0,1,False
ATEEZ,ATEEZ,68KmkJeZGfwe1OUaivBa2L,4UfjyHIT2Nvb2XC7hnaPC0,Into the A to Z,album,2021.0,0.7826,2020,https://open.spotify.com/album/4UfjyHIT2Nvb2XC7hnaPC0,https://i.scdn.co/image/ab67616d0000b273c2ad07780af891d26be2e3c8,exact,97.5,['pop'],"['j_pop', 'k_pop']","['pop', 'j_pop', 'k_pop']","['pop', 'k_pop']",['j_pop'],3,2,1,8.7164,2.9055,0,1,False
ATEEZ,ATEEZ,68KmkJeZGfwe1OUaivBa2L,1JMc8IZ1Jbax6m5OvswmAB,ZERO : FEVER Part.2,album,2021.0,0.7826,2020,https://open.spotify.com/album/1JMc8IZ1Jbax6m5OvswmAB,https://i.scdn.co/image/ab67616d0000b273c1f1c6007802ac4b83925a53,exact,97.5,['pop'],['k_pop'],"['pop', 'k_pop']","['pop', 'k_pop']",[],2,2,0,2.1831,1.0916,0,1,False
ATEEZ,ATEEZ,68KmkJeZGfwe1OUaivBa2L,01IFxHiVOY6uf3vUFVXEoI,ZERO : FEVER Part.1,album,2020.0,0.7391,2020,https://open.spotify.com/album/01IFxHiVOY6uf3vUFVXEoI,https://i.scdn.co/image/ab67616d0000b27390865a4e47939ea555de9f02,exact,97.5,"['electronic', 'pop']",['k_pop'],"['electronic', 'pop', 'k_pop']","['pop', 'k_pop']",['electronic'],3,2,1,7.1243,2.3748,0,1,False
ATEEZ,ATEEZ,68KmkJeZGfwe1OUaivBa2L,3uejTFamPCZuTD1HvYLqw2,TREASURE EP. EXTRA: Shift The Map,album,2019.0,0.6957,2010,https://open.spotify.com/album/3uejTFamPCZuTD1HvYLqw2,https://i.scdn.co/image/ab67616d0000b2739b5c9bc87839c360116863b1,exact,97.5,"['electronic', 'pop']","['j_pop', 'k_pop']","['electronic', 'pop', 'j_pop', 'k_pop']","['pop', 'k_pop']","['electronic', 'j_pop']",4,2,2,13.6576,3.4144,0,1,False
ATEEZ,ATEEZ,68KmkJeZGfwe1OUaivBa2L,5AVSEEmCz4qwDiArvX6ZOx,TREASURE EP.FIN : All To Action,album,2019.0,0.6957,2010,https://open.spotify.com/album/5AVSEEmCz4qwDiArvX6ZOx,https://i.scdn.co/image/ab67616d0000b27353692425ce0942853ed37279,exact,97.5,"['electronic', 'pop']",['k_pop'],"['electronic', 'pop', 'k_pop']","['pop', 'k_pop']",['electronic'],3,2,1,7.1243,2.3748,0,1,False
CHUNG HA,CHUNG HA,2PSJ6YriU7JsFucxACpU7Y,3ZifpmJjOEkpYCNSIq352p,Querencia,album,2021.0,0.7826,2020,https://open.spotify.com/album/3ZifpmJjOEkpYCNSIq352p,https://i.scdn.co/image/ab67616d0000b273c976b1a7650099b0e6edac65,exact,100.0,['pop'],['k_pop'],"['pop', 'k_pop']","['pop', 'k_pop']",[],2,2,0,2.1831,1.0916,0,1,False
CHUNG HA,CHUNG HA,2PSJ6YriU7JsFucxACpU7Y,5NzrdLdqF0ZuAt51eSIORo,Alivio,single,2025.0,0.9565,2020,https://open.spotify.com/album/5NzrdLdqF0ZuAt51eSIORo,https://i.scdn.co/image/ab67616d0000b2733da7daeca62ebfa2cf28a2db,exact,91.0,"['electronic', 'hip_hop', 'rock', 'latin', 'pop']","['k_pop', 'city_pop', 'disco', 'tech_house']","['electronic', 'hip_hop', 'rock', 'latin', 'pop', 'k_pop', 'city_pop', 'disco', 'tech_house']","['pop', 'k_pop']","['electronic', 'hip_hop', 'rock', 'latin', 'city_pop', 'disco', 'tech_house']",9,2,7,2482.8249,275.8694,1,0,False
CHUNG HA,CHUNG HA,2PSJ6YriU7JsFucxACpU7Y,1q2RNzz09Vx3bOKK1yTyyg,EENIE MEENIE,single,2024.0,0.913,2020,https://open.spotify.com/album/1q2RNzz09Vx3bOKK1yTyyg,https://i.scdn.co/image/ab67616d0000b2735f117dc77b6c36fba0ff9b1e,exact,100.0,['pop'],['k_pop'],"['pop', 'k_pop']","['pop', 'k_pop']",[],2,2,0,2.1831,1.0916,1,0,False
CHUNG HA,CHUNG HA,2PSJ6YriU7JsFucxACpU7Y,3mJMHqT2w0HwjQkneNVE14,When I Get Old,single,2022.0,0.8261,2020,https://open.spotify.com/album/3mJMHqT2w0HwjQkneNVE14,https://i.scdn.co/image/ab67616d0000b27300a2c6a27f4fb154ee761bbe,exact,81.18,['pop'],[],['pop'],['pop'],[],1,1,0,1.0,1.0,1,0,False
CHUNG HA,CHUNG HA,2PSJ6YriU7JsFucxACpU7Y,4nPAsx1hIu90mUY4Bo6p8E,Killing Me,single,2021.0,0.7826,2020,https://open.spotify.com/album/4nPAsx1hIu90mUY4Bo6p8E,https://i.scdn.co/image/ab67616d0000b273d6f5a72617119044351f165a,exact,100.0,"['electronic', 'pop']","['k_pop', 'dance_pop']","['electronic', 'pop', 'k_pop', 'dance_pop']","['pop', 'k_pop']","['electronic', 'dance_pop']",4,2,2,18.2186,4.5547,1,0,False
CHUNG HA,CHUNG HA,2PSJ6YriU7JsFucxACpU7Y,4IRuxkSbw7iZZmnr6Rly2Q,Bad Boy,single,2020.0,0.7391,2020,https://open.spotify.com/album/4IRuxkSbw7iZZmnr6Rly2Q,https://i.scdn.co/image/ab67616d0000b273e3f67b31be3e04489aea4100,exact,81.18,['pop'],[],['pop'],['pop'],[],1,1,0,1.0,1.0,1,0,False
CHUNG HA,CHUNG HA,2PSJ6YriU7JsFucxACpU7Y,5rHnbSUBaflJgCLlZfDnzt,Flourishing,single,2019.0,0.6957,2010,https://open.spotify.com/album/5rHnbSUBaflJgCLlZfDnzt,https://i.scdn.co/image/ab67616d0000b2734951587f39286b47bedfd4c9,exact,97.35,"['hip_hop', 'pop']","['rnb/swing', 'k_pop']","['hip_hop', 'pop', 'rnb/swing', 'k_pop']","['pop', 'k_pop']","['hip_hop', 'rnb/swing']",4,2,2,137.9188,34.4797,1,0,False
CHUNG HA,CHUNG HA,2PSJ6YriU7JsFucxACpU7Y,3WgHekDElv10Kam9aCMwnx,Gotta Go,single,2019.0,0.6957,2010,https://open.spotify.com/album/3WgHekDElv10Kam9aCMwnx,https://i.scdn.co/image/ab67616d0000b27325767b4fe7a3b04df1096b49,exact,100.0,['pop'],['k_pop'],"['pop', 'k_pop']","['pop', 'k_pop']",[],2,2,0,2.1831,1.0916,1,0,False
CHUNG HA,CHUNG HA,2PSJ6YriU7JsFucxACpU7Y,6Np41VY6robn2MhsVhl9Z2,Blooming Blue,single,2018.0,0.6522,2010,https://open.spotify.com/album/6Np41VY6robn2MhsVhl9Z2,https://i.scdn.co/image/ab67616d0000b273f596043d88e4ea9907d48bf2,exact,97.35,['pop'],['k_pop'],"['pop', 'k_pop']","['pop', 'k_pop']",[],2,2,0,2.1831,1.0916,1,0,False
CHUNG HA,CHUNG HA,2PSJ6YriU7JsFucxACpU7Y,04TsF8IFb70DdBYDT8egvw,Offset,single,2018.0,0.6522,2010,https://open.spotify.com/album/04TsF8IFb70DdBYDT8egvw,https://i.scdn.co/image/ab67616d0000b273c239f06ce7e1c9f22424e021,exact,97.35,['pop'],['k_pop'],"['pop', 'k_pop']","['pop', 'k_pop']",[],2,2,0,2.1831,1.0916,1,0,False
CHUNG HA,CHUNG HA,2PSJ6YriU7JsFucxACpU7Y,7KM1Yi5xYv3O6OcKsEeV83,Hands on Me,single,2017.0,0.6087,2010,https://open.spotify.com/album/7KM1Yi5xYv3O6OcKsEeV83,https://i.scdn.co/image/ab67616d0000b273ce3eb674753352bcaa0ec45b,exact,97.35,['pop'],['k_pop'],"['pop', 'k_pop']","['pop', 'k_pop']",[],2,2,0,2.1831,1.0916,1,0,False
TOMORROW X TOGETHER,TOMORROW X TOGETHER,0ghlgldX5Dd6720Q3qFyQB,1FwFdMp4ewxTlLSudNzlyG,The Star Chapter: TOGETHER,album,2025.0,0.9565,2020,https://open.spotify.com/album/1FwFdMp4ewxTlLSudNzlyG,https://i.scdn.co/image/ab67616d0000b2735e3b76cd24496147ec236b6a,exact,100.0,['pop'],['k_pop'],"['pop', 'k_pop']","['pop', 'k_pop']",[],2,2,0,2.1831,1.0916,0,1,False
TOMORROW X TOGETHER,TOMORROW X TOGETHER,0ghlgldX5Dd6720Q3qFyQB,0mDwrOXZHN1lgCNeBvkBbj,minisode 3: TOMORROW,album,2024.0,0.913,2020,https://open.spotify.com/album/0mDwrOXZHN1lgCNeBvkBbj,https://i.scdn.co/image/ab67616d0000b27303c996028737858321d2ffe0,fuzzy,67.5,['pop'],['k_pop'],"['pop', 'k_pop']","['pop', 'k_pop']",[],2,2,0,2.1831,1.0916,0,1,False
TOMORROW X TOGETHER,TOMORROW X TOGETHER,0ghlgldX5Dd6720Q3qFyQB,2CjIfWoFITACUOlWGB7os5,The Chaos Chapter: FIGHT OR ESCAPE,album,2021.0,0.7826,2020,https://open.spotify.com/album/2CjIfWoFITACUOlWGB7os5,https://i.scdn.co/image/ab67616d0000b2735137378ed49327e5dec7406f,exact,100.0,['pop'],['k_pop'],"['pop', 'k_pop']","['pop', 'k_pop']",[],2,2,0,2.1831,1.0916,0,1,False
TOMORROW X TOGETHER,TOMORROW X TOGETHER,0ghlgldX5Dd6720Q3qFyQB,5Zdr9vactwnJH4Vpe9Mid9,The Chaos Chapter: FREEZE,album,2021.0,0.7826,2020,https://open.spotify.com/album/5Zdr9vactwnJH4Vpe9Mid9,https://i.scdn.co/image/ab67616d0000b273253a9c74941281b0407ce940,exact,100.0,['pop'],['k_pop'],"['pop', 'k_pop']","['pop', 'k_pop']",[],2,2,0,2.1831,1.0916,0,1,False
TOMORROW X TOGETHER,TOMORROW X TOGETHER,0ghlgldX5Dd6720Q3qFyQB,6lNj7Qeyd2x48m0NX3w2Sf,STILL DREAMING,album,2021.0,0.7826,2020,https://open.spotify.com/album/6lNj7Qeyd2x48m0NX3w2Sf,https://i.scdn.co/image/ab67616d0000b273eda56686558726ed1b49d9eb,exact,83.85,['pop'],['k_pop'],"['pop', 'k_pop']","['pop', 'k_pop']",[],2,2,0,2.1831,1.0916,0,1,False
TOMORROW X TOGETHER,TOMORROW X TOGETHER,0ghlgldX5Dd6720Q3qFyQB,7yDyRk7Wvvw7JM1kqV4tJf,The Dream Chapter: MAGIC,album,2019.0,0.6957,2010,https://open.spotify.com/album/7yDyRk7Wvvw7JM1kqV4tJf,https://i.scdn.co/image/ab67616d0000b2739389aab1165b6498eba04d8e,fuzzy,67.5,['pop'],['k_pop'],"['pop', 'k_pop']","['pop', 'k_pop']",[],2,2,0,2.1831,1.0916,0,1,False
ITZY,ITZY,2KC9Qb60EaY0kW4eH68vr3,57c4boNwQniM54V9Zv7zhh,Collector,album,2025.0,0.9565,2020,https://open.spotify.com/album/57c4boNwQniM54V9Zv7zhh,https://i.scdn.co/image/ab67616d0000b273b987218b8605283774aebc89,exact,96.0,"['rock', 'pop']",['j_pop'],"['rock', 'pop', 'j_pop']",['pop'],"['rock', 'j_pop']",3,1,2,28.1649,9.3883,0,1,False
ITZY,ITZY,2KC9Qb60EaY0kW4eH68vr3,4CRfobFgSG0GOzplgTI79s,GOLD,album,2024.0,0.913,2020,https://open.spotify.com/album/4CRfobFgSG0GOzplgTI79s,https://i.scdn.co/image/ab67616d0000b273dd734636e6d28fdc528a839d,exact,96.0,['pop'],['k_pop'],"['pop', 'k_pop']","['pop', 'k_pop']",[],2,2,0,2.1831,1.0916,0,1,False
ITZY,ITZY,2KC9Qb60EaY0kW4eH68vr3,3cm3EkNQLpKu58btSJT7fz,BORN TO BE,album,2024.0,0.913,2020,https://open.spotify.com/album/3cm3EkNQLpKu58btSJT7fz,https://i.scdn.co/image/ab67616d0000b273470d0ba5f707b141d1337cf2,exact,96.0,['pop'],['k_pop'],"['pop', 'k_pop']","['pop', 'k_pop']",[],2,2,0,2.1831,1.0916,0,1,False
ITZY,ITZY,2KC9Qb60EaY0kW4eH68vr3,1kRAzoCTDLqwU6nX2I2Nmc,RINGO,album,2023.0,0.8696,2020,https://open.spotify.com/album/1kRAzoCTDLqwU6nX2I2Nmc,https://i.scdn.co/image/ab67616d0000b27332e0f3c99640b098f1b3aef7,exact,96.0,['pop'],['k_pop'],"['pop', 'k_pop']","['pop', 'k_pop']",[],2,2,0,2.1831,1.0916,0,1,False
ITZY,ITZY,2KC9Qb60EaY0kW4eH68vr3,64EGnoCD5NuC41OqQ3E7UK,CHECKMATE,album,2022.0,0.8261,2020,https://open.spotify.com/album/64EGnoCD5NuC41OqQ3E7UK,https://i.scdn.co/image/ab67616d0000b273e61bca92e4a64e50ee44a009,exact,96.0,"['electronic', 'pop']",['k_pop'],"['electronic', 'pop', 'k_pop']","['pop', 'k_pop']",['electronic'],3,2,1,7.1243,2.3748,0,1,False
ITZY,ITZY,2KC9Qb60EaY0kW4eH68vr3,4U7rGOkJgtxs27H9L93Xli,CRAZY IN LOVE,album,2021.0,0.7826,2020,https://open.spotify.com/album/4U7rGOkJgtxs27H9L93Xli,https://i.scdn.co/image/ab67616d0000b273a0df2d59f0ae9426cba3eb36,exact,96.0,['pop'],['k_pop'],"['pop', 'k_pop']","['pop', 'k_pop']",[],2,2,0,2.1831,1.0916,0,1,False
ITZY,ITZY,2KC9Qb60EaY0kW4eH68vr3,7ynKAohxfwPUZzvU8f1p1U,IT'z ME,album,2020.0,0.7391,2020,https://open.spotify.com/album/7ynKAohxfwPUZzvU8f1p1U,https://i.scdn.co/image/ab67616d0000b273fc620c06721e90a534cc5dab,exact,96.0,"['hip_hop', 'rock', 'pop']",['k_pop'],"['hip_hop', 'rock', 'pop', 'k_pop']","['pop', 'k_pop']","['hip_hop', 'rock']",4,2,2,27.8837,6.9709,0,1,False
ITZY,ITZY,2KC9Qb60EaY0kW4eH68vr3,7CD7NdEDOMY5Owl9MEzgRw,TUNNEL VISION,single,2025.0,0.9565,2020,https://open.spotify.com/album/7CD7NdEDOMY5Owl9MEzgRw,https://i.scdn.co/image/ab67616d0000b2731d516c425839e5f3acb43c3b,exact,91.0,"['electronic', 'pop']",['k_pop'],"['electronic', 'pop', 'k_pop']","['pop', 'k_pop']",['electronic'],3,2,1,7.1243,2.3748,1,0,False
ITZY,ITZY,2KC9Qb60EaY0kW4eH68vr3,0bVAPVpPL25nIfko4O1G4J,Girls Will Be Girls,single,2025.0,0.9565,2020,https://open.spotify.com/album/0bVAPVpPL25nIfko4O1G4J,https://i.scdn.co/image/ab67616d0000b273185d07dbed72ccd48eaa86bc,exact,91.0,['pop'],['k_pop'],"['pop', 'k_pop']","['pop', 'k_pop']",[],2,2,0,2.1831,1.0916,1,0,False
ITZY,ITZY,2KC9Qb60EaY0kW4eH68vr3,7ji7zKkvRlYOsu3ehctQRx,Algorhythm,single,2024.0,0.913,2020,https://open.spotify.com/album/7ji7zKkvRlYOsu3ehctQRx,https://i.scdn.co/image/ab67616d0000b2737fea6b7e64830e4eefc8aa7c,exact,96.0,['pop'],"['k_pop', 'j_pop']","['pop', 'k_pop', 'j_pop']","['pop', 'k_pop']",['j_pop'],3,2,1,8.7164,2.9055,1,0,False
ITZY,ITZY,2KC9Qb60EaY0kW4eH68vr3,3aT91hpILeuYJe37TnaGxz,RINGO,single,2023.0,0.8696,2020,https://open.spotify.com/album/3aT91hpILeuYJe37TnaGxz,https://i.scdn.co/image/ab67616d0000b2733c7832cf30e73ec57d0deb41,exact,91.0,['pop'],['k_pop'],"['pop', 'k_pop']","['pop', 'k_pop']",[],2,2,0,2.1831,1.0916,1,0,False
ITZY,ITZY,2KC9Qb60EaY0kW4eH68vr3,6P01cKb7sdwfnNpuMLNEik,KILL MY DOUBT,single,2023.0,0.8696,2020,https://open.spotify.com/album/6P01cKb7sdwfnNpuMLNEik,https://i.scdn.co/image/ab67616d0000b2734c2fcea217112b13312f8fb2,exact,91.0,['pop'],['k_pop'],"['pop', 'k_pop']","['pop', 'k_pop']",[],2,2,0,2.1831,1.0916,1,0,False
ITZY,ITZY,2KC9Qb60EaY0kW4eH68vr3,2a1ezg7hE6Dyuymv1aCnkm,CHESHIRE,single,2022.0,0.8261,2020,https://open.spotify.com/album/2a1ezg7hE6Dyuymv1aCnkm,https://i.scdn.co/image/ab67616d0000b273e9cd59d664f597061a513038,exact,91.0,['pop'],['k_pop'],"['pop', 'k_pop']","['pop', 'k_pop']",[],2,2,0,2.1831,1.0916,1,0,False
ITZY,ITZY,2KC9Qb60EaY0kW4eH68vr3,3xDuIhFckdZPrS38dSr5Cl,Blah Blah Blah,single,2022.0,0.8261,2020,https://open.spotify.com/album/3xDuIhFckdZPrS38dSr5Cl,https://i.scdn.co/image/ab67616d0000b2739604843e9638978bcfc93a64,exact,96.0,['pop'],"['j_pop', 'k_pop']","['pop', 'j_pop', 'k_pop']","['pop', 'k_pop']",['j_pop'],3,2,1,8.7164,2.9055,1,0,False
ITZY,ITZY,2KC9Qb60EaY0kW4eH68vr3,0KaoPehrtwhjQfae6XMd7B,Blah Blah Blah,single,2022.0,0.8261,2020,https://open.spotify.com/album/0KaoPehrtwhjQfae6XMd7B,https://i.scdn.co/image/ab67616d0000b273d71bfa24784522399318faba,exact,96.0,['pop'],"['j_pop', 'k_pop']","['pop', 'j_pop', 'k_pop']","['pop', 'k_pop']",['j_pop'],3,2,1,8.7164,2.9055,1,0,False
ITZY,ITZY,2KC9Qb60EaY0kW4eH68vr3,6BhKPFeQDaBldGMl1vd28h,Voltage,single,2022.0,0.8261,2020,https://open.spotify.com/album/6BhKPFeQDaBldGMl1vd28h,https://i.scdn.co/image/ab67616d0000b27386f6790b106e1b3d6c630c9c,exact,96.0,['pop'],['k_pop'],"['pop', 'k_pop']","['pop', 'k_pop']",[],2,2,0,2.1831,1.0916,1,0,False
ITZY,ITZY,2KC9Qb60EaY0kW4eH68vr3,3MXVqfk9VG3B757nLlow0D,Voltage,single,2022.0,0.8261,2020,https://open.spotify.com/album/3MXVqfk9VG3B757nLlow0D,https://i.scdn.co/image/ab67616d0000b27324ad15878eec22436256d672,exact,96.0,['pop'],['k_pop'],"['pop', 'k_pop']","['pop', 'k_pop']",[],2,2,0,2.1831,1.0916,1,0,False
ITZY,ITZY,2KC9Qb60EaY0kW4eH68vr3,1VvOaePbpheLTFGUlOb2yE,IT'z ITZY (Japanese ver.),single,2021.0,0.7826,2020,https://open.spotify.com/album/1VvOaePbpheLTFGUlOb2yE,https://i.scdn.co/image/ab67616d0000b27343cadd97115c077aed8fbe99,fuzzy,72.13,['pop'],['k_pop'],"['pop', 'k_pop']","['pop', 'k_pop']",[],2,2,0,2.1831,1.0916,1,0,False
ITZY,ITZY,2KC9Qb60EaY0kW4eH68vr3,4lS8nhX8cplsYPzKjvhw6G,GUESS WHO,single,2021.0,0.7826,2020,https://open.spotify.com/album/4lS8nhX8cplsYPzKjvhw6G,https://i.scdn.co/image/ab67616d0000b273131cf6fcb170cda7a7956227,exact,91.0,"['electronic', 'pop']",['k_pop'],"['electronic', 'pop', 'k_pop']","['pop', 'k_pop']",['electronic'],3,2,1,7.1243,2.3748,1,0,False
ITZY,ITZY,2KC9Qb60EaY0kW4eH68vr3,0hoNwSKuuOeT9eAxopgMdm,Not Shy (English Ver.),single,2021.0,0.7826,2020,https://open.spotify.com/album/0hoNwSKuuOeT9eAxopgMdm,https://i.scdn.co/image/ab67616d0000b273f6bfdc0662f6fceb357652b9,exact,86.71,['pop'],['k_pop'],"['pop', 'k_pop']","['pop', 'k_pop']",[],2,2,0,2.1831,1.0916,1,0,False
ITZY,ITZY,2KC9Qb60EaY0kW4eH68vr3,5NN55LKbjzX16a7Uf8u7Os,Not Shy,single,2020.0,0.7391,2020,https://open.spotify.com/album/5NN55LKbjzX16a7Uf8u7Os,https://i.scdn.co/image/ab67616d0000b2732f74587e89fe803fa61d748e,exact,91.0,['pop'],['k_pop'],"['pop', 'k_pop']","['pop', 'k_pop']",[],2,2,0,2.1831,1.0916,1,0,False
ITZY,ITZY,2KC9Qb60EaY0kW4eH68vr3,5Xb03XAF2LoaMqbM38H9eB,IT'z ICY,single,2019.0,0.6957,2010,https://open.spotify.com/album/5Xb03XAF2LoaMqbM38H9eB,https://i.scdn.co/image/ab67616d0000b2731260c9a4d42b2615c9f67bb0,exact,91.0,['pop'],['k_pop'],"['pop', 'k_pop']","['pop', 'k_pop']",[],2,2,0,2.1831,1.0916,1,0,False
ITZY,ITZY,2KC9Qb60EaY0kW4eH68vr3,7Mxbav9clZ3AVDKThwwgXS,IT'z Different,single,2019.0,0.6957,2010,https://open.spotify.com/album/7Mxbav9clZ3AVDKThwwgXS,https://i.scdn.co/image/ab67616d0000b27389a8fc641c956dc899c0b168,exact,96.0,"['electronic', 'pop']","['dance_pop', 'k_pop']","['electronic', 'pop', 'dance_pop', 'k_pop']","['pop', 'k_pop']","['electronic', 'dance_pop']",4,2,2,18.2186,4.5547,1,0,False
(G)I-DLE,i-dle,2AfmfGFbe0A0WsTYm0SDTx,3SZZriuBZnmKfQ7LqEH6It,2,album,2024.0,0.913,2020,https://open.spotify.com/album/3SZZriuBZnmKfQ7LqEH6It,https://i.scdn.co/image/ab67616d0000b2735bab7b7d85bfe446e172e4e1,exact,97.5,"['rock', 'pop']","['k_pop', 'dance_pop', 'power_pop', 'pop_rock']","['rock', 'pop', 'k_pop', 'dance_pop', 'power_pop', 'pop_rock']","['pop', 'k_pop']","['rock', 'dance_pop', 'power_pop', 'pop_rock']",6,2,4,499.409,83.2348,0,1,False
(G)I-DLE,i-dle,2AfmfGFbe0A0WsTYm0SDTx,0jij9evzJv4xj8Xx34LjDZ,I NEVER DIE,album,2022.0,0.8261,2020,https://open.spotify.com/album/0jij9evzJv4xj8Xx34LjDZ,https://i.scdn.co/image/ab67616d0000b273b62f52ff9fa548d7b797e3cc,exact,97.5,"['hip_hop', 'pop']",['k_pop'],"['hip_hop', 'pop', 'k_pop']","['pop', 'k_pop']",['hip_hop'],3,2,1,7.2521,2.4174,0,1,False
(G)I-DLE,i-dle,2AfmfGFbe0A0WsTYm0SDTx,4FbuxAECa56oJs71RE9acG,Mono (feat. skaiwater),single,2026.0,1.0,2020,https://open.spotify.com/album/4FbuxAECa56oJs71RE9acG,https://i.scdn.co/image/ab67616d0000b2735dc3f311b1f454442d77bc64,exact,98.0,['pop'],['k_pop'],"['pop', 'k_pop']","['pop', 'k_pop']",[],2,2,0,2.1831,1.0916,1,0,False
(G)I-DLE,i-dle,2AfmfGFbe0A0WsTYm0SDTx,4mtGRfKXk5EHEem5Z1g9CI,i-dle,single,2025.0,0.9565,2020,https://open.spotify.com/album/4mtGRfKXk5EHEem5Z1g9CI,https://i.scdn.co/image/ab67616d0000b273b4b2d8ef4f52157796f7b9a7,fuzzy,71.36,"['electronic', 'pop']","['k_pop', 'dance_pop', 'ballad']","['electronic', 'pop', 'k_pop', 'dance_pop', 'ballad']","['pop', 'k_pop']","['electronic', 'dance_pop', 'ballad']",5,2,3,37.4973,7.4995,1,0,False
(G)I-DLE,i-dle,2AfmfGFbe0A0WsTYm0SDTx,4vj008nVDYfO4m75ZT1VBu,We are,single,2025.0,0.9565,2020,https://open.spotify.com/album/4vj008nVDYfO4m75ZT1VBu,https://i.scdn.co/image/ab67616d0000b2739f745ef389e3ab7c3b54c6b3,exact,100.0,"['electronic', 'pop']","['k_pop', 'dance_pop', 'ballad']","['electronic', 'pop', 'k_pop', 'dance_pop', 'ballad']","['pop', 'k_pop']","['electronic', 'dance_pop', 'ballad']",5,2,3,37.4973,7.4995,1,0,False
(G)I-DLE,i-dle,2AfmfGFbe0A0WsTYm0SDTx,33poDZyNT91CAuL2pKhBfi,We are i-dle,single,2025.0,0.9565,2020,https://open.spotify.com/album/33poDZyNT91CAuL2pKhBfi,https://i.scdn.co/image/ab67616d0000b27321d06527f72b6449d35781cf,exact,85.0,"['electronic', 'pop']","['k_pop', 'dance_pop', 'ballad']","['electronic', 'pop', 'k_pop', 'dance_pop', 'ballad']","['pop', 'k_pop']","['electronic', 'dance_pop', 'ballad']",5,2,3,37.4973,7.4995,1,0,False
(G)I-DLE,i-dle,2AfmfGFbe0A0WsTYm0SDTx,0nHBnj2UJfxkQoG19Ok5cU,Glow Up ( 'Hearts' Series Vol. 1),single,2025.0,0.9565,2020,https://open.spotify.com/album/0nHBnj2UJfxkQoG19Ok5cU,https://i.scdn.co/image/ab67616d0000b27309adc3e0844ea4f17f4e8838,fuzzy,76.07,['pop'],[],['pop'],['pop'],[],1,1,0,1.0,1.0,1,0,False
(G)I-DLE,i-dle,2AfmfGFbe0A0WsTYm0SDTx,1ZeoWHfBcRZoh1QVMCA3A9,I SWAY,single,2024.0,0.913,2020,https://open.spotify.com/album/1ZeoWHfBcRZoh1QVMCA3A9,https://i.scdn.co/image/ab67616d0000b273725dece936c4c51461ff1994,exact,92.5,['pop'],['k_pop'],"['pop', 'k_pop']","['pop', 'k_pop']",[],2,2,0,2.1831,1.0916,1,0,False
(G)I-DLE,i-dle,2AfmfGFbe0A0WsTYm0SDTx,1hB3iV5P0TWzpdxreKH4sT,HEAT,single,2023.0,0.8696,2020,https://open.spotify.com/album/1hB3iV5P0TWzpdxreKH4sT,https://i.scdn.co/image/ab67616d0000b27338b637c18077ddfd08f501c7,exact,92.5,"['electronic', 'hip_hop', 'pop']","['k_pop', 'dance_pop', 'trap', 'synth-pop']","['electronic', 'hip_hop', 'pop', 'k_pop', 'dance_pop', 'trap', 'synth-pop']","['pop', 'k_pop']","['electronic', 'hip_hop', 'dance_pop', 'trap', 'synth-pop']",7,2,5,113.8832,16.269,1,0,False
(G)I-DLE,i-dle,2AfmfGFbe0A0WsTYm0SDTx,1WMHx2pByCuT41GF5NHU3O,I DO,single,2023.0,0.8696,2020,https://open.spotify.com/album/1WMHx2pByCuT41GF5NHU3O,https://i.scdn.co/image/ab67616d0000b2739aa637f3bf3921826d14018c,exact,97.5,['pop'],['k_pop'],"['pop', 'k_pop']","['pop', 'k_pop']",[],2,2,0,2.1831,1.0916,1,0,False
(G)I-DLE,i-dle,2AfmfGFbe0A0WsTYm0SDTx,1EKNNtcJL6t84IS1ALWVdt,I feel,single,2023.0,0.8696,2020,https://open.spotify.com/album/1EKNNtcJL6t84IS1ALWVdt,https://i.scdn.co/image/ab67616d0000b27336de7dd078a0fc1de60848e3,exact,92.5,['pop'],['k_pop'],"['pop', 'k_pop']","['pop', 'k_pop']",[],2,2,0,2.1831,1.0916,1,0,False
(G)I-DLE,i-dle,2AfmfGFbe0A0WsTYm0SDTx,4oqiehLc63HiXVDB20o98I,I love,single,2022.0,0.8261,2020,https://open.spotify.com/album/4oqiehLc63HiXVDB20o98I,https://i.scdn.co/image/ab67616d0000b27375c9361f973be0b7f2bba95e,exact,92.5,['pop'],['k_pop'],"['pop', 'k_pop']","['pop', 'k_pop']",[],2,2,0,2.1831,1.0916,1,0,False
(G)I-DLE,i-dle,2AfmfGFbe0A0WsTYm0SDTx,16UgZxoo4YMJIJItRxi7qb,TOMBOY (R3HAB Remix),single,2022.0,0.8261,2020,https://open.spotify.com/album/16UgZxoo4YMJIJItRxi7qb,https://i.scdn.co/image/ab67616d0000b27387790f41e6739baf2d42447d,exact,85.0,"['electronic', 'pop']","['electro', 'k_pop', 'dance_pop']","['electronic', 'pop', 'electro', 'k_pop', 'dance_pop']","['pop', 'k_pop']","['electronic', 'electro', 'dance_pop']",5,2,3,49.166,9.8332,1,0,False
(G)I-DLE,i-dle,2AfmfGFbe0A0WsTYm0SDTx,3ma5amx5s3l1NKoWNHaMYe,I burn,single,2021.0,0.7826,2020,https://open.spotify.com/album/3ma5amx5s3l1NKoWNHaMYe,https://i.scdn.co/image/ab67616d0000b273fb9108286103eac3d310e290,exact,92.5,['pop'],['k_pop'],"['pop', 'k_pop']","['pop', 'k_pop']",[],2,2,0,2.1831,1.0916,1,0,False
(G)I-DLE,i-dle,2AfmfGFbe0A0WsTYm0SDTx,5t9wX15utgPUOZsazbYojz,Oh my god,single,2020.0,0.7391,2020,https://open.spotify.com/album/5t9wX15utgPUOZsazbYojz,https://i.scdn.co/image/ab67616d0000b273607fa3a6c0b624f75af8a79c,exact,92.5,['pop'],['k_pop'],"['pop', 'k_pop']","['pop', 'k_pop']",[],2,2,0,2.1831,1.0916,1,0,False
(G)I-DLE,i-dle,2AfmfGFbe0A0WsTYm0SDTx,0Tl10vqhla5fiiiiTATT4A,Oh my god (Japanese ver.),single,2020.0,0.7391,2020,https://open.spotify.com/album/0Tl10vqhla5fiiiiTATT4A,https://i.scdn.co/image/ab67616d0000b273d7c92711b0e00ed9e0a14acd,fuzzy,73.63,['pop'],['k_pop'],"['pop', 'k_pop']","['pop', 'k_pop']",[],2,2,0,2.1831,1.0916,1,0,False
(G)I-DLE,i-dle,2AfmfGFbe0A0WsTYm0SDTx,0NC6QFvAc9H9r5iov9QwjK,DUMDi DUMDi,single,2020.0,0.7391,2020,https://open.spotify.com/album/0NC6QFvAc9H9r5iov9QwjK,https://i.scdn.co/image/ab67616d0000b2736080e2389dee3e57f00ccc69,exact,97.5,['pop'],['k_pop'],"['pop', 'k_pop']","['pop', 'k_pop']",[],2,2,0,2.1831,1.0916,1,0,False
(G)I-DLE,i-dle,2AfmfGFbe0A0WsTYm0SDTx,03TbZLPSRsHWX11umzK4qf,i'M THE TREND,single,2020.0,0.7391,2020,https://open.spotify.com/album/03TbZLPSRsHWX11umzK4qf,https://i.scdn.co/image/ab67616d0000b27358870b3abb0ff43e5948c912,fuzzy,67.5,['pop'],['k_pop'],"['pop', 'k_pop']","['pop', 'k_pop']",[],2,2,0,2.1831,1.0916,1,0,False
(G)I-DLE,i-dle,2AfmfGFbe0A0WsTYm0SDTx,0tM1Pr6hTKBNJEyLSft1Fs,LATATA (English Ver.),single,2020.0,0.7391,2020,https://open.spotify.com/album/0tM1Pr6hTKBNJEyLSft1Fs,https://i.scdn.co/image/ab67616d0000b2734ff1d54536f86d8f9c912efa,exact,93.0,"['hip_hop', 'pop']",['k_pop'],"['hip_hop', 'pop', 'k_pop']","['pop', 'k_pop']",['hip_hop'],3,2,1,7.2521,2.4174,1,0,False
(G)I-DLE,i-dle,2AfmfGFbe0A0WsTYm0SDTx,57sl8AvqVqm4Fadre0z8FQ,I trust,single,2020.0,0.7391,2020,https://open.spotify.com/album/57sl8AvqVqm4Fadre0z8FQ,https://i.scdn.co/image/ab67616d0000b273664020dc5b2af2d454ffa2d4,exact,92.5,"['electronic', 'hip_hop', 'pop']",['k_pop'],"['electronic', 'hip_hop', 'pop', 'k_pop']","['pop', 'k_pop']","['electronic', 'hip_hop']",4,2,2,12.1933,3.0483,1,0,False
(G)I-DLE,i-dle,2AfmfGFbe0A0WsTYm0SDTx,3DOoKGlWO9lNsKQAxa0DJ1,LATATA,single,2019.0,0.6957,2010,https://open.spotify.com/album/3DOoKGlWO9lNsKQAxa0DJ1,https://i.scdn.co/image/ab67616d0000b273e132c5c59f8d15d735a0b9f5,exact,92.5,['pop'],['k_pop'],"['pop', 'k_pop']","['pop', 'k_pop']",[],2,2,0,2.1831,1.0916,1,0,False
(G)I-DLE,i-dle,2AfmfGFbe0A0WsTYm0SDTx,0ldrAov3iHsKtvKBP9ZUNo,LATATA (Japanese ver.),single,2019.0,0.6957,2010,https://open.spotify.com/album/0ldrAov3iHsKtvKBP9ZUNo,https://i.scdn.co/image/ab67616d0000b27381aae8f20a07214900c311de,fuzzy,69.1,['pop'],['k_pop'],"['pop', 'k_pop']","['pop', 'k_pop']",[],2,2,0,2.1831,1.0916,1,0,False
(G)I-DLE,i-dle,2AfmfGFbe0A0WsTYm0SDTx,3PzrNuMGWGpp8WOfrmpkaU,Uh-Oh,single,2019.0,0.6957,2010,https://open.spotify.com/album/3PzrNuMGWGpp8WOfrmpkaU,https://i.scdn.co/image/ab67616d0000b27363c22b0fbe7426efcf5f86e6,exact,97.5,"['hip_hop', 'pop']","['jazzy_hip-hop', 'k_pop']","['hip_hop', 'pop', 'jazzy_hip-hop', 'k_pop']","['pop', 'k_pop']","['hip_hop', 'jazzy_hip-hop']",4,2,2,595.2521,148.813,1,0,False
(G)I-DLE,i-dle,2AfmfGFbe0A0WsTYm0SDTx,479xGDGrqMXN8YLmJMEoTG,I made,single,2019.0,0.6957,2010,https://open.spotify.com/album/479xGDGrqMXN8YLmJMEoTG,https://i.scdn.co/image/ab67616d0000b273e0673f1aa086b283c865817e,exact,92.5,['pop'],['k_pop'],"['pop', 'k_pop']","['pop', 'k_pop']",[],2,2,0,2.1831,1.0916,1,0,False
(G)I-DLE,i-dle,2AfmfGFbe0A0WsTYm0SDTx,6kCiN9VNYVhF2TDekK1mzz,POP/STARS,single,2018.0,0.6522,2010,https://open.spotify.com/album/6kCiN9VNYVhF2TDekK1mzz,https://i.scdn.co/image/ab67616d0000b2739703a4afd5c93a80bc13382b,fuzzy,69.57,['pop'],['k_pop'],"['pop', 'k_pop']","['pop', 'k_pop']",[],2,2,0,2.1831,1.0916,1,0,False
(G)I-DLE,i-dle,2AfmfGFbe0A0WsTYm0SDTx,4VLR1cDqRIeS86GYSJvlmZ,HANN (Alone),single,2018.0,0.6522,2010,https://open.spotify.com/album/4VLR1cDqRIeS86GYSJvlmZ,https://i.scdn.co/image/ab67616d0000b273ace0e90dab0e51a4aec4f50a,exact,87.12,['pop'],['k_pop'],"['pop', 'k_pop']","['pop', 'k_pop']",[],2,2,0,2.1831,1.0916,1,0,False
(G)I-DLE,i-dle,2AfmfGFbe0A0WsTYm0SDTx,1GtPnOiHxCnoZPCiLcKj22,I am,single,2018.0,0.6522,2010,https://open.spotify.com/album/1GtPnOiHxCnoZPCiLcKj22,https://i.scdn.co/image/ab67616d0000b273f8f78670dcb7eb6f7a4405d4,exact,92.5,['pop'],['k_pop'],"['pop', 'k_pop']","['pop', 'k_pop']",[],2,2,0,2.1831,1.0916,1,0,False
aespa,aespa,6YVMFz59CuY7ngCxTxjpxE,4SboBpuYojDm02qS4iFeJC,Armageddon - The 1st Album,album,2024.0,0.913,2020,https://open.spotify.com/album/4SboBpuYojDm02qS4iFeJC,https://i.scdn.co/image/ab67616d0000b273c60843bafc67821cff6df260,exact,100.0,['pop'],['k_pop'],"['pop', 'k_pop']","['pop', 'k_pop']",[],2,2,0,2.1831,1.0916,0,1,False
aespa,aespa,6YVMFz59CuY7ngCxTxjpxE,5NMtxQJy4wq3mpo3ERVnLs,Drama - The 4th Mini Album,album,2023.0,0.8696,2020,https://open.spotify.com/album/5NMtxQJy4wq3mpo3ERVnLs,https://i.scdn.co/image/ab67616d0000b273593abd65e61c72196b887d71,exact,88.75,['pop'],['k_pop'],"['pop', 'k_pop']","['pop', 'k_pop']",[],2,2,0,2.1831,1.0916,0,1,False
aespa,aespa,6YVMFz59CuY7ngCxTxjpxE,4w1dbvUy1crv0knXQvcSeY,Girls - The 2nd Mini Album,album,2022.0,0.8261,2020,https://open.spotify.com/album/4w1dbvUy1crv0knXQvcSeY,https://i.scdn.co/image/ab67616d0000b2731cbd221702dc7fe4efaf3b4f,exact,100.0,"['electronic', 'funk_/_soul', 'pop']","['k_pop', 'contemporary_r&b', 'pop_rap', 'dance_pop']","['electronic', 'funk_/_soul', 'pop', 'k_pop', 'contemporary_r&b', 'pop_rap', 'dance_pop']","['pop', 'k_pop']","['electronic', 'funk_/_soul', 'contemporary_r&b', 'pop_rap', 'dance_pop']",7,2,5,63.3723,9.0532,0,1,False
aespa,aespa,6YVMFz59CuY7ngCxTxjpxE,3rUhGAdzBVzicwTPAVQjXu,Rich Man - The 6th Mini Album,single,2025.0,0.9565,2020,https://open.spotify.com/album/3rUhGAdzBVzicwTPAVQjXu,https://i.scdn.co/image/ab67616d0000b273f26e3693011a75c41a1d9697,fuzzy,75.57,['pop'],['k_pop'],"['pop', 'k_pop']","['pop', 'k_pop']",[],2,2,0,2.1831,1.0916,1,0,False
aespa,aespa,6YVMFz59CuY7ngCxTxjpxE,1YItIfS2HNJkWIgaoj50SM,Dark Arts,single,2025.0,0.9565,2020,https://open.spotify.com/album/1YItIfS2HNJkWIgaoj50SM,https://i.scdn.co/image/ab67616d0000b273ec607ab359aa2071ae805c21,exact,100.0,['pop'],['k_pop'],"['pop', 'k_pop']","['pop', 'k_pop']",[],2,2,0,2.1831,1.0916,1,0,False
aespa,aespa,6YVMFz59CuY7ngCxTxjpxE,3L7i2VqeznnAqX5BG6gm3H,Dirty Work,single,2025.0,0.9565,2020,https://open.spotify.com/album/3L7i2VqeznnAqX5BG6gm3H,https://i.scdn.co/image/ab67616d0000b2735f006dfacaeefeb16a61e0ff,exact,100.0,['pop'],['k_pop'],"['pop', 'k_pop']","['pop', 'k_pop']",[],2,2,0,2.1831,1.0916,1,0,False
aespa,aespa,6YVMFz59CuY7ngCxTxjpxE,10C0OaEiO9vsPJ7wr9G6Er,Whiplash (English Version),single,2025.0,0.9565,2020,https://open.spotify.com/album/10C0OaEiO9vsPJ7wr9G6Er,https://i.scdn.co/image/ab67616d0000b2730ae59f89307f54dbcef4ac8d,exact,100.0,"['electronic', 'hip_hop', 'pop']","['k_pop', 'pop_rap', 'dance_pop']","['electronic', 'hip_hop', 'pop', 'k_pop', 'pop_rap', 'dance_pop']","['pop', 'k_pop']","['electronic', 'hip_hop', 'pop_rap', 'dance_pop']",6,2,4,37.2876,6.2146,1,0,False
aespa,aespa,6YVMFz59CuY7ngCxTxjpxE,7J41hCLBI2kEwL6RVSxfNx,Whiplash - The 5th Mini Album,single,2024.0,0.913,2020,https://open.spotify.com/album/7J41hCLBI2kEwL6RVSxfNx,https://i.scdn.co/image/ab67616d0000b2736eb604294f8f58c9078f58b1,exact,100.0,"['electronic', 'funk_/_soul', 'pop']","['k_pop', 'contemporary_r&b', 'pop_rap']","['electronic', 'funk_/_soul', 'pop', 'k_pop', 'contemporary_r&b', 'pop_rap']","['pop', 'k_pop']","['electronic', 'funk_/_soul', 'contemporary_r&b', 'pop_rap']",6,2,4,52.278,8.713,1,0,False
aespa,aespa,6YVMFz59CuY7ngCxTxjpxE,4vLGHlTnlIIxMSfefCY0cU,SYNK : PARALLEL LINE - Special Digital Single,single,2024.0,0.913,2020,https://open.spotify.com/album/4vLGHlTnlIIxMSfefCY0cU,https://i.scdn.co/image/ab67616d0000b273253096eda3b7826c11c7fab8,exact,100.0,"['electronic', 'pop']","['k_pop', 'contemporary_r&b', 'pop_rap', 'dance_pop']","['electronic', 'pop', 'k_pop', 'contemporary_r&b', 'pop_rap', 'dance_pop']","['pop', 'k_pop']","['electronic', 'contemporary_r&b', 'pop_rap', 'dance_pop']",6,2,4,47.6923,7.9487,1,0,False
aespa,aespa,6YVMFz59CuY7ngCxTxjpxE,2PvpuCui1GVO8DkFcCHzYU,Hot Mess,single,2024.0,0.913,2020,https://open.spotify.com/album/2PvpuCui1GVO8DkFcCHzYU,https://i.scdn.co/image/ab67616d0000b2735bc3f3c1f88f0eb9a51fa795,exact,100.0,['pop'],"['j_pop', 'k_pop']","['pop', 'j_pop', 'k_pop']","['pop', 'k_pop']",['j_pop'],3,2,1,8.7164,2.9055,1,0,False
aespa,aespa,6YVMFz59CuY7ngCxTxjpxE,49kUtQMJo7Am9UuLuN1MuB,Supernova,single,2024.0,0.913,2020,https://open.spotify.com/album/49kUtQMJo7Am9UuLuN1MuB,https://i.scdn.co/image/ab67616d0000b2736beb5db12245ae89a260e11e,exact,100.0,"['electronic', 'pop']","['k_pop', 'electro_house', 'dance_pop', 'electroclash', 'electro']","['electronic', 'pop', 'k_pop', 'electro_house', 'dance_pop', 'electroclash', 'electro']","['pop', 'k_pop']","['electronic', 'electro_house', 'dance_pop', 'electroclash', 'electro']",7,2,5,1342.766,191.8237,1,0,False
aespa,aespa,6YVMFz59CuY7ngCxTxjpxE,4Nav3JE8TIOFiuY5x95MIh,Regret of the Times (2024 aespa Remake Version) - SM STATION,single,2024.0,0.913,2020,https://open.spotify.com/album/4Nav3JE8TIOFiuY5x95MIh,https://i.scdn.co/image/ab67616d0000b273c74be23f27696b57c67f5489,exact,93.75,"['rock', 'pop']",['k_pop'],"['rock', 'pop', 'k_pop']","['pop', 'k_pop']",['rock'],3,2,1,22.8147,7.6049,1,0,False
aespa,aespa,6YVMFz59CuY7ngCxTxjpxE,6wlo2cGnBTzluPkeMDiOy0,Drama (Sped Up Version),single,2023.0,0.8696,2020,https://open.spotify.com/album/6wlo2cGnBTzluPkeMDiOy0,https://i.scdn.co/image/ab67616d0000b2734705e73aa951266e0586dff2,exact,100.0,"['electronic', 'pop']",['k_pop'],"['electronic', 'pop', 'k_pop']","['pop', 'k_pop']",['electronic'],3,2,1,7.1243,2.3748,1,0,False
aespa,aespa,6YVMFz59CuY7ngCxTxjpxE,7dSaBwUid0hjWdJ5QzIKyu,Jingle Bell Rock,single,2023.0,0.8696,2020,https://open.spotify.com/album/7dSaBwUid0hjWdJ5QzIKyu,https://i.scdn.co/image/ab67616d0000b273226e4b5a26b1d2fe7e746ee4,exact,100.0,['pop'],"['k_pop', 'holiday']","['pop', 'k_pop', 'holiday']","['pop', 'k_pop']",['holiday'],3,2,1,170.1831,56.7277,1,0,False
aespa,aespa,6YVMFz59CuY7ngCxTxjpxE,1A6g2ZDdb7ggiiTXUbEuMP,ZOOM ZOOM,single,2023.0,0.8696,2020,https://open.spotify.com/album/1A6g2ZDdb7ggiiTXUbEuMP,https://i.scdn.co/image/ab67616d0000b273a6b9b885d7992972df641a8e,exact,100.0,['pop'],"['j_pop', 'anison']","['pop', 'j_pop', 'anison']",['pop'],"['j_pop', 'anison']",3,1,2,301.5333,100.5111,1,0,False
aespa,aespa,6YVMFz59CuY7ngCxTxjpxE,05K5RSyTasOI8cQTFHhTLS,Better Things (Tropkillaz Remix),single,2023.0,0.8696,2020,https://open.spotify.com/album/05K5RSyTasOI8cQTFHhTLS,https://i.scdn.co/image/ab67616d0000b273f6bbc8593e2d001cefde24d4,exact,87.21,['pop'],[],['pop'],['pop'],[],1,1,0,1.0,1.0,1,0,False
aespa,aespa,6YVMFz59CuY7ngCxTxjpxE,0jXtQE6F6FYFLPx0S3Gp1D,Better Things (Sped Up + Slowed Down),single,2023.0,0.8696,2020,https://open.spotify.com/album/0jXtQE6F6FYFLPx0S3Gp1D,https://i.scdn.co/image/ab67616d0000b273d168e230146701c23c004f23,exact,84.38,['pop'],[],['pop'],['pop'],[],1,1,0,1.0,1.0,1,0,False
aespa,aespa,6YVMFz59CuY7ngCxTxjpxE,1SHLOv0DDdRecK60z86Lth,Better Things,single,2023.0,0.8696,2020,https://open.spotify.com/album/1SHLOv0DDdRecK60z86Lth,https://i.scdn.co/image/ab67616d0000b27309d7d528090d315e02065729,exact,100.0,['pop'],[],['pop'],['pop'],[],1,1,0,1.0,1.0,1,0,False
aespa,aespa,6YVMFz59CuY7ngCxTxjpxE,69xF8jTd0c4Zoo7DT3Rwrn,MY WORLD - The 3rd Mini Album,single,2023.0,0.8696,2020,https://open.spotify.com/album/69xF8jTd0c4Zoo7DT3Rwrn,https://i.scdn.co/image/ab67616d0000b273cbc3556fdf9cf0203d86657a,fuzzy,75.57,['pop'],['k_pop'],"['pop', 'k_pop']","['pop', 'k_pop']",[],2,2,0,2.1831,1.0916,1,0,False
aespa,aespa,6YVMFz59CuY7ngCxTxjpxE,4bWGRs1SqNwFXaRDXRAANN,Hold On Tight,single,2023.0,0.8696,2020,https://open.spotify.com/album/4bWGRs1SqNwFXaRDXRAANN,https://i.scdn.co/image/ab67616d0000b273ced8aa737a832d1269eb0f7c,exact,100.0,"['electronic', 'pop', 'stage_&_screen']","['soundtrack', 'k_pop', 'dance_pop', 'synthwave', 'hi_nrg', 'electro_house']","['electronic', 'pop', 'stage_&_screen', 'soundtrack', 'k_pop', 'dance_pop', 'synthwave', 'hi_nrg', 'electro_house']","['pop', 'k_pop']","['electronic', 'stage_&_screen', 'soundtrack', 'dance_pop', 'synthwave', 'hi_nrg', 'electro_house']",9,2,7,2986.7277,331.8586,1,0,False
aespa,aespa,6YVMFz59CuY7ngCxTxjpxE,2jK7H4A5Y2xJaoOyzBedaS,iScreaM Vol.18 : Girls Remixes,single,2022.0,0.8261,2020,https://open.spotify.com/album/2jK7H4A5Y2xJaoOyzBedaS,https://i.scdn.co/image/ab67616d0000b273b18c6f966b25302449aef8ee,exact,100.0,"['electronic', 'pop']","['k_pop', 'trap', 'pop_rap', 'industrial', 'bassline', 'experimental']","['electronic', 'pop', 'k_pop', 'trap', 'pop_rap', 'industrial', 'bassline', 'experimental']","['pop', 'k_pop']","['electronic', 'trap', 'pop_rap', 'industrial', 'bassline', 'experimental']",8,2,6,3592.6799,449.085,1,0,False
aespa,aespa,6YVMFz59CuY7ngCxTxjpxE,11lLYKMkFheiV7ObD7WCnx,Life's Too Short,single,2022.0,0.8261,2020,https://open.spotify.com/album/11lLYKMkFheiV7ObD7WCnx,https://i.scdn.co/image/ab67616d0000b273545fe4de74c3238f9cffc720,exact,100.0,"['rock', 'pop']",['k_pop'],"['rock', 'pop', 'k_pop']","['pop', 'k_pop']",['rock'],3,2,1,22.8147,7.6049,1,0,False
aespa,aespa,6YVMFz59CuY7ngCxTxjpxE,4r815m6eq8OXYzfqtk3FST,Illusion,single,2022.0,0.8261,2020,https://open.spotify.com/album/4r815m6eq8OXYzfqtk3FST,https://i.scdn.co/image/ab67616d0000b273f37ac7a98e54440d5f38f22d,exact,100.0,"['electronic', 'pop']",['k_pop'],"['electronic', 'pop', 'k_pop']","['pop', 'k_pop']",['electronic'],3,2,1,7.1243,2.3748,1,0,False
aespa,aespa,6YVMFz59CuY7ngCxTxjpxE,4Jzx0XAORPKQ3v7EaL8Ful,Dreams Come True - SM STATION,single,2021.0,0.7826,2020,https://open.spotify.com/album/4Jzx0XAORPKQ3v7EaL8Ful,https://i.scdn.co/image/ab67616d0000b2735b1ee39743c40b88a80b4ccf,exact,93.49,['pop'],['k_pop'],"['pop', 'k_pop']","['pop', 'k_pop']",[],2,2,0,2.1831,1.0916,1,0,False
aespa,aespa,6YVMFz59CuY7ngCxTxjpxE,3vyyDkvYWC36DwgZCYd3Wu,Savage - The 1st Mini Album,single,2021.0,0.7826,2020,https://open.spotify.com/album/3vyyDkvYWC36DwgZCYd3Wu,https://i.scdn.co/image/ab67616d0000b273d8cc2281fcd4519ca020926b,exact,100.0,"['electronic', 'hip_hop', 'funk_/_soul', 'pop']","['k_pop', 'pop_rap', 'trap', 'future_bass', 'contemporary_r&b']","['electronic', 'hip_hop', 'funk_/_soul', 'pop', 'k_pop', 'pop_rap', 'trap', 'future_bass', 'contemporary_r&b']","['pop', 'k_pop']","['electronic', 'hip_hop', 'funk_/_soul', 'pop_rap', 'trap', 'future_bass', 'contemporary_r&b']",9,2,7,394.9026,43.8781,1,0,False
aespa,aespa,6YVMFz59CuY7ngCxTxjpxE,36cJnr7GCuGbuw0YQpjmTY,iScreaM Vol.10 : Next Level Remixes,single,2021.0,0.7826,2020,https://open.spotify.com/album/36cJnr7GCuGbuw0YQpjmTY,https://i.scdn.co/image/ab67616d0000b2738bcda1592f94261aaa7c9fe0,exact,100.0,['pop'],['k_pop'],"['pop', 'k_pop']","['pop', 'k_pop']",[],2,2,0,2.1831,1.0916,1,0,False
aespa,aespa,6YVMFz59CuY7ngCxTxjpxE,2CzbrboOLzeRoaaH1N5K0N,Next Level,single,2021.0,0.7826,2020,https://open.spotify.com/album/2CzbrboOLzeRoaaH1N5K0N,https://i.scdn.co/image/ab67616d0000b2737a393b04e8ced571618223e8,exact,100.0,"['electronic', 'pop']",['k_pop'],"['electronic', 'pop', 'k_pop']","['pop', 'k_pop']",['electronic'],3,2,1,7.1243,2.3748,1,0,False
aespa,aespa,6YVMFz59CuY7ngCxTxjpxE,3CExk4WgPxe0lOwoOhuMWj,Forever (약속),single,2021.0,0.7826,2020,https://open.spotify.com/album/3CExk4WgPxe0lOwoOhuMWj,https://i.scdn.co/image/ab67616d0000b2737fdc50db3e3b281109f5a831,exact,100.0,['pop'],"['ballad', 'k_pop']","['pop', 'ballad', 'k_pop']","['pop', 'k_pop']",['ballad'],3,2,1,21.4618,7.1539,1,0,False
aespa,aespa,6YVMFz59CuY7ngCxTxjpxE,3syEYrKIsgxaZMB5t1dVG7,Black Mamba,single,2020.0,0.7391,2020,https://open.spotify.com/album/3syEYrKIsgxaZMB5t1dVG7,https://i.scdn.co/image/ab67616d0000b2736f248f7695eb544a3a1955c5,exact,100.0,"['electronic', 'pop']",['k_pop'],"['electronic', 'pop', 'k_pop']","['pop', 'k_pop']",['electronic'],3,2,1,7.1243,2.3748,1,0,False
IVE,IVE,6RHTUrRF63xao58xh9FXYJ,3BSpzEq1p4bSWdvrEKtOcF,REVIVE+,album,2026.0,1.0,2020,https://open.spotify.com/album/3BSpzEq1p4bSWdvrEKtOcF,https://i.scdn.co/image/ab67616d0000b273ad80a9aabc17535c5eeb5317,exact,90.0,['pop'],['k_pop'],"['pop', 'k_pop']","['pop', 'k_pop']",[],2,2,0,2.1831,1.0916,0,1,False
IVE,IVE,6RHTUrRF63xao58xh9FXYJ,38VzP4yWfHdHafITKKRHEB,I've IVE,album,2023.0,0.8696,2020,https://open.spotify.com/album/38VzP4yWfHdHafITKKRHEB,https://i.scdn.co/image/ab67616d0000b27325ef3cec1eceefd4db2f91c8,exact,90.0,"['electronic', 'pop']","['k_pop', 'dance_pop', 'electro', 'bubblegum']","['electronic', 'pop', 'k_pop', 'dance_pop', 'electro', 'bubblegum']","['pop', 'k_pop']","['electronic', 'dance_pop', 'electro', 'bubblegum']",6,2,4,179.8327,29.9721,0,1,False
IVE,IVE,6RHTUrRF63xao58xh9FXYJ,3XRwpp5eFpq1wPNWusQ3L7,BANG BANG,single,2026.0,1.0,2020,https://open.spotify.com/album/3XRwpp5eFpq1wPNWusQ3L7,https://i.scdn.co/image/ab67616d0000b273775cb67ad6f1aa320a8cb945,exact,85.0,['pop'],['k_pop'],"['pop', 'k_pop']","['pop', 'k_pop']",[],2,2,0,2.1831,1.0916,1,0,False
IVE,IVE,6RHTUrRF63xao58xh9FXYJ,0gEu9SrHjLrpTemne6OO1L,IVE SECRET,single,2025.0,0.9565,2020,https://open.spotify.com/album/0gEu9SrHjLrpTemne6OO1L,https://i.scdn.co/image/ab67616d0000b27304886cfb3beb68b17e53f6e9,exact,85.0,['pop'],['k_pop'],"['pop', 'k_pop']","['pop', 'k_pop']",[],2,2,0,2.1831,1.0916,1,0,False
IVE,IVE,6RHTUrRF63xao58xh9FXYJ,2Cu9n0JMHH5PzCs7YlifJI,Be Alright,single,2025.0,0.9565,2020,https://open.spotify.com/album/2Cu9n0JMHH5PzCs7YlifJI,https://i.scdn.co/image/ab67616d0000b2731619eb3d9375554e02e00b10,exact,85.0,['pop'],['j_pop'],"['pop', 'j_pop']",['pop'],['j_pop'],2,1,1,7.5333,3.7666,1,0,False
IVE,IVE,6RHTUrRF63xao58xh9FXYJ,6DWLBLfRNofRfjgKozFKKV,Be Alright,single,2025.0,0.9565,2020,https://open.spotify.com/album/6DWLBLfRNofRfjgKozFKKV,https://i.scdn.co/image/ab67616d0000b273560d6908e961f583d8f5eeba,exact,85.0,['pop'],['j_pop'],"['pop', 'j_pop']",['pop'],['j_pop'],2,1,1,7.5333,3.7666,1,0,False
IVE,IVE,6RHTUrRF63xao58xh9FXYJ,4odWFnjGSf2eYUqBea9f7q,DARE ME,single,2025.0,0.9565,2020,https://open.spotify.com/album/4odWFnjGSf2eYUqBea9f7q,https://i.scdn.co/image/ab67616d0000b273fa369f196a630e4314a73059,fuzzy,75.0,"['pop', 'stage_&_screen']","['j_pop', 'theme']","['pop', 'stage_&_screen', 'j_pop', 'theme']",['pop'],"['stage_&_screen', 'j_pop', 'theme']",4,1,3,408.4424,102.1106,1,0,False
IVE,IVE,6RHTUrRF63xao58xh9FXYJ,7vwi3kXdpkaRO3if4N2gBN,IVE EMPATHY,single,2025.0,0.9565,2020,https://open.spotify.com/album/7vwi3kXdpkaRO3if4N2gBN,https://i.scdn.co/image/ab67616d0000b273487f90022857e485ecc685eb,exact,85.0,['pop'],['k_pop'],"['pop', 'k_pop']","['pop', 'k_pop']",[],2,2,0,2.1831,1.0916,1,0,False
IVE,IVE,6RHTUrRF63xao58xh9FXYJ,0GHWzTUTrbTmYaGnHhjZe3,REBEL HEART,single,2025.0,0.9565,2020,https://open.spotify.com/album/0GHWzTUTrbTmYaGnHhjZe3,https://i.scdn.co/image/ab67616d0000b2734d4cd304303bab6a79598960,exact,90.0,['pop'],['k_pop'],"['pop', 'k_pop']","['pop', 'k_pop']",[],2,2,0,2.1831,1.0916,1,0,False
IVE,IVE,6RHTUrRF63xao58xh9FXYJ,0LMT3Tdqs2Zy8VIxwuf47X,Supernova Love,single,2024.0,0.913,2020,https://open.spotify.com/album/0LMT3Tdqs2Zy8VIxwuf47X,https://i.scdn.co/image/ab67616d0000b2734c37365dd7a3ab4f4c0a5683,fuzzy,71.25,"['electronic', 'pop']",['dance_pop'],"['electronic', 'pop', 'dance_pop']",['pop'],"['electronic', 'dance_pop']",3,1,2,17.0355,5.6785,1,0,False
IVE,IVE,6RHTUrRF63xao58xh9FXYJ,46uFocwb9yPpQyi7f431Sf,ALIVE,single,2024.0,0.913,2020,https://open.spotify.com/album/46uFocwb9yPpQyi7f431Sf,https://i.scdn.co/image/ab67616d0000b2738ad5c87293288fbdd1b721ed,fuzzy,65.0,"['electronic', 'pop', 'stage_&_screen']","['j_pop', 'k_pop', 'dance_pop', 'anison', 'theme']","['electronic', 'pop', 'stage_&_screen', 'j_pop', 'k_pop', 'dance_pop', 'anison', 'theme']","['pop', 'k_pop']","['electronic', 'stage_&_screen', 'j_pop', 'dance_pop', 'anison', 'theme']",8,2,6,719.661,89.9576,1,0,False
IVE,IVE,6RHTUrRF63xao58xh9FXYJ,607R3veMPfNTZ4VzMEVy3d,CRUSH,single,2024.0,0.913,2020,https://open.spotify.com/album/607R3veMPfNTZ4VzMEVy3d,https://i.scdn.co/image/ab67616d0000b273734bda3681116f3d942253d2,exact,90.0,"['electronic', 'pop']","['k_pop', 'j_pop', 'dance_pop', 'electro']","['electronic', 'pop', 'k_pop', 'j_pop', 'dance_pop', 'electro']","['pop', 'k_pop']","['electronic', 'j_pop', 'dance_pop', 'electro']",6,2,4,55.6993,9.2832,1,0,False
IVE,IVE,6RHTUrRF63xao58xh9FXYJ,2cyomPgx2iBZXnBKO8Fmxi,SUMMER FESTA,single,2024.0,0.913,2020,https://open.spotify.com/album/2cyomPgx2iBZXnBKO8Fmxi,https://i.scdn.co/image/ab67616d0000b27338879c9f174639b75ee0a6a7,exact,90.0,['pop'],['k_pop'],"['pop', 'k_pop']","['pop', 'k_pop']",[],2,2,0,2.1831,1.0916,1,0,False
IVE,IVE,6RHTUrRF63xao58xh9FXYJ,7z61DsZtWO2S4nC5xd0b9p,IVE SWITCH,single,2024.0,0.913,2020,https://open.spotify.com/album/7z61DsZtWO2S4nC5xd0b9p,https://i.scdn.co/image/ab67616d0000b27326cc1062ed475f238d244141,exact,85.0,"['electronic', 'pop']","['k_pop', 'dance_pop']","['electronic', 'pop', 'k_pop', 'dance_pop']","['pop', 'k_pop']","['electronic', 'dance_pop']",4,2,2,18.2186,4.5547,1,0,False
IVE,IVE,6RHTUrRF63xao58xh9FXYJ,5J7VAdKdGZGme6wymgopbp,I'VE MINE,single,2023.0,0.8696,2020,https://open.spotify.com/album/5J7VAdKdGZGme6wymgopbp,https://i.scdn.co/image/ab67616d0000b2734d00ac692bae6ce08d2b49ad,exact,85.0,['pop'],['k_pop'],"['pop', 'k_pop']","['pop', 'k_pop']",[],2,2,0,2.1831,1.0916,1,0,False
IVE,IVE,6RHTUrRF63xao58xh9FXYJ,31ZO3EEc4JPomzMGed9BEV,Either Way,single,2023.0,0.8696,2020,https://open.spotify.com/album/31ZO3EEc4JPomzMGed9BEV,https://i.scdn.co/image/ab67616d0000b2739013c729c55c91dad5906adc,exact,90.0,"['funk_/_soul', 'pop']","['k_pop', 'contemporary_r&b']","['funk_/_soul', 'pop', 'k_pop', 'contemporary_r&b']","['pop', 'k_pop']","['funk_/_soul', 'contemporary_r&b']",4,2,2,33.3368,8.3342,1,0,False
IVE,IVE,6RHTUrRF63xao58xh9FXYJ,1BxRutqDtvMJfiovw76gxe,I WANT,single,2023.0,0.8696,2020,https://open.spotify.com/album/1BxRutqDtvMJfiovw76gxe,https://i.scdn.co/image/ab67616d0000b2738c475998f5005d0a339b1f0d,exact,90.0,['pop'],['k_pop'],"['pop', 'k_pop']","['pop', 'k_pop']",[],2,2,0,2.1831,1.0916,1,0,False
IVE,IVE,6RHTUrRF63xao58xh9FXYJ,5GsSoccwm4oOWG2l50yM8B,WAVE,single,2023.0,0.8696,2020,https://open.spotify.com/album/5GsSoccwm4oOWG2l50yM8B,https://i.scdn.co/image/ab67616d0000b2733415d4fdecbaaa74ddd93acf,exact,85.0,['pop'],"['k_pop', 'j_pop']","['pop', 'k_pop', 'j_pop']","['pop', 'k_pop']",['j_pop'],3,2,1,8.7164,2.9055,1,0,False
IVE,IVE,6RHTUrRF63xao58xh9FXYJ,0ygvUJDV0PK3Sz3f7njaaA,WAVE,single,2023.0,0.8696,2020,https://open.spotify.com/album/0ygvUJDV0PK3Sz3f7njaaA,https://i.scdn.co/image/ab67616d0000b273c94c7870566278801744f848,exact,85.0,['pop'],"['k_pop', 'j_pop']","['pop', 'k_pop', 'j_pop']","['pop', 'k_pop']",['j_pop'],3,2,1,8.7164,2.9055,1,0,False
IVE,IVE,6RHTUrRF63xao58xh9FXYJ,7KgFOJg5QAU9Ex9L2oTy67,Kitsch,single,2023.0,0.8696,2020,https://open.spotify.com/album/7KgFOJg5QAU9Ex9L2oTy67,https://i.scdn.co/image/ab67616d0000b273204170c6b0db3a42030c5f75,exact,90.0,['pop'],['k_pop'],"['pop', 'k_pop']","['pop', 'k_pop']",[],2,2,0,2.1831,1.0916,1,0,False
IVE,IVE,6RHTUrRF63xao58xh9FXYJ,3f8XSIlawxdk1oGTXUbIuX,LOVE DIVE -Japanese version-,single,2023.0,0.8696,2020,https://open.spotify.com/album/3f8XSIlawxdk1oGTXUbIuX,https://i.scdn.co/image/ab67616d0000b273fd8b66dfb652411b2e5b35cd,exact,90.0,['pop'],['j_pop'],"['pop', 'j_pop']",['pop'],['j_pop'],2,1,1,7.5333,3.7666,1,0,False
IVE,IVE,6RHTUrRF63xao58xh9FXYJ,3T3STfBHgL2LRv4CGlJTAN,ELEVEN -Japanese version-,single,2022.0,0.8261,2020,https://open.spotify.com/album/3T3STfBHgL2LRv4CGlJTAN,https://i.scdn.co/image/ab67616d0000b2732491a35e8c5f8a746f45a8b9,exact,90.0,"['electronic', 'pop']","['k_pop', 'j_pop']","['electronic', 'pop', 'k_pop', 'j_pop']","['pop', 'k_pop']","['electronic', 'j_pop']",4,2,2,13.6576,3.4144,1,0,False
IVE,IVE,6RHTUrRF63xao58xh9FXYJ,0nzRF7khA2UDSZa9T0B6Da,After LIKE,single,2022.0,0.8261,2020,https://open.spotify.com/album/0nzRF7khA2UDSZa9T0B6Da,https://i.scdn.co/image/ab67616d0000b27387f53da5fb4ab1171766b2d5,exact,90.0,['pop'],['k_pop'],"['pop', 'k_pop']","['pop', 'k_pop']",[],2,2,0,2.1831,1.0916,1,0,False
IVE,IVE,6RHTUrRF63xao58xh9FXYJ,1AFVTHHm7kKoQ6Rgb25x3p,LOVE DIVE,single,2022.0,0.8261,2020,https://open.spotify.com/album/1AFVTHHm7kKoQ6Rgb25x3p,https://i.scdn.co/image/ab67616d0000b2739016f58cc49e6473e1207093,exact,90.0,"['electronic', 'pop']","['k_pop', 'dance_pop', 'electro', 'synth-pop', 'electro_house', 'deep_house']","['electronic', 'pop', 'k_pop', 'dance_pop', 'electro', 'synth-pop', 'electro_house', 'deep_house']","['pop', 'k_pop']","['electronic', 'dance_pop', 'electro', 'synth-pop', 'electro_house', 'deep_house']",8,2,6,605.806,75.7258,1,0,False
IVE,IVE,6RHTUrRF63xao58xh9FXYJ,1XMYvsHRt52sMi6wittWqI,ELEVEN,single,2021.0,0.7826,2020,https://open.spotify.com/album/1XMYvsHRt52sMi6wittWqI,https://i.scdn.co/image/ab67616d0000b273da343b21617aac0c57e332bb,exact,90.0,['pop'],['k_pop'],"['pop', 'k_pop']","['pop', 'k_pop']",[],2,2,0,2.1831,1.0916,1,0,False
ENHYPEN,ENHYPEN,5t5FqBwTcgKTaWmfEbwQY9,62K0QHi2SjuhMe94kfYxq3,THE SIN : VANISH,album,2026.0,1.0,2020,https://open.spotify.com/album/62K0QHi2SjuhMe94kfYxq3,https://i.scdn.co/image/ab67616d0000b27392beb54472282ca313f34055,exact,100.0,['pop'],['k_pop'],"['pop', 'k_pop']","['pop', 'k_pop']",[],2,2,0,2.1831,1.0916,0,1,False
ENHYPEN,ENHYPEN,5t5FqBwTcgKTaWmfEbwQY9,5nskZ8CFMrSNiOrceMHr4B,DESIRE : UNLEASH,album,2025.0,0.9565,2020,https://open.spotify.com/album/5nskZ8CFMrSNiOrceMHr4B,https://i.scdn.co/image/ab67616d0000b273708e8e2fec0e67fbc69f6f9c,exact,100.0,['pop'],['k_pop'],"['pop', 'k_pop']","['pop', 'k_pop']",[],2,2,0,2.1831,1.0916,0,1,False
ENHYPEN,ENHYPEN,5t5FqBwTcgKTaWmfEbwQY9,380UbSJnNQ9SioALGRB0Cf,ROMANCE : UNTOLD -daydream-,album,2024.0,0.913,2020,https://open.spotify.com/album/380UbSJnNQ9SioALGRB0Cf,https://i.scdn.co/image/ab67616d0000b273ac9d6ee9be9186ff1a28c900,exact,94.05,['pop'],['k_pop'],"['pop', 'k_pop']","['pop', 'k_pop']",[],2,2,0,2.1831,1.0916,0,1,False
ENHYPEN,ENHYPEN,5t5FqBwTcgKTaWmfEbwQY9,05I8FltCMnGa3kE38mpOkL,ROMANCE : UNTOLD,album,2024.0,0.913,2020,https://open.spotify.com/album/05I8FltCMnGa3kE38mpOkL,https://i.scdn.co/image/ab67616d0000b273653887a83332de0350151f10,exact,100.0,['pop'],['k_pop'],"['pop', 'k_pop']","['pop', 'k_pop']",[],2,2,0,2.1831,1.0916,0,1,False
ENHYPEN,ENHYPEN,5t5FqBwTcgKTaWmfEbwQY9,7dsAlxH9cMgyREm8OLdWWT,ORANGE BLOOD,album,2023.0,0.8696,2020,https://open.spotify.com/album/7dsAlxH9cMgyREm8OLdWWT,https://i.scdn.co/image/ab67616d0000b273d364c1f2a6fede40055b02d5,exact,100.0,"['rock', 'funk_/_soul', 'pop']",['k_pop'],"['rock', 'funk_/_soul', 'pop', 'k_pop']","['pop', 'k_pop']","['rock', 'funk_/_soul']",4,2,2,38.4947,9.6237,0,1,False
ENHYPEN,ENHYPEN,5t5FqBwTcgKTaWmfEbwQY9,3nOj9hsnptBEDt9ie2lra5,DIMENSION : ANSWER,album,2022.0,0.8261,2020,https://open.spotify.com/album/3nOj9hsnptBEDt9ie2lra5,https://i.scdn.co/image/ab67616d0000b2731c1ea5bfa5680ac877acdd55,exact,100.0,['pop'],['k_pop'],"['pop', 'k_pop']","['pop', 'k_pop']",[],2,2,0,2.1831,1.0916,0,1,False
ENHYPEN,ENHYPEN,5t5FqBwTcgKTaWmfEbwQY9,5jGRqioNCSWZGBl3QmyuFI,DIMENSION : DILEMMA,album,2021.0,0.7826,2020,https://open.spotify.com/album/5jGRqioNCSWZGBl3QmyuFI,https://i.scdn.co/image/ab67616d0000b2736772cf096be8acc1df092519,exact,100.0,['pop'],['k_pop'],"['pop', 'k_pop']","['pop', 'k_pop']",[],2,2,0,2.1831,1.0916,0,1,False
LE SSERAFIM,LE SSERAFIM,4SpbR6yFEvexJuaBpgAU5p,2yUrwTLHDWBrW74Ewuw6RX,SPAGHETTI,album,2025.0,0.9565,2020,https://open.spotify.com/album/2yUrwTLHDWBrW74Ewuw6RX,https://i.scdn.co/image/ab67616d0000b2736c4a726c271daf4a4b97e35b,exact,100.0,['pop'],['k_pop'],"['pop', 'k_pop']","['pop', 'k_pop']",[],2,2,0,2.1831,1.0916,0,1,False
LE SSERAFIM,LE SSERAFIM,4SpbR6yFEvexJuaBpgAU5p,6kAsgfuulBOuyYLytWX7e2,CRAZY (Party Remixes 1),album,2024.0,0.913,2020,https://open.spotify.com/album/6kAsgfuulBOuyYLytWX7e2,https://i.scdn.co/image/ab67616d0000b27331cc95b28680b61772da876f,exact,100.0,"['electronic', 'pop']","['house', 'k_pop']","['electronic', 'pop', 'house', 'k_pop']","['pop', 'k_pop']","['electronic', 'house']",4,2,2,124.7243,31.1811,0,1,False
LE SSERAFIM,LE SSERAFIM,4SpbR6yFEvexJuaBpgAU5p,4Oz7K9DRwwGMN49i4NbVDT,UNFORGIVEN,album,2023.0,0.8696,2020,https://open.spotify.com/album/4Oz7K9DRwwGMN49i4NbVDT,https://i.scdn.co/image/ab67616d0000b27308afa023781dc4841319f3fc,exact,100.0,['pop'],"['k_pop', 'j_pop']","['pop', 'k_pop', 'j_pop']","['pop', 'k_pop']",['j_pop'],3,2,1,8.7164,2.9055,0,1,False
LE SSERAFIM,LE SSERAFIM,4SpbR6yFEvexJuaBpgAU5p,0XBFnNqFyAKPJoo3ikzvBe,DIFFERENT,single,2025.0,0.9565,2020,https://open.spotify.com/album/0XBFnNqFyAKPJoo3ikzvBe,https://i.scdn.co/image/ab67616d0000b273cd24c5cdd54b39a527e10dc7,exact,100.0,['pop'],"['j_pop', 'k_pop']","['pop', 'j_pop', 'k_pop']","['pop', 'k_pop']",['j_pop'],3,2,1,8.7164,2.9055,1,0,False
LE SSERAFIM,LE SSERAFIM,4SpbR6yFEvexJuaBpgAU5p,5fViZF1K5YS5ELyBCYpVno,HOT (English ver.),single,2025.0,0.9565,2020,https://open.spotify.com/album/5fViZF1K5YS5ELyBCYpVno,https://i.scdn.co/image/ab67616d0000b2732de8ed1a94e4ab705f5caab2,exact,91.94,['pop'],['k_pop'],"['pop', 'k_pop']","['pop', 'k_pop']",[],2,2,0,2.1831,1.0916,1,0,False
LE SSERAFIM,LE SSERAFIM,4SpbR6yFEvexJuaBpgAU5p,3lyRrGhXCCMbt4jVO9Wur2,HOT,single,2025.0,0.9565,2020,https://open.spotify.com/album/3lyRrGhXCCMbt4jVO9Wur2,https://i.scdn.co/image/ab67616d0000b2731fc0f4faafaa183cc70297e5,exact,100.0,['pop'],"['k_pop', 'pop_rock', 'dance_pop', 'alt-pop']","['pop', 'k_pop', 'pop_rock', 'dance_pop', 'alt-pop']","['pop', 'k_pop']","['pop_rock', 'dance_pop', 'alt-pop']",5,2,3,204.3774,40.8755,1,0,False
LE SSERAFIM,LE SSERAFIM,4SpbR6yFEvexJuaBpgAU5p,2G4myfKwdL4C6sWYj6byB2,CRAZY,single,2024.0,0.913,2020,https://open.spotify.com/album/2G4myfKwdL4C6sWYj6byB2,https://i.scdn.co/image/ab67616d0000b2738bc52e1e313014cfc32eacd1,exact,100.0,['pop'],['k_pop'],"['pop', 'k_pop']","['pop', 'k_pop']",[],2,2,0,2.1831,1.0916,1,0,False
LE SSERAFIM,LE SSERAFIM,4SpbR6yFEvexJuaBpgAU5p,3V9OWu0finGlIhiPkf2XUv,Star Signs,single,2024.0,0.913,2020,https://open.spotify.com/album/3V9OWu0finGlIhiPkf2XUv,https://i.scdn.co/image/ab67616d0000b2734bae578ce2180d691751f4a7,fuzzy,66.0,['pop'],"['j_pop', 'k_pop']","['pop', 'j_pop', 'k_pop']","['pop', 'k_pop']",['j_pop'],3,2,1,8.7164,2.9055,1,0,False
LE SSERAFIM,LE SSERAFIM,4SpbR6yFEvexJuaBpgAU5p,538vEfAgLJ6g2I8ubuOlap,CRAZY,single,2024.0,0.913,2020,https://open.spotify.com/album/538vEfAgLJ6g2I8ubuOlap,https://i.scdn.co/image/ab67616d0000b27313134929dd979f89b8f4f477,exact,100.0,['pop'],['k_pop'],"['pop', 'k_pop']","['pop', 'k_pop']",[],2,2,0,2.1831,1.0916,1,0,False
LE SSERAFIM,LE SSERAFIM,4SpbR6yFEvexJuaBpgAU5p,5jdhMhfZ5gdaQnLsrFgcw4,EASY (English ver.),single,2024.0,0.913,2020,https://open.spotify.com/album/5jdhMhfZ5gdaQnLsrFgcw4,https://i.scdn.co/image/ab67616d0000b273721a9c973ea11f04e0da752a,exact,100.0,['pop'],"['k_pop', 'rhythm_&_blues']","['pop', 'k_pop', 'rhythm_&_blues']","['pop', 'k_pop']",['rhythm_&_blues'],3,2,1,100.1831,33.3944,1,0,False
LE SSERAFIM,LE SSERAFIM,4SpbR6yFEvexJuaBpgAU5p,1YCj4PZi08G20y2ekGKY0C,EASY,single,2024.0,0.913,2020,https://open.spotify.com/album/1YCj4PZi08G20y2ekGKY0C,https://i.scdn.co/image/ab67616d0000b273d17ea5fa9f991aa284c862a7,exact,100.0,"['funk_/_soul', 'pop']","['k_pop', 'contemporary_r&b']","['funk_/_soul', 'pop', 'k_pop', 'contemporary_r&b']","['pop', 'k_pop']","['funk_/_soul', 'contemporary_r&b']",4,2,2,33.3368,8.3342,1,0,False
LE SSERAFIM,LE SSERAFIM,4SpbR6yFEvexJuaBpgAU5p,6Msc3BwzKZ5f5FXmKuUSu6,Perfect Night,single,2023.0,0.8696,2020,https://open.spotify.com/album/6Msc3BwzKZ5f5FXmKuUSu6,https://i.scdn.co/image/ab67616d0000b273c9af8979e5cb3fe7ecc5e230,exact,100.0,['pop'],['k_pop'],"['pop', 'k_pop']","['pop', 'k_pop']",[],2,2,0,2.1831,1.0916,1,0,False
LE SSERAFIM,LE SSERAFIM,4SpbR6yFEvexJuaBpgAU5p,2B11ELMAJKREkxW6Y4fclI,UNFORGIVEN,single,2023.0,0.8696,2020,https://open.spotify.com/album/2B11ELMAJKREkxW6Y4fclI,https://i.scdn.co/image/ab67616d0000b2739a4f8981e727014e805537d4,exact,100.0,['pop'],"['k_pop', 'j_pop']","['pop', 'k_pop', 'j_pop']","['pop', 'k_pop']",['j_pop'],3,2,1,8.7164,2.9055,1,0,False
LE SSERAFIM,LE SSERAFIM,4SpbR6yFEvexJuaBpgAU5p,28unbkaJvfdbM5zffw9vpc,UNFORGIVEN (Japanese ver.),single,2023.0,0.8696,2020,https://open.spotify.com/album/28unbkaJvfdbM5zffw9vpc,https://i.scdn.co/image/ab67616d0000b27341b04a7d20f381c9e30b06ec,exact,88.87,['pop'],['j_pop'],"['pop', 'j_pop']",['pop'],['j_pop'],2,1,1,7.5333,3.7666,1,0,False
LE SSERAFIM,LE SSERAFIM,4SpbR6yFEvexJuaBpgAU5p,4snDidl0spOeD55YeH3HGh,"Eve, Psyche & the Bluebeard’s wife (Rina Sawayama Remix)",single,2023.0,0.8696,2020,https://open.spotify.com/album/4snDidl0spOeD55YeH3HGh,https://i.scdn.co/image/ab67616d0000b273d17d415115db669a60c70056,exact,85.2,"['electronic', 'rock', 'pop']","['k_pop', 'dance_pop', 'jersey_club', 'pop_rock', 'tribal_house']","['electronic', 'rock', 'pop', 'k_pop', 'dance_pop', 'jersey_club', 'pop_rock', 'tribal_house']","['pop', 'k_pop']","['electronic', 'rock', 'dance_pop', 'jersey_club', 'pop_rock', 'tribal_house']",8,2,6,2464.3502,308.0438,1,0,False
LE SSERAFIM,LE SSERAFIM,4SpbR6yFEvexJuaBpgAU5p,6mw2LvoVp9MP0jMv0ZuJla,ジュエリー (Prod. imase),single,2023.0,0.8696,2020,https://open.spotify.com/album/6mw2LvoVp9MP0jMv0ZuJla,https://i.scdn.co/image/ab67616d0000b273911c746f67ef44c09b034c0b,fuzzy,70.38,['pop'],"['j_pop', 'k_pop']","['pop', 'j_pop', 'k_pop']","['pop', 'k_pop']",['j_pop'],3,2,1,8.7164,2.9055,1,0,False
LE SSERAFIM,LE SSERAFIM,4SpbR6yFEvexJuaBpgAU5p,3Nu8JF8Jxcn4hVm5wrL7SB,"Eve, Psyche & the Bluebeard’s wife (feat. UPSAHL)",single,2023.0,0.8696,2020,https://open.spotify.com/album/3Nu8JF8Jxcn4hVm5wrL7SB,https://i.scdn.co/image/ab67616d0000b27308b99952bb9bf27e70ce82c7,exact,81.04,"['electronic', 'pop']","['k_pop', 'dance_pop', 'baltimore_club']","['electronic', 'pop', 'k_pop', 'dance_pop', 'baltimore_club']","['pop', 'k_pop']","['electronic', 'dance_pop', 'baltimore_club']",5,2,3,253.4186,50.6837,1,0,False
LE SSERAFIM,LE SSERAFIM,4SpbR6yFEvexJuaBpgAU5p,4db6bVyZTtbpZjsCQGyZpl,FEARLESS,single,2023.0,0.8696,2020,https://open.spotify.com/album/4db6bVyZTtbpZjsCQGyZpl,https://i.scdn.co/image/ab67616d0000b2732cd5b995f0c0df23e186dc27,exact,100.0,['pop'],['k_pop'],"['pop', 'k_pop']","['pop', 'k_pop']",[],2,2,0,2.1831,1.0916,1,0,False
LE SSERAFIM,LE SSERAFIM,4SpbR6yFEvexJuaBpgAU5p,4mpznsEPjMQrvD7laIx9UI,Choices,single,2023.0,0.8696,2020,https://open.spotify.com/album/4mpznsEPjMQrvD7laIx9UI,https://i.scdn.co/image/ab67616d0000b273fb7c1290e7c1a338860da70e,fuzzy,72.0,['pop'],[],['pop'],['pop'],[],1,1,0,1.0,1.0,1,0,False
LE SSERAFIM,LE SSERAFIM,4SpbR6yFEvexJuaBpgAU5p,3u0ggfmK0vjuHMNdUbtaa9,ANTIFRAGILE,single,2022.0,0.8261,2020,https://open.spotify.com/album/3u0ggfmK0vjuHMNdUbtaa9,https://i.scdn.co/image/ab67616d0000b2739cfed1dd2d368a0855d7b1a4,exact,100.0,['pop'],"['k_pop', 'dance_pop', 'vocal', 'power_pop']","['pop', 'k_pop', 'dance_pop', 'vocal', 'power_pop']","['pop', 'k_pop']","['dance_pop', 'vocal', 'power_pop']",5,2,3,699.2774,139.8555,1,0,False
LE SSERAFIM,LE SSERAFIM,4SpbR6yFEvexJuaBpgAU5p,4Mc7WwYH41hgUWeKX25Sot,FEARLESS,single,2022.0,0.8261,2020,https://open.spotify.com/album/4Mc7WwYH41hgUWeKX25Sot,https://i.scdn.co/image/ab67616d0000b2739ae8d973353277c7dec2c27d,exact,100.0,['pop'],['k_pop'],"['pop', 'k_pop']","['pop', 'k_pop']",[],2,2,0,2.1831,1.0916,1,0,False
NewJeans,NewJeans,6HvZYsbFfjnjFrWF950C9d,6XRGc3GNodkhSrPwHnx1KX,NJWMX,album,2023.0,0.8696,2020,https://open.spotify.com/album/6XRGc3GNodkhSrPwHnx1KX,https://i.scdn.co/image/ab67616d0000b273782a8cae588fee29eefec8b6,exact,100.0,"['funk_/_soul', 'pop']","['contemporary_r&b', 'k_pop', 'neo_soul']","['funk_/_soul', 'pop', 'contemporary_r&b', 'k_pop', 'neo_soul']","['pop', 'k_pop']","['funk_/_soul', 'contemporary_r&b', 'neo_soul']",5,2,3,1209.3368,241.8674,0,1,False
NewJeans,NewJeans,6HvZYsbFfjnjFrWF950C9d,1FVw30SoC91lq1UZ6N9rwN,Supernatural,single,2024.0,0.913,2020,https://open.spotify.com/album/1FVw30SoC91lq1UZ6N9rwN,https://i.scdn.co/image/ab67616d0000b2737e1eeb0d7cc374a168369c80,exact,100.0,['pop'],['k_pop'],"['pop', 'k_pop']","['pop', 'k_pop']",[],2,2,0,2.1831,1.0916,1,0,False
NewJeans,NewJeans,6HvZYsbFfjnjFrWF950C9d,0EhZEM4RRz0yioTgucDhJq,How Sweet,single,2024.0,0.913,2020,https://open.spotify.com/album/0EhZEM4RRz0yioTgucDhJq,https://i.scdn.co/image/ab67616d0000b273b657fbb27b17e7bd4691c2b2,exact,100.0,"['electronic', 'hip_hop', 'funk_/_soul', 'pop']","['k_pop', 'contemporary_r&b', 'dance_pop', 'miami_bass']","['electronic', 'hip_hop', 'funk_/_soul', 'pop', 'k_pop', 'contemporary_r&b', 'dance_pop', 'miami_bass']","['pop', 'k_pop']","['electronic', 'hip_hop', 'funk_/_soul', 'contemporary_r&b', 'dance_pop', 'miami_bass']",8,2,6,1230.4413,153.8052,1,0,False
NewJeans,NewJeans,6HvZYsbFfjnjFrWF950C9d,4N1fROq2oeyLGAlQ1C1j18,NewJeans 2nd EP 'Get Up',single,2023.0,0.8696,2020,https://open.spotify.com/album/4N1fROq2oeyLGAlQ1C1j18,https://i.scdn.co/image/ab67616d0000b2730744690248ef3ba7b776ea7b,exact,85.68,"['electronic', 'pop']","['k_pop', 'contemporary_r&b', 'uk_garage', 'drum_n_bass', 'baltimore_club']","['electronic', 'pop', 'k_pop', 'contemporary_r&b', 'uk_garage', 'drum_n_bass', 'baltimore_club']","['pop', 'k_pop']","['electronic', 'contemporary_r&b', 'uk_garage', 'drum_n_bass', 'baltimore_club']",7,2,5,747.798,106.8283,1,0,False
NewJeans,NewJeans,6HvZYsbFfjnjFrWF950C9d,5V729UqvhwNOcMejx0m55I,NewJeans 'Super Shy',single,2023.0,0.8696,2020,https://open.spotify.com/album/5V729UqvhwNOcMejx0m55I,https://i.scdn.co/image/ab67616d0000b2733d98a0ae7c78a3a9babaf8af,fuzzy,77.5,"['electronic', 'pop']","['k_pop', 'contemporary_r&b', 'uk_garage', 'drum_n_bass', 'baltimore_club']","['electronic', 'pop', 'k_pop', 'contemporary_r&b', 'uk_garage', 'drum_n_bass', 'baltimore_club']","['pop', 'k_pop']","['electronic', 'contemporary_r&b', 'uk_garage', 'drum_n_bass', 'baltimore_club']",7,2,5,747.798,106.8283,1,0,False
NewJeans,NewJeans,6HvZYsbFfjnjFrWF950C9d,45wwQll1Ay4A1Rz79wWuNt,Zero (J.I.D Remix),single,2023.0,0.8696,2020,https://open.spotify.com/album/45wwQll1Ay4A1Rz79wWuNt,https://i.scdn.co/image/ab67616d0000b27366daf96fd3f1a920cd2053e6,exact,90.0,"['electronic', 'hip_hop', 'pop']","['k_pop', 'contemporary_r&b', 'pop_rap', 'dancehall', 'drum_n_bass']","['electronic', 'hip_hop', 'pop', 'k_pop', 'contemporary_r&b', 'pop_rap', 'dancehall', 'drum_n_bass']","['pop', 'k_pop']","['electronic', 'hip_hop', 'contemporary_r&b', 'pop_rap', 'dancehall', 'drum_n_bass']",8,2,6,1413.667,176.7084,1,0,False
NewJeans,NewJeans,6HvZYsbFfjnjFrWF950C9d,1Pk1W5xbmAqG6wBNL4sjq5,Be Who You Are (Real Magic),single,2023.0,0.8696,2020,https://open.spotify.com/album/1Pk1W5xbmAqG6wBNL4sjq5,https://i.scdn.co/image/ab67616d0000b273a1214ad1ca57685349932cea,fuzzy,69.47,['pop'],[],['pop'],['pop'],[],1,1,0,1.0,1.0,1,0,False
NewJeans,NewJeans,6HvZYsbFfjnjFrWF950C9d,2zYcjcNUzcgMntymoukwZR,Zero,single,2023.0,0.8696,2020,https://open.spotify.com/album/2zYcjcNUzcgMntymoukwZR,https://i.scdn.co/image/ab67616d0000b2732e31a8a740f621473d21dc75,exact,100.0,"['electronic', 'pop']","['k_pop', 'drum_n_bass', 'contemporary_r&b']","['electronic', 'pop', 'k_pop', 'drum_n_bass', 'contemporary_r&b']","['pop', 'k_pop']","['electronic', 'drum_n_bass', 'contemporary_r&b']",5,2,3,218.598,43.7196,1,0,False
NewJeans,NewJeans,6HvZYsbFfjnjFrWF950C9d,45ozep8uHHnj5CCittuyXj,NewJeans 'OMG',single,2023.0,0.8696,2020,https://open.spotify.com/album/45ozep8uHHnj5CCittuyXj,https://i.scdn.co/image/ab67616d0000b273d70036292d54f29e8b68ec01,fuzzy,78.0,"['electronic', 'pop']","['k_pop', 'contemporary_r&b', 'baltimore_club', 'bass_music']","['electronic', 'pop', 'k_pop', 'contemporary_r&b', 'baltimore_club', 'bass_music']","['pop', 'k_pop']","['electronic', 'contemporary_r&b', 'baltimore_club', 'bass_music']",6,2,4,1433.798,238.9663,1,0,False
NewJeans,NewJeans,6HvZYsbFfjnjFrWF950C9d,7bnqo1fdJU9nSfXQd3bSMe,Ditto,single,2022.0,0.8261,2020,https://open.spotify.com/album/7bnqo1fdJU9nSfXQd3bSMe,https://i.scdn.co/image/ab67616d0000b273edf5b257be1d6593e81bb45f,exact,100.0,"['electronic', 'pop']","['k_pop', 'baltimore_club', 'contemporary_r&b']","['electronic', 'pop', 'k_pop', 'baltimore_club', 'contemporary_r&b']","['pop', 'k_pop']","['electronic', 'baltimore_club', 'contemporary_r&b']",5,2,3,257.798,51.5596,1,0,False
NewJeans,NewJeans,6HvZYsbFfjnjFrWF950C9d,1HMLpmZAnNyl9pxvOnTovV,NewJeans 1st EP 'New Jeans',single,2022.0,0.8261,2020,https://open.spotify.com/album/1HMLpmZAnNyl9pxvOnTovV,https://i.scdn.co/image/ab67616d0000b2739d28fd01859073a3ae6ea209,fuzzy,78.82,"['electronic', 'funk_/_soul', 'pop']","['k_pop', 'dance_pop', 'contemporary_r&b']","['electronic', 'funk_/_soul', 'pop', 'k_pop', 'dance_pop', 'contemporary_r&b']","['pop', 'k_pop']","['electronic', 'funk_/_soul', 'dance_pop', 'contemporary_r&b']",6,2,4,49.3723,8.2287,1,0,False
STAYC,STAYC,01XYiBYaoMJcNhPokrg0l0,6eTCq3XOz0rVJnelXro3Vk,Metamorphic,album,2024.0,0.913,2020,https://open.spotify.com/album/6eTCq3XOz0rVJnelXro3Vk,https://i.scdn.co/image/ab67616d0000b2730cac27fa1830d50ff4a7a20d,exact,100.0,['pop'],['k_pop'],"['pop', 'k_pop']","['pop', 'k_pop']",[],2,2,0,2.1831,1.0916,0,1,False
STAYC,STAYC,01XYiBYaoMJcNhPokrg0l0,252AHBq3W65lTnnELHIi4y,STAYC Special Single [I WANT IT],single,2025.0,0.9565,2020,https://open.spotify.com/album/252AHBq3W65lTnnELHIi4y,https://i.scdn.co/image/ab67616d0000b27391d720ef3b7f303f98cf8821,exact,80.77,['pop'],"['k_pop', 'ballad', 'dance_pop']","['pop', 'k_pop', 'ballad', 'dance_pop']","['pop', 'k_pop']","['ballad', 'dance_pop']",4,2,2,32.5561,8.139,1,0,False
STAYC,STAYC,01XYiBYaoMJcNhPokrg0l0,5pC1tWolawhm5Ioig7hGMa,"Lover, Killer / BEBE (Japanese Ver.)",single,2025.0,0.9565,2020,https://open.spotify.com/album/5pC1tWolawhm5Ioig7hGMa,https://i.scdn.co/image/ab67616d0000b2738046721eb9dea399fe896115,exact,92.55,['pop'],"['j_pop', 'k_pop']","['pop', 'j_pop', 'k_pop']","['pop', 'k_pop']",['j_pop'],3,2,1,8.7164,2.9055,1,0,False
STAYC,STAYC,01XYiBYaoMJcNhPokrg0l0,3ERvyzb3Ar0Gmb7rgF7JXM,GPT (Japanese Ver.) / Tell Me Now,single,2024.0,0.913,2020,https://open.spotify.com/album/3ERvyzb3Ar0Gmb7rgF7JXM,https://i.scdn.co/image/ab67616d0000b273e608fb2142f4edd955d7379e,exact,100.0,['pop'],"['k_pop', 'j_pop']","['pop', 'k_pop', 'j_pop']","['pop', 'k_pop']",['j_pop'],3,2,1,8.7164,2.9055,1,0,False
STAYC,STAYC,01XYiBYaoMJcNhPokrg0l0,04zQRW9brhcUtaDHQ8SH9u,MEOW / Cheeky Icy Thang (Japanese Ver.),single,2024.0,0.913,2020,https://open.spotify.com/album/04zQRW9brhcUtaDHQ8SH9u,https://i.scdn.co/image/ab67616d0000b2735455deaf573fcc15b3f21183,exact,94.36,['pop'],"['k_pop', 'j_pop']","['pop', 'k_pop', 'j_pop']","['pop', 'k_pop']",['j_pop'],3,2,1,8.7164,2.9055,1,0,False
STAYC,STAYC,01XYiBYaoMJcNhPokrg0l0,4SPDsfJ3CigkggDigodW2L,LIT,single,2023.0,0.8696,2020,https://open.spotify.com/album/4SPDsfJ3CigkggDigodW2L,https://i.scdn.co/image/ab67616d0000b2731843adfbfa28251264ed9bc6,exact,100.0,['pop'],"['j_pop', 'k_pop']","['pop', 'j_pop', 'k_pop']","['pop', 'k_pop']",['j_pop'],3,2,1,8.7164,2.9055,1,0,False
STAYC,STAYC,01XYiBYaoMJcNhPokrg0l0,4P5wnRQTBnnjNbjt7A6S6x,TEENFRESH,single,2023.0,0.8696,2020,https://open.spotify.com/album/4P5wnRQTBnnjNbjt7A6S6x,https://i.scdn.co/image/ab67616d0000b27305f3e920cfd3ae7fe9192149,exact,100.0,['pop'],['k_pop'],"['pop', 'k_pop']","['pop', 'k_pop']",[],2,2,0,2.1831,1.0916,1,0,False
STAYC,STAYC,01XYiBYaoMJcNhPokrg0l0,5bAsWS1V3sJyZvDPXMSTUC,Teddy Bear (Japanese Ver.),single,2023.0,0.8696,2020,https://open.spotify.com/album/5bAsWS1V3sJyZvDPXMSTUC,https://i.scdn.co/image/ab67616d0000b273062ce0add787afc95374e93f,exact,87.27,['pop'],['j_pop'],"['pop', 'j_pop']",['pop'],['j_pop'],2,1,1,7.5333,3.7666,1,0,False
STAYC,STAYC,01XYiBYaoMJcNhPokrg0l0,325MEzmbNCQvjsP3oaJh4x,Teddy Bear,single,2023.0,0.8696,2020,https://open.spotify.com/album/325MEzmbNCQvjsP3oaJh4x,https://i.scdn.co/image/ab67616d0000b273ebbb6b66adf9f2392bb86733,exact,100.0,"['electronic', 'pop']","['k_pop', 'dance_pop', 'future_bass', 'bubblegum']","['electronic', 'pop', 'k_pop', 'dance_pop', 'future_bass', 'bubblegum']","['pop', 'k_pop']","['electronic', 'dance_pop', 'future_bass', 'bubblegum']",6,2,4,442.8853,73.8142,1,0,False
STAYC,STAYC,01XYiBYaoMJcNhPokrg0l0,5zjvNPacLQjzsBVDxyhuiu,Poppy (Korean Ver.),single,2023.0,0.8696,2020,https://open.spotify.com/album/5zjvNPacLQjzsBVDxyhuiu,https://i.scdn.co/image/ab67616d0000b2739ad171c61dc18335f76e1138,fuzzy,77.31,"['electronic', 'pop']","['k_pop', 'bubblegum', 'dance_pop', 'future_bass']","['electronic', 'pop', 'k_pop', 'bubblegum', 'dance_pop', 'future_bass']","['pop', 'k_pop']","['electronic', 'bubblegum', 'dance_pop', 'future_bass']",6,2,4,442.8853,73.8142,1,0,False
STAYC,STAYC,01XYiBYaoMJcNhPokrg0l0,7GAgQKzoFrEo0ijpW88se8,POPPY (Japanese Ver.),single,2022.0,0.8261,2020,https://open.spotify.com/album/7GAgQKzoFrEo0ijpW88se8,https://i.scdn.co/image/ab67616d0000b2737afb8d3b3d6129465874b6d1,fuzzy,79.57,['pop'],['j_pop'],"['pop', 'j_pop']",['pop'],['j_pop'],2,1,1,7.5333,3.7666,1,0,False
STAYC,STAYC,01XYiBYaoMJcNhPokrg0l0,04EniWu488MF6louRYafKJ,WE NEED LOVE,single,2022.0,0.8261,2020,https://open.spotify.com/album/04EniWu488MF6louRYafKJ,https://i.scdn.co/image/ab67616d0000b273c76a0146e4c1804f22cab995,exact,100.0,['pop'],"['k_pop', 'dance_pop', 'contemporary_r&b']","['pop', 'k_pop', 'dance_pop', 'contemporary_r&b']","['pop', 'k_pop']","['dance_pop', 'contemporary_r&b']",4,2,2,28.7511,7.1878,1,0,False
STAYC,STAYC,01XYiBYaoMJcNhPokrg0l0,2xPdgNkM4yIQmP7axJ1T1o,YOUNG-LUV.COM,single,2022.0,0.8261,2020,https://open.spotify.com/album/2xPdgNkM4yIQmP7axJ1T1o,https://i.scdn.co/image/ab67616d0000b2738ea860a3e6904b875629d672,exact,100.0,"['electronic', 'pop']",['k_pop'],"['electronic', 'pop', 'k_pop']","['pop', 'k_pop']",['electronic'],3,2,1,7.1243,2.3748,1,0,False
STAYC,STAYC,01XYiBYaoMJcNhPokrg0l0,7HGjNJBj1NQGNwCzFD2LHj,STEREOTYPE,single,2021.0,0.7826,2020,https://open.spotify.com/album/7HGjNJBj1NQGNwCzFD2LHj,https://i.scdn.co/image/ab67616d0000b2735c1dca4c993850471d5d8f14,exact,100.0,['pop'],['k_pop'],"['pop', 'k_pop']","['pop', 'k_pop']",[],2,2,0,2.1831,1.0916,1,0,False
STAYC,STAYC,01XYiBYaoMJcNhPokrg0l0,71hjsg660uio3Z8bnbB6fS,STAYDOM,single,2021.0,0.7826,2020,https://open.spotify.com/album/71hjsg660uio3Z8bnbB6fS,https://i.scdn.co/image/ab67616d0000b273af2fda9fb591d43c355c2ac3,exact,100.0,['pop'],['k_pop'],"['pop', 'k_pop']","['pop', 'k_pop']",[],2,2,0,2.1831,1.0916,1,0,False
TREASURE,TREASURE,3KonOYiLsU53m4yT7gNotP,26fSKnWlEA0pohjSLBfeum,THE FIRST STEP : TREASURE EFFECT,album,2021.0,0.7826,2020,https://open.spotify.com/album/26fSKnWlEA0pohjSLBfeum,https://i.scdn.co/image/ab67616d0000b2736cc5bc7791e1ee008675ee5b,exact,100.0,['pop'],['j_pop'],"['pop', 'j_pop']",['pop'],['j_pop'],2,1,1,7.5333,3.7666,0,1,False
TREASURE,TREASURE,3KonOYiLsU53m4yT7gNotP,5tQDFmW8QrZdTsICpLQBTL,THE FIRST STEP : TREASURE EFFECT,album,2021.0,0.7826,2020,https://open.spotify.com/album/5tQDFmW8QrZdTsICpLQBTL,https://i.scdn.co/image/ab67616d0000b2734bb3b49ff157d01ab9896573,exact,100.0,['pop'],['j_pop'],"['pop', 'j_pop']",['pop'],['j_pop'],2,1,1,7.5333,3.7666,0,1,False
TREASURE,TREASURE,3KonOYiLsU53m4yT7gNotP,5mS5Pyn0QRGgYChDMPQGDG,REBOOT (JP SPECIAL SELECTION),single,2024.0,0.913,2020,https://open.spotify.com/album/5mS5Pyn0QRGgYChDMPQGDG,https://i.scdn.co/image/ab67616d0000b2733a9f64498cc0cf9a3ee59415,exact,80.0,"['electronic', 'hip_hop', 'pop']",['k_pop'],"['electronic', 'hip_hop', 'pop', 'k_pop']","['pop', 'k_pop']","['electronic', 'hip_hop']",4,2,2,12.1933,3.0483,1,0,False
TREASURE,TREASURE,3KonOYiLsU53m4yT7gNotP,3KDNE3XSLZWqHo1OVq55Ge,MOVE (T5),single,2023.0,0.8696,2020,https://open.spotify.com/album/3KDNE3XSLZWqHo1OVq55Ge,https://i.scdn.co/image/ab67616d0000b27322bef8193951d5d9fb399638,fuzzy,68.85,['pop'],['k_pop'],"['pop', 'k_pop']","['pop', 'k_pop']",[],2,2,0,2.1831,1.0916,1,0,False
TREASURE,TREASURE,3KonOYiLsU53m4yT7gNotP,4l5YvRcmno5RMKZCZp1j0g,THE SECOND STEP : CHAPTER TWO,single,2022.0,0.8261,2020,https://open.spotify.com/album/4l5YvRcmno5RMKZCZp1j0g,https://i.scdn.co/image/ab67616d0000b27357fa85a5c9f295d5e5b362e7,exact,100.0,"['electronic', 'hip_hop', 'pop']","['k_pop', 'dance_pop', 'pop_rap']","['electronic', 'hip_hop', 'pop', 'k_pop', 'dance_pop', 'pop_rap']","['pop', 'k_pop']","['electronic', 'hip_hop', 'dance_pop', 'pop_rap']",6,2,4,37.2876,6.2146,1,0,False
TREASURE,TREASURE,3KonOYiLsU53m4yT7gNotP,3xHLRJDP7M05Gnt4VE1TwT,THE SECOND STEP : CHAPTER ONE,single,2022.0,0.8261,2020,https://open.spotify.com/album/3xHLRJDP7M05Gnt4VE1TwT,https://i.scdn.co/image/ab67616d0000b2736b4a332d13af0c3d8c465161,exact,100.0,"['hip_hop', 'funk_/_soul', 'pop']","['k_pop', 'contemporary_r&b', 'pop_rap']","['hip_hop', 'funk_/_soul', 'pop', 'k_pop', 'contemporary_r&b', 'pop_rap']","['pop', 'k_pop']","['hip_hop', 'funk_/_soul', 'contemporary_r&b', 'pop_rap']",6,2,4,52.4058,8.7343,1,0,False
TREASURE,TREASURE,3KonOYiLsU53m4yT7gNotP,17l09k7ZDb4GYwmsIVGcRZ,THE SECOND STEP : CHAPTER ONE,single,2022.0,0.8261,2020,https://open.spotify.com/album/17l09k7ZDb4GYwmsIVGcRZ,https://i.scdn.co/image/ab67616d0000b27328be5dc3cc0bd6f2482c1d56,exact,100.0,"['hip_hop', 'funk_/_soul', 'pop']","['k_pop', 'contemporary_r&b', 'pop_rap']","['hip_hop', 'funk_/_soul', 'pop', 'k_pop', 'contemporary_r&b', 'pop_rap']","['pop', 'k_pop']","['hip_hop', 'funk_/_soul', 'contemporary_r&b', 'pop_rap']",6,2,4,52.4058,8.7343,1,0,False
TREASURE,TREASURE,3KonOYiLsU53m4yT7gNotP,6fjGlzWNub2dRFWPWrOCAr,THE FIRST STEP : CHAPTER THREE,single,2020.0,0.7391,2020,https://open.spotify.com/album/6fjGlzWNub2dRFWPWrOCAr,https://i.scdn.co/image/ab67616d0000b2735c6a1c0d6097adb5017d8064,exact,100.0,"['electronic', 'hip_hop', 'pop']",['k_pop'],"['electronic', 'hip_hop', 'pop', 'k_pop']","['pop', 'k_pop']","['electronic', 'hip_hop']",4,2,2,12.1933,3.0483,1,0,False
TREASURE,TREASURE,3KonOYiLsU53m4yT7gNotP,0j5W5CQYZk94YFydK3HO9K,THE FIRST STEP : CHAPTER TWO,single,2020.0,0.7391,2020,https://open.spotify.com/album/0j5W5CQYZk94YFydK3HO9K,https://i.scdn.co/image/ab67616d0000b27333367383c3582f616a5817df,exact,100.0,"['electronic', 'hip_hop', 'pop']",['k_pop'],"['electronic', 'hip_hop', 'pop', 'k_pop']","['pop', 'k_pop']","['electronic', 'hip_hop']",4,2,2,12.1933,3.0483,1,0,False
TREASURE,TREASURE,3KonOYiLsU53m4yT7gNotP,1eRPLg2vSNaNUfPfSjdi0Z,THE FIRST STEP : CHAPTER ONE,single,2020.0,0.7391,2020,https://open.spotify.com/album/1eRPLg2vSNaNUfPfSjdi0Z,https://i.scdn.co/image/ab67616d0000b273a46aba5c7606eaa1615e1634,exact,100.0,['pop'],['k_pop'],"['pop', 'k_pop']","['pop', 'k_pop']",[],2,2,0,2.1831,1.0916,1,0,False
WOODZ,WOODZ,6y9nlaoynxSvoTGY09Vdcy,4b2SRu119PeGbPd4LEC0fs,Archive. 1,album,2026.0,1.0,2020,https://open.spotify.com/album/4b2SRu119PeGbPd4LEC0fs,https://i.scdn.co/image/ab67616d0000b273581f90eb883308fbbdc3eab7,exact,81.43,['rock'],['k-rock'],"['rock', 'k-rock']",[],"['rock', 'k-rock']",2,0,2,64.1872,32.0936,0,1,False
WOODZ,WOODZ,6y9nlaoynxSvoTGY09Vdcy,06isIi4cIfsaH8ot5UoRD4,OO-LI,single,2023.0,0.8696,2020,https://open.spotify.com/album/06isIi4cIfsaH8ot5UoRD4,https://i.scdn.co/image/ab67616d0000b273e87a41550ee1b24be3e6e1fb,exact,92.5,['pop'],['k_pop'],"['pop', 'k_pop']","['pop', 'k_pop']",[],2,2,0,2.1831,1.0916,1,0,False
WOODZ,WOODZ,6y9nlaoynxSvoTGY09Vdcy,2A3y4U3r7xzgicuJYisnOe,COLORFUL TRAUMA,single,2022.0,0.8261,2020,https://open.spotify.com/album/2A3y4U3r7xzgicuJYisnOe,https://i.scdn.co/image/ab67616d0000b2734c7a7f59fd34481966accd3a,exact,92.5,['pop'],['k_pop'],"['pop', 'k_pop']","['pop', 'k_pop']",[],2,2,0,2.1831,1.0916,1,0,False
WOODZ,WOODZ,6y9nlaoynxSvoTGY09Vdcy,1u9nYBB0Qw5jyjkexe9Xk6,ONLY LOVERS LEFT,single,2021.0,0.7826,2020,https://open.spotify.com/album/1u9nYBB0Qw5jyjkexe9Xk6,https://i.scdn.co/image/ab67616d0000b27313c7ec185ab6a91063428584,exact,92.5,"['rock', 'pop']",['k_pop'],"['rock', 'pop', 'k_pop']","['pop', 'k_pop']",['rock'],3,2,1,22.8147,7.6049,1,0,False
WOODZ,WOODZ,6y9nlaoynxSvoTGY09Vdcy,5FCXsnwWOFHbdIR13XYONv,SET,single,2021.0,0.7826,2020,https://open.spotify.com/album/5FCXsnwWOFHbdIR13XYONv,https://i.scdn.co/image/ab67616d0000b273f0b6199fa3a9acfec0ccc4a3,exact,92.5,['pop'],['k_pop'],"['pop', 'k_pop']","['pop', 'k_pop']",[],2,2,0,2.1831,1.0916,1,0,False
WOODZ,WOODZ,6y9nlaoynxSvoTGY09Vdcy,1xePRzth6GdopKatnIwCxk,WOOPS!,single,2020.0,0.7391,2020,https://open.spotify.com/album/1xePRzth6GdopKatnIwCxk,https://i.scdn.co/image/ab67616d0000b273f353e2849e3bfc13dbdee6d1,exact,92.5,['pop'],['k_pop'],"['pop', 'k_pop']","['pop', 'k_pop']",[],2,2,0,2.1831,1.0916,1,0,False
WOODZ,WOODZ,6y9nlaoynxSvoTGY09Vdcy,0igEO1O1Uh5Cl9ymTaAMYG,EQUAL,single,2020.0,0.7391,2020,https://open.spotify.com/album/0igEO1O1Uh5Cl9ymTaAMYG,https://i.scdn.co/image/ab67616d0000b2733a2229a99d581e14728ee9ca,exact,92.5,['pop'],['k_pop'],"['pop', 'k_pop']","['pop', 'k_pop']",[],2,2,0,2.1831,1.0916,1,0,False
WONHO,WONHO,6pC3vnUgNVITdYMMXefi6D,6xwwk8iEemDRT8eOcg3rOM,Syndrome,album,2025.0,0.9565,2020,https://open.spotify.com/album/6xwwk8iEemDRT8eOcg3rOM,https://i.scdn.co/image/ab67616d0000b273ddbe62269a1d47ded559f18f,exact,100.0,['pop'],['k_pop'],"['pop', 'k_pop']","['pop', 'k_pop']",[],2,2,0,2.1831,1.0916,0,1,False
WONHO,WONHO,6pC3vnUgNVITdYMMXefi6D,22hyTxJM7Yk8PdsgRtCEvl,Love Synonym #2 : Right for Us,album,2021.0,0.7826,2020,https://open.spotify.com/album/22hyTxJM7Yk8PdsgRtCEvl,https://i.scdn.co/image/ab67616d0000b273ac86b547c5078f9baf5d2efd,exact,100.0,['pop'],['k_pop'],"['pop', 'k_pop']","['pop', 'k_pop']",[],2,2,0,2.1831,1.0916,0,1,False
WONHO,WONHO,6pC3vnUgNVITdYMMXefi6D,5oD1oHJgnQgNldumxwZIsX,Love Synonym #1: Right for Me,album,2020.0,0.7391,2020,https://open.spotify.com/album/5oD1oHJgnQgNldumxwZIsX,https://i.scdn.co/image/ab67616d0000b2734cc22800bd3c63a9b94ab708,exact,100.0,['pop'],['k_pop'],"['pop', 'k_pop']","['pop', 'k_pop']",[],2,2,0,2.1831,1.0916,0,1,False
WONHO,WONHO,6pC3vnUgNVITdYMMXefi6D,1iAuetaxhsYUgaoD7elfxx,Bittersweet,single,2022.0,0.8261,2020,https://open.spotify.com/album/1iAuetaxhsYUgaoD7elfxx,https://i.scdn.co/image/ab67616d0000b2733db5a65855b19cb7bfb4b8a7,exact,100.0,['pop'],['k_pop'],"['pop', 'k_pop']","['pop', 'k_pop']",[],2,2,0,2.1831,1.0916,1,0,False
WONHO,WONHO,6pC3vnUgNVITdYMMXefi6D,74l3BT5otECiPYjEuKO3fV,Don't hesitate,single,2022.0,0.8261,2020,https://open.spotify.com/album/74l3BT5otECiPYjEuKO3fV,https://i.scdn.co/image/ab67616d0000b273fffcfb4a46d0ea514080da89,exact,100.0,"['electronic', 'pop']","['k_pop', 'dance_pop', 'electro']","['electronic', 'pop', 'k_pop', 'dance_pop', 'electro']","['pop', 'k_pop']","['electronic', 'dance_pop', 'electro']",5,2,3,49.166,9.8332,1,0,False
WONHO,WONHO,6pC3vnUgNVITdYMMXefi6D,2xj3q7TVU0jrpyv6YVGzPc,Facade,single,2022.0,0.8261,2020,https://open.spotify.com/album/2xj3q7TVU0jrpyv6YVGzPc,https://i.scdn.co/image/ab67616d0000b2732d9d8170fd9bdc732a615dc2,exact,95.91,['pop'],['k_pop'],"['pop', 'k_pop']","['pop', 'k_pop']",[],2,2,0,2.1831,1.0916,1,0,False
WONHO,WONHO,6pC3vnUgNVITdYMMXefi6D,7KgsAlBnzkH1vyYluTUtUd,Obsession,single,2022.0,0.8261,2020,https://open.spotify.com/album/7KgsAlBnzkH1vyYluTUtUd,https://i.scdn.co/image/ab67616d0000b273da9dfb9e48446d18674de35a,exact,100.0,['pop'],['k_pop'],"['pop', 'k_pop']","['pop', 'k_pop']",[],2,2,0,2.1831,1.0916,1,0,False
WONHO,WONHO,6pC3vnUgNVITdYMMXefi6D,58Kno8IuAXq9Xqv5CHPxUV,ON THE WAY,single,2021.0,0.7826,2020,https://open.spotify.com/album/58Kno8IuAXq9Xqv5CHPxUV,https://i.scdn.co/image/ab67616d0000b27331e948da74c3cff3ae07a548,exact,86.94,['pop'],['j_pop'],"['pop', 'j_pop']",['pop'],['j_pop'],2,1,1,7.5333,3.7666,1,0,False
WONHO,WONHO,6pC3vnUgNVITdYMMXefi6D,3igW8KyqoRx5QCfTYJUeB9,Blue Letter,single,2021.0,0.7826,2020,https://open.spotify.com/album/3igW8KyqoRx5QCfTYJUeB9,https://i.scdn.co/image/ab67616d0000b2731141f3e2964b16153b284286,exact,95.91,['pop'],['k_pop'],"['pop', 'k_pop']","['pop', 'k_pop']",[],2,2,0,2.1831,1.0916,1,0,False
WONHO,WONHO,6pC3vnUgNVITdYMMXefi6D,3TOsznN8p731IOyFoohQ4a,Losing You,single,2020.0,0.7391,2020,https://open.spotify.com/album/3TOsznN8p731IOyFoohQ4a,https://i.scdn.co/image/ab67616d0000b27319d7f3a662ca5831f9279030,fuzzy,67.49,['pop'],['k_pop'],"['pop', 'k_pop']","['pop', 'k_pop']",[],2,2,0,2.1831,1.0916,1,0,False
B.I,B.I,0UntV1Bw2hk3fbRrm9eMP6,6kAIg4on5PAYArTdNvywdV,WONDERLAND,album,2025.0,0.9565,2020,https://open.spotify.com/album/6kAIg4on5PAYArTdNvywdV,https://i.scdn.co/image/ab67616d0000b273323731ec26a90fd621c0da38,exact,100.0,"['hip_hop', 'pop']",['k_pop'],"['hip_hop', 'pop', 'k_pop']","['pop', 'k_pop']",['hip_hop'],3,2,1,7.2521,2.4174,0,1,False
B.I,B.I,0UntV1Bw2hk3fbRrm9eMP6,20eYi4s2pkBv0GGp42sCHK,TO DIE FOR,album,2023.0,0.8696,2020,https://open.spotify.com/album/20eYi4s2pkBv0GGp42sCHK,https://i.scdn.co/image/ab67616d0000b273c1de418da8663741f287bb00,exact,100.0,['pop'],['k_pop'],"['pop', 'k_pop']","['pop', 'k_pop']",[],2,2,0,2.1831,1.0916,0,1,False
B.I,B.I,0UntV1Bw2hk3fbRrm9eMP6,0huA3mqVPsRD5unEARa64T,COSMOS,album,2021.0,0.7826,2020,https://open.spotify.com/album/0huA3mqVPsRD5unEARa64T,https://i.scdn.co/image/ab67616d0000b273db8a8a1f32f05dbf4ec201fa,exact,100.0,['pop'],['k_pop'],"['pop', 'k_pop']","['pop', 'k_pop']",[],2,2,0,2.1831,1.0916,0,1,False
B.I,B.I,0UntV1Bw2hk3fbRrm9eMP6,4ZK9zZuiaZsryNQC8NLlQu,WATERFALL,album,2021.0,0.7826,2020,https://open.spotify.com/album/4ZK9zZuiaZsryNQC8NLlQu,https://i.scdn.co/image/ab67616d0000b273a7d26c00adb1ef5de40e2594,exact,100.0,['pop'],"['rhythm_&_blues', 'k_pop']","['pop', 'rhythm_&_blues', 'k_pop']","['pop', 'k_pop']",['rhythm_&_blues'],3,2,1,100.1831,33.3944,0,1,False
JO YURI,JO YURI,3LFFf4EpKn2krneZ9vozyz,2CMx2ufebKtglecf9Q1F90,Op.22 Y-Waltz : in Minor,single,2022.0,0.8261,2020,https://open.spotify.com/album/2CMx2ufebKtglecf9Q1F90,https://i.scdn.co/image/ab67616d0000b27391fea0ad00b58cfe3835bf3d,exact,100.0,['pop'],"['k_pop', 'pop_rock', 'contemporary_r&b', 'trap']","['pop', 'k_pop', 'pop_rock', 'contemporary_r&b', 'trap']","['pop', 'k_pop']","['pop_rock', 'contemporary_r&b', 'trap']",5,2,3,134.7124,26.9425,1,0,False
JO YURI,JO YURI,3LFFf4EpKn2krneZ9vozyz,1rzf2NYL9t1iA9HE6MYYvs,Maybe,single,2022.0,0.8261,2020,https://open.spotify.com/album/1rzf2NYL9t1iA9HE6MYYvs,https://i.scdn.co/image/ab67616d0000b2730251307347935c3a33291d43,exact,100.0,"['rock', 'pop']","['k_pop', 'pop_rock']","['rock', 'pop', 'k_pop', 'pop_rock']","['pop', 'k_pop']","['rock', 'pop_rock']",4,2,2,96.3147,24.0787,1,0,False
JO YURI,JO YURI,3LFFf4EpKn2krneZ9vozyz,2WCMmZ8vXBnkVp97PzLeoA,GLASSY,single,2021.0,0.7826,2020,https://open.spotify.com/album/2WCMmZ8vXBnkVp97PzLeoA,https://i.scdn.co/image/ab67616d0000b273351ac6effa17d7780a306d24,exact,100.0,['pop'],['k_pop'],"['pop', 'k_pop']","['pop', 'k_pop']",[],2,2,0,2.1831,1.0916,1,0,False
JO YURI,JO YURI,3LFFf4EpKn2krneZ9vozyz,1Bv77lq1y1C2nEqpVMy99O,Autumn Memories,single,2021.0,0.7826,2020,https://open.spotify.com/album/1Bv77lq1y1C2nEqpVMy99O,https://i.scdn.co/image/ab67616d0000b2734b3bd1caffb707ea5bb03968,fuzzy,65.57,['pop'],['k_pop'],"['pop', 'k_pop']","['pop', 'k_pop']",[],2,2,0,2.1831,1.0916,1,0,False
YENA,YENA,49muoiIu4uea4PO8vueUNN,6gXzhQ5MYvl2Fvept2LjhP,Blooming Wings,single,2025.0,0.9565,2020,https://open.spotify.com/album/6gXzhQ5MYvl2Fvept2LjhP,https://i.scdn.co/image/ab67616d0000b273ae919e046ae2b6732963c75d,exact,95.0,['pop'],['k_pop'],"['pop', 'k_pop']","['pop', 'k_pop']",[],2,2,0,2.1831,1.0916,1,0,False
YENA,YENA,49muoiIu4uea4PO8vueUNN,6FLiJ4318RtpA5lYWJt2cL,NEMONEMO,single,2024.0,0.913,2020,https://open.spotify.com/album/6FLiJ4318RtpA5lYWJt2cL,https://i.scdn.co/image/ab67616d0000b2733fbba332beb424bb878703f6,exact,83.8,['pop'],['k_pop'],"['pop', 'k_pop']","['pop', 'k_pop']",[],2,2,0,2.1831,1.0916,1,0,False
YENA,YENA,49muoiIu4uea4PO8vueUNN,1kfvY0GjQJhhDNjTpy7xOs,GOOD MORNING,single,2024.0,0.913,2020,https://open.spotify.com/album/1kfvY0GjQJhhDNjTpy7xOs,https://i.scdn.co/image/ab67616d0000b2732b5b887414ea4f4836f55843,exact,95.0,"['rock', 'pop']",['k_pop'],"['rock', 'pop', 'k_pop']","['pop', 'k_pop']",['rock'],3,2,1,22.8147,7.6049,1,0,False
YENA,YENA,49muoiIu4uea4PO8vueUNN,3aYLtPSWEqmcLTCfM0ZYl7,HATE XX,single,2023.0,0.8696,2020,https://open.spotify.com/album/3aYLtPSWEqmcLTCfM0ZYl7,https://i.scdn.co/image/ab67616d0000b27334e26693b410ad71a7570c1e,exact,100.0,['pop'],['k_pop'],"['pop', 'k_pop']","['pop', 'k_pop']",[],2,2,0,2.1831,1.0916,1,0,False
YENA,YENA,49muoiIu4uea4PO8vueUNN,3gWIe0cTPYqrI8xIYHjten,Love War,single,2023.0,0.8696,2020,https://open.spotify.com/album/3gWIe0cTPYqrI8xIYHjten,https://i.scdn.co/image/ab67616d0000b2732f69a2a49b1c54f3eb4e2a22,exact,95.0,['pop'],['k_pop'],"['pop', 'k_pop']","['pop', 'k_pop']",[],2,2,0,2.1831,1.0916,1,0,False
YENA,YENA,49muoiIu4uea4PO8vueUNN,0lbUf1aVf8xmveSuspuNW0,SMARTPHONE,single,2022.0,0.8261,2020,https://open.spotify.com/album/0lbUf1aVf8xmveSuspuNW0,https://i.scdn.co/image/ab67616d0000b27324dba54584fecd0bf3278ac6,exact,95.0,"['rock', 'pop']",['k_pop'],"['rock', 'pop', 'k_pop']","['pop', 'k_pop']",['rock'],3,2,1,22.8147,7.6049,1,0,False
BIBI,BIBI,6UbmqUEgjLA6jAcXwbM1Z9,4OrisjS1FiGCNucXdwtd3Y,EVE: ROMANCE,album,2025.0,0.9565,2020,https://open.spotify.com/album/4OrisjS1FiGCNucXdwtd3Y,https://i.scdn.co/image/ab67616d0000b273aed0f31dcd91c3c0a4a6ca73,exact,92.73,"['hip_hop', 'pop']","['ballad', 'k_pop']","['hip_hop', 'pop', 'ballad', 'k_pop']","['pop', 'k_pop']","['hip_hop', 'ballad']",4,2,2,26.5308,6.6327,0,1,False
BIBI,BIBI,6UbmqUEgjLA6jAcXwbM1Z9,74xK1rDl1Dt3YPvAhgdet9,Lowlife Princess: Noir,album,2022.0,0.8261,2020,https://open.spotify.com/album/74xK1rDl1Dt3YPvAhgdet9,https://i.scdn.co/image/ab67616d0000b273e13defc5e52262c0ba94876d,exact,92.73,"['hip_hop', 'funk_/_soul', 'pop']","['k_pop', 'contemporary_r&b', 'alt-pop', 'pop_rap', 'trap']","['hip_hop', 'funk_/_soul', 'pop', 'k_pop', 'contemporary_r&b', 'alt-pop', 'pop_rap', 'trap']","['pop', 'k_pop']","['hip_hop', 'funk_/_soul', 'contemporary_r&b', 'alt-pop', 'pop_rap', 'trap']",8,2,6,213.5614,26.6952,0,1,False
BIBI,BIBI,6UbmqUEgjLA6jAcXwbM1Z9,4QJZzFdGz2YlPZEHAlAJ6O,Bam Yang Gang,single,2024.0,0.913,2020,https://open.spotify.com/album/4QJZzFdGz2YlPZEHAlAJ6O,https://i.scdn.co/image/ab67616d0000b273c5543b3cce74f3edafcc8f59,exact,92.73,['pop'],[],['pop'],['pop'],[],1,1,0,1.0,1.0,1,0,False
BIBI,BIBI,6UbmqUEgjLA6jAcXwbM1Z9,2MH5K8RTLoLzkpgtIYWFUe,I AM SHAMPOO,single,2023.0,0.8696,2020,https://open.spotify.com/album/2MH5K8RTLoLzkpgtIYWFUe,https://i.scdn.co/image/ab67616d0000b2737c33272427071a43294fa72f,exact,92.73,['pop'],['k_pop'],"['pop', 'k_pop']","['pop', 'k_pop']",[],2,2,0,2.1831,1.0916,1,0,False
BIBI,BIBI,6UbmqUEgjLA6jAcXwbM1Z9,2anMTjAikMd81pt7e29ARd,The Weekend,single,2021.0,0.7826,2020,https://open.spotify.com/album/2anMTjAikMd81pt7e29ARd,https://i.scdn.co/image/ab67616d0000b2733774f0c0115bc0cc77c0fc21,fuzzy,78.0,['pop'],[],['pop'],['pop'],[],1,1,0,1.0,1.0,1,0,False
BIBI,BIBI,6UbmqUEgjLA6jAcXwbM1Z9,5zWKvBlE8k6M8DeQbJ760P,I'm good at goodbyes,single,2020.0,0.7391,2020,https://open.spotify.com/album/5zWKvBlE8k6M8DeQbJ760P,https://i.scdn.co/image/ab67616d0000b273c8ce328eb27da2d083a0a142,exact,92.73,['pop'],['k_pop'],"['pop', 'k_pop']","['pop', 'k_pop']",[],2,2,0,2.1831,1.0916,1,0,False
ZEROBASEONE,ZEROBASEONE,7cjg7EkeZy3OI5o9Qthc6n,6zfGu7WflAzOzsC2Dxgu5I,NEVER SAY NEVER,album,2025.0,0.9565,2020,https://open.spotify.com/album/6zfGu7WflAzOzsC2Dxgu5I,https://i.scdn.co/image/ab67616d0000b2736b5624b6bf49a5e5da1b5ad2,exact,100.0,['pop'],['k_pop'],"['pop', 'k_pop']","['pop', 'k_pop']",[],2,2,0,2.1831,1.0916,0,1,False
ZEROBASEONE,ZEROBASEONE,7cjg7EkeZy3OI5o9Qthc6n,2IhQYBuoaZmcXRQJqwFGQg,RE-FLOW,single,2026.0,1.0,2020,https://open.spotify.com/album/2IhQYBuoaZmcXRQJqwFGQg,https://i.scdn.co/image/ab67616d0000b2730a6f02e7a3fb0fe4b0739755,exact,100.0,['pop'],['k_pop'],"['pop', 'k_pop']","['pop', 'k_pop']",[],2,2,0,2.1831,1.0916,1,0,False
ZEROBASEONE,ZEROBASEONE,7cjg7EkeZy3OI5o9Qthc6n,3bIZ5FREocfX2tLIUnnOdr,ROSES,single,2026.0,1.0,2020,https://open.spotify.com/album/3bIZ5FREocfX2tLIUnnOdr,https://i.scdn.co/image/ab67616d0000b273668e954d2ad30289cd168000,fuzzy,70.0,['pop'],['k_pop'],"['pop', 'k_pop']","['pop', 'k_pop']",[],2,2,0,2.1831,1.0916,1,0,False
ZEROBASEONE,ZEROBASEONE,7cjg7EkeZy3OI5o9Qthc6n,26SNqrN1ngsW5AaLpcgkEa,Running to Future,single,2026.0,1.0,2020,https://open.spotify.com/album/26SNqrN1ngsW5AaLpcgkEa,https://i.scdn.co/image/ab67616d0000b273be9ad1f508b52a3a97cb8ca8,fuzzy,66.25,['pop'],['k_pop'],"['pop', 'k_pop']","['pop', 'k_pop']",[],2,2,0,2.1831,1.0916,1,0,False
ZEROBASEONE,ZEROBASEONE,7cjg7EkeZy3OI5o9Qthc6n,2ZoOoykK5JDLv5yXzadQwk,ICONIK,single,2025.0,0.9565,2020,https://open.spotify.com/album/2ZoOoykK5JDLv5yXzadQwk,https://i.scdn.co/image/ab67616d0000b27375a228232977a82a01a7fc90,fuzzy,73.62,['pop'],"['j_pop', 'k_pop']","['pop', 'j_pop', 'k_pop']","['pop', 'k_pop']",['j_pop'],3,2,1,8.7164,2.9055,1,0,False
ZEROBASEONE,ZEROBASEONE,7cjg7EkeZy3OI5o9Qthc6n,5krYc99ZaA6iJOKMzISuhV,ICONIK (Japanese ver.),single,2025.0,0.9565,2020,https://open.spotify.com/album/5krYc99ZaA6iJOKMzISuhV,https://i.scdn.co/image/ab67616d0000b2732d1cc29c83ea0539e520f318,exact,85.0,['pop'],"['j_pop', 'k_pop']","['pop', 'j_pop', 'k_pop']","['pop', 'k_pop']",['j_pop'],3,2,1,8.7164,2.9055,1,0,False
ZEROBASEONE,ZEROBASEONE,7cjg7EkeZy3OI5o9Qthc6n,2SG1eu7Mayczz9708mhbYm,SLAM DUNK,single,2025.0,0.9565,2020,https://open.spotify.com/album/2SG1eu7Mayczz9708mhbYm,https://i.scdn.co/image/ab67616d0000b273f3204cce916c37214b715ef8,fuzzy,70.0,['pop'],['k_pop'],"['pop', 'k_pop']","['pop', 'k_pop']",[],2,2,0,2.1831,1.0916,1,0,False
ZEROBASEONE,ZEROBASEONE,7cjg7EkeZy3OI5o9Qthc6n,7i6ZTJn1LA0V9FDLOEIpC7,BLUE (Japanese ver.),single,2025.0,0.9565,2020,https://open.spotify.com/album/7i6ZTJn1LA0V9FDLOEIpC7,https://i.scdn.co/image/ab67616d0000b2738f497915d18f07df2f33cd30,fuzzy,73.0,['pop'],"['j_pop', 'k_pop']","['pop', 'j_pop', 'k_pop']","['pop', 'k_pop']",['j_pop'],3,2,1,8.7164,2.9055,1,0,False
ZEROBASEONE,ZEROBASEONE,7cjg7EkeZy3OI5o9Qthc6n,2aYKVVYN7aTK3HMMyQiVam,BLUE PARADISE,single,2025.0,0.9565,2020,https://open.spotify.com/album/2aYKVVYN7aTK3HMMyQiVam,https://i.scdn.co/image/ab67616d0000b273586f2906971f40312a5dd432,exact,100.0,['pop'],['k_pop'],"['pop', 'k_pop']","['pop', 'k_pop']",[],2,2,0,2.1831,1.0916,1,0,False
ZEROBASEONE,ZEROBASEONE,7cjg7EkeZy3OI5o9Qthc6n,2W4coh0YmTpCovcdoyxmGd,PREZENT,single,2025.0,0.9565,2020,https://open.spotify.com/album/2W4coh0YmTpCovcdoyxmGd,https://i.scdn.co/image/ab67616d0000b273e9b2b21aaeac424dfdfdb34a,exact,100.0,['pop'],"['k_pop', 'j_pop']","['pop', 'k_pop', 'j_pop']","['pop', 'k_pop']",['j_pop'],3,2,1,8.7164,2.9055,1,0,False
ZEROBASEONE,ZEROBASEONE,7cjg7EkeZy3OI5o9Qthc6n,2X6c4OK7DZVbEAOHTfaIfi,NOW OR NEVER,single,2025.0,0.9565,2020,https://open.spotify.com/album/2X6c4OK7DZVbEAOHTfaIfi,https://i.scdn.co/image/ab67616d0000b273a163fa8299dec18a52ceafdd,exact,81.67,['pop'],['k_pop'],"['pop', 'k_pop']","['pop', 'k_pop']",[],2,2,0,2.1831,1.0916,1,0,False
ZEROBASEONE,ZEROBASEONE,7cjg7EkeZy3OI5o9Qthc6n,4sJqg93IDEPUQlj4CwQacF,CINEMA PARADISE,single,2024.0,0.913,2020,https://open.spotify.com/album/4sJqg93IDEPUQlj4CwQacF,https://i.scdn.co/image/ab67616d0000b273744b8592af2e93eb47fdcdd6,exact,100.0,['pop'],['k_pop'],"['pop', 'k_pop']","['pop', 'k_pop']",[],2,2,0,2.1831,1.0916,1,0,False
ZEROBASEONE,ZEROBASEONE,7cjg7EkeZy3OI5o9Qthc6n,1f7EBZExZ8wFWgacxTLDdM,You had me at HELLO,single,2024.0,0.913,2020,https://open.spotify.com/album/1f7EBZExZ8wFWgacxTLDdM,https://i.scdn.co/image/ab67616d0000b273763b42c5c48630b4bb85199f,exact,100.0,['pop'],['k_pop'],"['pop', 'k_pop']","['pop', 'k_pop']",[],2,2,0,2.1831,1.0916,1,0,False
ZEROBASEONE,ZEROBASEONE,7cjg7EkeZy3OI5o9Qthc6n,0s6DjhEFFZOUSfnFmPMVIG,SWEAT,single,2024.0,0.913,2020,https://open.spotify.com/album/0s6DjhEFFZOUSfnFmPMVIG,https://i.scdn.co/image/ab67616d0000b27378361eb2fde0048517f4a7f0,fuzzy,66.25,['pop'],['k_pop'],"['pop', 'k_pop']","['pop', 'k_pop']",[],2,2,0,2.1831,1.0916,1,0,False
ZEROBASEONE,ZEROBASEONE,7cjg7EkeZy3OI5o9Qthc6n,27A3UO5hMd5WUHfw4n2NWv,ゆらゆら -運命の花-,single,2024.0,0.913,2020,https://open.spotify.com/album/27A3UO5hMd5WUHfw4n2NWv,https://i.scdn.co/image/ab67616d0000b273c761cb3bb070dfcbbcf6a0be,exact,100.0,['pop'],"['j_pop', 'k_pop']","['pop', 'j_pop', 'k_pop']","['pop', 'k_pop']",['j_pop'],3,2,1,8.7164,2.9055,1,0,False
ZEROBASEONE,ZEROBASEONE,7cjg7EkeZy3OI5o9Qthc6n,5XHHcWUt6zy1nkbzt707ys,MELTING POINT,single,2023.0,0.8696,2020,https://open.spotify.com/album/5XHHcWUt6zy1nkbzt707ys,https://i.scdn.co/image/ab67616d0000b273679d960f68492932541a032e,exact,100.0,"['electronic', 'pop']","['k_pop', 'dance_pop', 'uk_garage', 'synth-pop']","['electronic', 'pop', 'k_pop', 'dance_pop', 'uk_garage', 'synth-pop']","['pop', 'k_pop']","['electronic', 'dance_pop', 'uk_garage', 'synth-pop']",6,2,4,359.2586,59.8764,1,0,False
ZEROBASEONE,ZEROBASEONE,7cjg7EkeZy3OI5o9Qthc6n,7fV7RChHagCcKRnAaDRXuX,YOUTH IN THE SHADE,single,2023.0,0.8696,2020,https://open.spotify.com/album/7fV7RChHagCcKRnAaDRXuX,https://i.scdn.co/image/ab67616d0000b27312062f95939fd4de9def44e7,exact,100.0,"['electronic', 'pop']","['k_pop', 'dance_pop', 'drum_n_bass', 'vocal']","['electronic', 'pop', 'k_pop', 'dance_pop', 'drum_n_bass', 'vocal']","['pop', 'k_pop']","['electronic', 'dance_pop', 'drum_n_bass', 'vocal']",6,2,4,508.2186,84.7031,1,0,False
RIIZE,RIIZE,2jOm3cYujQx6o1dxuiuqaX,4YqJnxf3dYKhosGRrfoQQo,ODYSSEY - The 1st Album,album,2025.0,0.9565,2020,https://open.spotify.com/album/4YqJnxf3dYKhosGRrfoQQo,https://i.scdn.co/image/ab67616d0000b2733e81548869d4c391a4c5361f,exact,82.5,['pop'],['k_pop'],"['pop', 'k_pop']","['pop', 'k_pop']",[],2,2,0,2.1831,1.0916,0,1,False
RIIZE,RIIZE,2jOm3cYujQx6o1dxuiuqaX,23TA2tnqYnphv1MKkiS6x2,RIIZING - The 1st Mini Album,album,2024.0,0.913,2020,https://open.spotify.com/album/23TA2tnqYnphv1MKkiS6x2,https://i.scdn.co/image/ab67616d0000b273e587f2e3ec3d5f013fae7a85,fuzzy,79.09,['pop'],['k_pop'],"['pop', 'k_pop']","['pop', 'k_pop']",[],2,2,0,2.1831,1.0916,0,1,False
RIIZE,RIIZE,2jOm3cYujQx6o1dxuiuqaX,4xj1odt2gz8GbbuKopagkH,Fame,single,2025.0,0.9565,2020,https://open.spotify.com/album/4xj1odt2gz8GbbuKopagkH,https://i.scdn.co/image/ab67616d0000b2732ec85212ab5d83f8d2db6dee,exact,100.0,['pop'],['k_pop'],"['pop', 'k_pop']","['pop', 'k_pop']",[],2,2,0,2.1831,1.0916,1,0,False
RIIZE,RIIZE,2jOm3cYujQx6o1dxuiuqaX,1iatPiu9HHlD4GYtyME56A,Lucky,single,2024.0,0.913,2020,https://open.spotify.com/album/1iatPiu9HHlD4GYtyME56A,https://i.scdn.co/image/ab67616d0000b27355b92e1437c0bc7df0ddd11d,exact,100.0,['pop'],['j_pop'],"['pop', 'j_pop']",['pop'],['j_pop'],2,1,1,7.5333,3.7666,1,0,False
RIIZE,RIIZE,2jOm3cYujQx6o1dxuiuqaX,13QLqadsR7ld5XzrTslUFY,Same Key,single,2024.0,0.913,2020,https://open.spotify.com/album/13QLqadsR7ld5XzrTslUFY,https://i.scdn.co/image/ab67616d0000b2736badc00fdf29be7a0983ffd5,fuzzy,73.85,['pop'],['j_pop'],"['pop', 'j_pop']",['pop'],['j_pop'],2,1,1,7.5333,3.7666,1,0,False
RIIZE,RIIZE,2jOm3cYujQx6o1dxuiuqaX,4DdDtcluroMFPVLWFKykqk,RIIZING,single,2024.0,0.913,2020,https://open.spotify.com/album/4DdDtcluroMFPVLWFKykqk,https://i.scdn.co/image/ab67616d0000b2734a2a79b1db22f2a9f7a1bb28,exact,100.0,['pop'],['k_pop'],"['pop', 'k_pop']","['pop', 'k_pop']",[],2,2,0,2.1831,1.0916,1,0,False
RIIZE,RIIZE,2jOm3cYujQx6o1dxuiuqaX,1M6NqKR4E8SISWegTJZsWR,Impossible,single,2024.0,0.913,2020,https://open.spotify.com/album/1M6NqKR4E8SISWegTJZsWR,https://i.scdn.co/image/ab67616d0000b2737a634b92397ff085a7ac809e,exact,100.0,"['hip_hop', 'pop']",['k_pop'],"['hip_hop', 'pop', 'k_pop']","['pop', 'k_pop']",['hip_hop'],3,2,1,7.2521,2.4174,1,0,False
RIIZE,RIIZE,2jOm3cYujQx6o1dxuiuqaX,7J5utMSMvsvlTzqeF1TfQO,Siren,single,2024.0,0.913,2020,https://open.spotify.com/album/7J5utMSMvsvlTzqeF1TfQO,https://i.scdn.co/image/ab67616d0000b273090d778959ca4c14a5eac7a0,exact,100.0,"['hip_hop', 'pop']",['k_pop'],"['hip_hop', 'pop', 'k_pop']","['pop', 'k_pop']",['hip_hop'],3,2,1,7.2521,2.4174,1,0,False
RIIZE,RIIZE,2jOm3cYujQx6o1dxuiuqaX,5EkyygSUp3nVFEimo2ENdP,Love 119,single,2024.0,0.913,2020,https://open.spotify.com/album/5EkyygSUp3nVFEimo2ENdP,https://i.scdn.co/image/ab67616d0000b273adecd4ed40191f0d63f32144,exact,100.0,['pop'],['k_pop'],"['pop', 'k_pop']","['pop', 'k_pop']",[],2,2,0,2.1831,1.0916,1,0,False
RIIZE,RIIZE,2jOm3cYujQx6o1dxuiuqaX,6GVcwMhzJJlNap3l4eQSIg,SEALOOK Original Soundtrack (Pt. 1),single,2023.0,0.8696,2020,https://open.spotify.com/album/6GVcwMhzJJlNap3l4eQSIg,https://i.scdn.co/image/ab67616d0000b273e7a22202458d3dac1abfbf97,exact,100.0,"['pop', 'stage_&_screen']",['theme'],"['pop', 'stage_&_screen', 'theme']",['pop'],"['stage_&_screen', 'theme']",3,1,2,401.9091,133.9697,1,0,False
RIIZE,RIIZE,2jOm3cYujQx6o1dxuiuqaX,2vR1RvoDaZTKVrAI06VJ3c,Get A Guitar,single,2023.0,0.8696,2020,https://open.spotify.com/album/2vR1RvoDaZTKVrAI06VJ3c,https://i.scdn.co/image/ab67616d0000b2737f6288d2d67d160485820e00,exact,100.0,['pop'],['k_pop'],"['pop', 'k_pop']","['pop', 'k_pop']",[],2,2,0,2.1831,1.0916,1,0,False
RIIZE,RIIZE,2jOm3cYujQx6o1dxuiuqaX,0XDt5xgg2nI1Gqmf6isfm0,Talk Saxy,single,2023.0,0.8696,2020,https://open.spotify.com/album/0XDt5xgg2nI1Gqmf6isfm0,https://i.scdn.co/image/ab67616d0000b2739bfa24410f499f9677c1d0e3,exact,100.0,['pop'],['k_pop'],"['pop', 'k_pop']","['pop', 'k_pop']",[],2,2,0,2.1831,1.0916,1,0,False
RIIZE,RIIZE,2jOm3cYujQx6o1dxuiuqaX,4QzCT76QtPCyLinchwVt8l,Get A Guitar,single,2023.0,0.8696,2020,https://open.spotify.com/album/4QzCT76QtPCyLinchwVt8l,https://i.scdn.co/image/ab67616d0000b273ff29c0275ff15756db1eacb0,exact,100.0,['pop'],['k_pop'],"['pop', 'k_pop']","['pop', 'k_pop']",[],2,2,0,2.1831,1.0916,1,0,False
RIIZE,RIIZE,2jOm3cYujQx6o1dxuiuqaX,2oPFVwB8gXNDjVGA9wDmMT,Memories,single,2023.0,0.8696,2020,https://open.spotify.com/album/2oPFVwB8gXNDjVGA9wDmMT,https://i.scdn.co/image/ab67616d0000b273ab5a86df0ba5ce1f7a9f7b72,exact,100.0,['pop'],['k_pop'],"['pop', 'k_pop']","['pop', 'k_pop']",[],2,2,0,2.1831,1.0916,1,0,False
BABYMONSTER,BABYMONSTER,1SIocsqdEefUTE6XKGUiVS,6Lp82GTJXzgtIopT0g7N7k,DRIP,album,2024.0,0.913,2020,https://open.spotify.com/album/6Lp82GTJXzgtIopT0g7N7k,https://i.scdn.co/image/ab67616d0000b273119800c5fc88785ee3ed1524,exact,100.0,['pop'],['k_pop'],"['pop', 'k_pop']","['pop', 'k_pop']",[],2,2,0,2.1831,1.0916,0,1,False
BABYMONSTER,BABYMONSTER,1SIocsqdEefUTE6XKGUiVS,2Accppyz0p8XZaSSCIAuDK,WE GO UP,single,2025.0,0.9565,2020,https://open.spotify.com/album/2Accppyz0p8XZaSSCIAuDK,https://i.scdn.co/image/ab67616d0000b2738fbb6ffdf0fad1623c8e95f8,exact,100.0,['pop'],['k_pop'],"['pop', 'k_pop']","['pop', 'k_pop']",[],2,2,0,2.1831,1.0916,1,0,False
BABYMONSTER,BABYMONSTER,1SIocsqdEefUTE6XKGUiVS,7H2OTxkgjHasQ0M4zo7lY8,BATTER UP -JP Ver.,single,2024.0,0.913,2020,https://open.spotify.com/album/7H2OTxkgjHasQ0M4zo7lY8,https://i.scdn.co/image/ab67616d0000b273fbbc19bdfa0c01f3bfcd4428,fuzzy,68.33,"['hip_hop', 'pop']","['k_pop', 'pop_rap']","['hip_hop', 'pop', 'k_pop', 'pop_rap']","['pop', 'k_pop']","['hip_hop', 'pop_rap']",4,2,2,21.2521,5.313,1,0,False
BABYMONSTER,BABYMONSTER,1SIocsqdEefUTE6XKGUiVS,0OY9cZ5lO1htGmLYC4eX4B,FOREVER,single,2024.0,0.913,2020,https://open.spotify.com/album/0OY9cZ5lO1htGmLYC4eX4B,https://i.scdn.co/image/ab67616d0000b273da2028348097f05b50319402,exact,100.0,['pop'],['k_pop'],"['pop', 'k_pop']","['pop', 'k_pop']",[],2,2,0,2.1831,1.0916,1,0,False
BABYMONSTER,BABYMONSTER,1SIocsqdEefUTE6XKGUiVS,0eSbsl3j8jz96LC2NCLPc4,BABYMONS7ER,single,2024.0,0.913,2020,https://open.spotify.com/album/0eSbsl3j8jz96LC2NCLPc4,https://i.scdn.co/image/ab67616d0000b2734f6afc385052250c766a5683,exact,100.0,"['hip_hop', 'pop']","['k_pop', 'pop_rap']","['hip_hop', 'pop', 'k_pop', 'pop_rap']","['pop', 'k_pop']","['hip_hop', 'pop_rap']",4,2,2,21.2521,5.313,1,0,False
BABYMONSTER,BABYMONSTER,1SIocsqdEefUTE6XKGUiVS,7anlDz5EpVJ4aXmWvaSbzM,Stuck In The Middle,single,2024.0,0.913,2020,https://open.spotify.com/album/7anlDz5EpVJ4aXmWvaSbzM,https://i.scdn.co/image/ab67616d0000b273a9363a161ad54dde56f594d8,exact,100.0,"['funk_/_soul', 'pop']","['k_pop', 'contemporary_r&b']","['funk_/_soul', 'pop', 'k_pop', 'contemporary_r&b']","['pop', 'k_pop']","['funk_/_soul', 'contemporary_r&b']",4,2,2,33.3368,8.3342,1,0,False
BABYMONSTER,BABYMONSTER,1SIocsqdEefUTE6XKGUiVS,2CSQuvvt3XHLDX36O3nRv7,BATTER UP,single,2023.0,0.8696,2020,https://open.spotify.com/album/2CSQuvvt3XHLDX36O3nRv7,https://i.scdn.co/image/ab67616d0000b27324e7d3f6bcc7f5594638a4f0,exact,100.0,"['hip_hop', 'pop']","['k_pop', 'pop_rap', 'trap']","['hip_hop', 'pop', 'k_pop', 'pop_rap', 'trap']","['pop', 'k_pop']","['hip_hop', 'pop_rap', 'trap']",5,2,3,64.8077,12.9615,1,0,False
KISS OF LIFE,KISS OF LIFE,4TEK9tIkcoxib4GxT3O4ky,20GxuSxICpXyRYkoqRjthR,224,single,2025.0,0.9565,2020,https://open.spotify.com/album/20GxuSxICpXyRYkoqRjthR,https://i.scdn.co/image/ab67616d0000b273ed8f6ba97a5f0bda2b9d9306,exact,96.54,['pop'],['k_pop'],"['pop', 'k_pop']","['pop', 'k_pop']",[],2,2,0,2.1831,1.0916,1,0,False
KISS OF LIFE,KISS OF LIFE,4TEK9tIkcoxib4GxT3O4ky,4eguh1dJUXRh0IMiLKRwab,Lose Yourself,single,2024.0,0.913,2020,https://open.spotify.com/album/4eguh1dJUXRh0IMiLKRwab,https://i.scdn.co/image/ab67616d0000b27315175a3af8eb08dbc8c77a31,exact,96.54,['pop'],['k_pop'],"['pop', 'k_pop']","['pop', 'k_pop']",[],2,2,0,2.1831,1.0916,1,0,False
KISS OF LIFE,KISS OF LIFE,4TEK9tIkcoxib4GxT3O4ky,4xcIr0rkoIBPmoSPamCorO,R.E.M,single,2024.0,0.913,2020,https://open.spotify.com/album/4xcIr0rkoIBPmoSPamCorO,https://i.scdn.co/image/ab67616d0000b273b9ed5e63a1dc66a4bd6ae177,exact,100.0,['pop'],['k_pop'],"['pop', 'k_pop']","['pop', 'k_pop']",[],2,2,0,2.1831,1.0916,1,0,False
KISS OF LIFE,KISS OF LIFE,4TEK9tIkcoxib4GxT3O4ky,3p68B7ZhETVmNbOov8JcF5,Sticky,single,2024.0,0.913,2020,https://open.spotify.com/album/3p68B7ZhETVmNbOov8JcF5,https://i.scdn.co/image/ab67616d0000b2734cd7f69b85766b3d3035c27c,exact,100.0,"['funk_/_soul', 'pop']","['k_pop', 'pop_rap', 'contemporary_r&b']","['funk_/_soul', 'pop', 'k_pop', 'pop_rap', 'contemporary_r&b']","['pop', 'k_pop']","['funk_/_soul', 'pop_rap', 'contemporary_r&b']",5,2,3,47.3368,9.4674,1,0,False
KISS OF LIFE,KISS OF LIFE,4TEK9tIkcoxib4GxT3O4ky,1HfTA0xDoZ0mswFO3GB3ef,Midas Touch,single,2024.0,0.913,2020,https://open.spotify.com/album/1HfTA0xDoZ0mswFO3GB3ef,https://i.scdn.co/image/ab67616d0000b27307568782625b85282541394b,exact,100.0,"['funk_/_soul', 'pop']","['k_pop', 'contemporary_r&b']","['funk_/_soul', 'pop', 'k_pop', 'contemporary_r&b']","['pop', 'k_pop']","['funk_/_soul', 'contemporary_r&b']",4,2,2,33.3368,8.3342,1,0,False
KISS OF LIFE,KISS OF LIFE,4TEK9tIkcoxib4GxT3O4ky,6yDtQxvq1XRC7Y5qtS03Xx,Born to be XX,single,2023.0,0.8696,2020,https://open.spotify.com/album/6yDtQxvq1XRC7Y5qtS03Xx,https://i.scdn.co/image/ab67616d0000b27396d36aec71bf25f59df5cc96,exact,96.54,['pop'],['k_pop'],"['pop', 'k_pop']","['pop', 'k_pop']",[],2,2,0,2.1831,1.0916,1,0,False
KISS OF LIFE,KISS OF LIFE,4TEK9tIkcoxib4GxT3O4ky,5k34rAvlw3WV7Kh6dAZnxG,KISS OF LIFE,single,2023.0,0.8696,2020,https://open.spotify.com/album/5k34rAvlw3WV7Kh6dAZnxG,https://i.scdn.co/image/ab67616d0000b2732ff7c76b0790cd3ad63cfc0c,exact,96.54,['pop'],"['k_pop', 'contemporary_r&b', 'alt-pop']","['pop', 'k_pop', 'contemporary_r&b', 'alt-pop']","['pop', 'k_pop']","['contemporary_r&b', 'alt-pop']",4,2,2,135.2568,33.8142,1,0,False
TWS,TWS,4GgBKgxhc649frZDHcXIEz,03QRqvvQFLDaJM711Gkn03,TWS 2nd Mini Album 'SUMMER BEAT!',single,2024.0,0.913,2020,https://open.spotify.com/album/03QRqvvQFLDaJM711Gkn03,https://i.scdn.co/image/ab67616d0000b2737af38ae7cbd15c340b45f3f4,fuzzy,67.9,['pop'],['k_pop'],"['pop', 'k_pop']","['pop', 'k_pop']",[],2,2,0,2.1831,1.0916,1,0,False
BOYNEXTDOOR,BOYNEXTDOOR,4hnHLgMSOiqERWBL4jINP1,2E8hkTJKnSCv69mjVAh6hL,No Genre,album,2025.0,0.9565,2020,https://open.spotify.com/album/2E8hkTJKnSCv69mjVAh6hL,https://i.scdn.co/image/ab67616d0000b273cf33c21b065bda3fc6842c8e,exact,100.0,"['jazz', 'funk_/_soul', 'pop']","['k_pop', 'jazz-funk']","['jazz', 'funk_/_soul', 'pop', 'k_pop', 'jazz-funk']","['pop', 'k_pop']","['jazz', 'funk_/_soul', 'jazz-funk']",5,2,3,752.8631,150.5726,0,1,False
BOYNEXTDOOR,BOYNEXTDOOR,4hnHLgMSOiqERWBL4jINP1,4AvNQasUXJ4uHHmtypy6BF,19.99,album,2024.0,0.913,2020,https://open.spotify.com/album/4AvNQasUXJ4uHHmtypy6BF,https://i.scdn.co/image/ab67616d0000b27381909c1add057c602193daab,exact,100.0,['pop'],['k_pop'],"['pop', 'k_pop']","['pop', 'k_pop']",[],2,2,0,2.1831,1.0916,0,1,False
BOYNEXTDOOR,BOYNEXTDOOR,4hnHLgMSOiqERWBL4jINP1,2p5IDUbayBHcmcgSNIQx6V,HOW?,album,2024.0,0.913,2020,https://open.spotify.com/album/2p5IDUbayBHcmcgSNIQx6V,https://i.scdn.co/image/ab67616d0000b273991e46e8843796184d9606d7,exact,100.0,['pop'],['k_pop'],"['pop', 'k_pop']","['pop', 'k_pop']",[],2,2,0,2.1831,1.0916,0,1,False
BOYNEXTDOOR,BOYNEXTDOOR,4hnHLgMSOiqERWBL4jINP1,6NKAKKTVPPE85NIDY9u6QD,The Action,single,2025.0,0.9565,2020,https://open.spotify.com/album/6NKAKKTVPPE85NIDY9u6QD,https://i.scdn.co/image/ab67616d0000b273faf06fafdeefbc5c4365a0f9,exact,100.0,['pop'],['k_pop'],"['pop', 'k_pop']","['pop', 'k_pop']",[],2,2,0,2.1831,1.0916,1,0,False
BOYNEXTDOOR,BOYNEXTDOOR,4hnHLgMSOiqERWBL4jINP1,3Hs8WBB47spgGcUhtQ9rXB,"AND,",single,2024.0,0.913,2020,https://open.spotify.com/album/3Hs8WBB47spgGcUhtQ9rXB,https://i.scdn.co/image/ab67616d0000b273b50e69e8f0addd5a4ea88a56,exact,100.0,['pop'],"['j_pop', 'k_pop']","['pop', 'j_pop', 'k_pop']","['pop', 'k_pop']",['j_pop'],3,2,1,8.7164,2.9055,1,0,False
BOYNEXTDOOR,BOYNEXTDOOR,4hnHLgMSOiqERWBL4jINP1,6DvZZhY6bGqDuPbCSyZHcx,"Earth, Wind & Fire (Japanese Ver.)",single,2024.0,0.913,2020,https://open.spotify.com/album/6DvZZhY6bGqDuPbCSyZHcx,https://i.scdn.co/image/ab67616d0000b273981a6fee27acb3aaba4534a0,fuzzy,68.18,"['rock', 'pop']",['j_pop'],"['rock', 'pop', 'j_pop']",['pop'],"['rock', 'j_pop']",3,1,2,28.1649,9.3883,1,0,False
BOYNEXTDOOR,BOYNEXTDOOR,4hnHLgMSOiqERWBL4jINP1,45skMBkupbWiAxTeZ77rVa,WHY..,single,2023.0,0.8696,2020,https://open.spotify.com/album/45skMBkupbWiAxTeZ77rVa,https://i.scdn.co/image/ab67616d0000b27358ba8c8fcad9be87f72e2afe,exact,100.0,['pop'],['k_pop'],"['pop', 'k_pop']","['pop', 'k_pop']",[],2,2,0,2.1831,1.0916,1,0,False
BOYNEXTDOOR,BOYNEXTDOOR,4hnHLgMSOiqERWBL4jINP1,0wesgG3gMPRK5awyZFEPU2,WHO!,single,2023.0,0.8696,2020,https://open.spotify.com/album/0wesgG3gMPRK5awyZFEPU2,https://i.scdn.co/image/ab67616d0000b273261d204682eb8cbb07a59c2a,exact,100.0,['pop'],['k_pop'],"['pop', 'k_pop']","['pop', 'k_pop']",[],2,2,0,2.1831,1.0916,1,0,False
ILLIT,ILLIT,36cgvBn0aadzOijnjjwqMN,6wKHLrZczZAhDVsMEG4JXt,NOT CUTE ANYMORE,single,2025.0,0.9565,2020,https://open.spotify.com/album/6wKHLrZczZAhDVsMEG4JXt,https://i.scdn.co/image/ab67616d0000b2733d09075f6c7fabe9a7234cb3,exact,97.5,['pop'],['k_pop'],"['pop', 'k_pop']","['pop', 'k_pop']",[],2,2,0,2.1831,1.0916,1,0,False
ILLIT,ILLIT,36cgvBn0aadzOijnjjwqMN,6tcKWEXikmRDB9KufEHvLp,bomb,single,2025.0,0.9565,2020,https://open.spotify.com/album/6tcKWEXikmRDB9KufEHvLp,https://i.scdn.co/image/ab67616d0000b273f24755716ee6789fa094112c,exact,92.5,['pop'],['k_pop'],"['pop', 'k_pop']","['pop', 'k_pop']",[],2,2,0,2.1831,1.0916,1,0,False
ILLIT,ILLIT,36cgvBn0aadzOijnjjwqMN,7CBwpeVQ27cWwyEYjByVH1,I'LL LIKE YOU,single,2024.0,0.913,2020,https://open.spotify.com/album/7CBwpeVQ27cWwyEYjByVH1,https://i.scdn.co/image/ab67616d0000b273fc2fffae3025fbc540b98f34,exact,92.5,['pop'],['k_pop'],"['pop', 'k_pop']","['pop', 'k_pop']",[],2,2,0,2.1831,1.0916,1,0,False
ILLIT,ILLIT,36cgvBn0aadzOijnjjwqMN,6irebIc6UO8fN0jl4UlzBS,SUPER REAL ME,single,2024.0,0.913,2020,https://open.spotify.com/album/6irebIc6UO8fN0jl4UlzBS,https://i.scdn.co/image/ab67616d0000b273f037c5fb9de6c78726cb8e2c,exact,92.5,['pop'],['k_pop'],"['pop', 'k_pop']","['pop', 'k_pop']",[],2,2,0,2.1831,1.0916,1,0,False
LNGSHOT,LNGSHOT,2F4oTJOWkcD1JaTeKEa9h6,3XzKcbKfLPWSOG7BJbC98O,4SHOBOIZ MIXTAPE,album,2026.0,1.0,2020,https://open.spotify.com/album/3XzKcbKfLPWSOG7BJbC98O,https://i.scdn.co/image/ab67616d0000b2735939de3b4b0d974c3bc791ff,exact,100.0,"['hip_hop', 'funk_/_soul', 'pop']","['contemporary_r&b', 'k_pop']","['hip_hop', 'funk_/_soul', 'pop', 'contemporary_r&b', 'k_pop']","['pop', 'k_pop']","['hip_hop', 'funk_/_soul', 'contemporary_r&b']",5,2,3,38.4058,7.6812,0,1,False
LNGSHOT,LNGSHOT,2F4oTJOWkcD1JaTeKEa9h6,7z5ZIN7o44Tk8EUkm7AVar,Training Day,single,2026.0,1.0,2020,https://open.spotify.com/album/7z5ZIN7o44Tk8EUkm7AVar,https://i.scdn.co/image/ab67616d0000b273b9fcfd72373138cad8b96ede,exact,100.0,"['hip_hop', 'funk_/_soul', 'pop']","['contemporary_r&b', 'k_pop', 'trap']","['hip_hop', 'funk_/_soul', 'pop', 'contemporary_r&b', 'k_pop', 'trap']","['pop', 'k_pop']","['hip_hop', 'funk_/_soul', 'contemporary_r&b', 'trap']",6,2,4,81.9614,13.6602,1,0,False
LNGSHOT,LNGSHOT,2F4oTJOWkcD1JaTeKEa9h6,6M05ADW4mz2x07jIpIzCXR,SHOT CALLERS,single,2026.0,1.0,2020,https://open.spotify.com/album/6M05ADW4mz2x07jIpIzCXR,https://i.scdn.co/image/ab67616d0000b2739ae175cd44e09688bb7c0f4f,exact,100.0,"['hip_hop', 'funk_/_soul', 'pop']","['contemporary_r&b', 'k_pop']","['hip_hop', 'funk_/_soul', 'pop', 'contemporary_r&b', 'k_pop']","['pop', 'k_pop']","['hip_hop', 'funk_/_soul', 'contemporary_r&b']",5,2,3,38.4058,7.6812,1,0,False
LNGSHOT,LNGSHOT,2F4oTJOWkcD1JaTeKEa9h6,5y364Kj24BuuitP830bMnM,Saucin',single,2025.0,0.9565,2020,https://open.spotify.com/album/5y364Kj24BuuitP830bMnM,https://i.scdn.co/image/ab67616d0000b2737baff0c35deb8a1ce093158e,exact,100.0,"['hip_hop', 'funk_/_soul', 'pop']","['contemporary_r&b', 'k_pop']","['hip_hop', 'funk_/_soul', 'pop', 'contemporary_r&b', 'k_pop']","['pop', 'k_pop']","['hip_hop', 'funk_/_soul', 'contemporary_r&b']",5,2,3,38.4058,7.6812,1,0,False
SISTAR,SISTAR,2wTLheTmMcFCA4hdY8hZJP,1nErNFyYvHnuCYvfwrMyoz,Give It To Me,album,2013.0,0.4348,2010,https://open.spotify.com/album/1nErNFyYvHnuCYvfwrMyoz,https://i.scdn.co/image/ab67616d0000b27352d75b524e594fec397a2e88,exact,100.0,['pop'],['k_pop'],"['pop', 'k_pop']","['pop', 'k_pop']",[],2,2,0,2.1831,1.0916,0,1,False
SISTAR,SISTAR,2wTLheTmMcFCA4hdY8hZJP,3z4Df65pIKUBMpzfia7hcS,Summer Special 'Loving U',album,2012.0,0.3913,2010,https://open.spotify.com/album/3z4Df65pIKUBMpzfia7hcS,https://i.scdn.co/image/ab67616d0000b2732fb531769061923200fecdfe,exact,83.23,"['electronic', 'hip_hop', 'pop']","['rnb/swing', 'progressive_house', 'k_pop']","['electronic', 'hip_hop', 'pop', 'rnb/swing', 'progressive_house', 'k_pop']","['pop', 'k_pop']","['electronic', 'hip_hop', 'rnb/swing', 'progressive_house']",6,2,4,534.86,89.1433,0,1,False
SISTAR,SISTAR,2wTLheTmMcFCA4hdY8hZJP,44HjYZEwgtloDNyIYK4DzO,SO COOL,album,2011.0,0.3478,2010,https://open.spotify.com/album/44HjYZEwgtloDNyIYK4DzO,https://i.scdn.co/image/ab67616d0000b273e69f4d1485869fedb591b792,exact,100.0,"['hip_hop', 'pop']","['rnb/swing', 'k_pop']","['hip_hop', 'pop', 'rnb/swing', 'k_pop']","['pop', 'k_pop']","['hip_hop', 'rnb/swing']",4,2,2,137.9188,34.4797,0,1,False
SISTAR,SISTAR,2wTLheTmMcFCA4hdY8hZJP,7wxGBt2oAGDjZ9CgPhQU8C,SHAKE IT,single,2015.0,0.5217,2010,https://open.spotify.com/album/7wxGBt2oAGDjZ9CgPhQU8C,https://i.scdn.co/image/ab67616d0000b273bb2456c53306bc582b406462,exact,100.0,"['electronic', 'pop']",['k_pop'],"['electronic', 'pop', 'k_pop']","['pop', 'k_pop']",['electronic'],3,2,1,7.1243,2.3748,1,0,False
SISTAR,SISTAR,2wTLheTmMcFCA4hdY8hZJP,4pyrMQq7i9d4M8xiokWF3D,Special Album ‘SWEET & SOUR’,single,2014.0,0.4783,2010,https://open.spotify.com/album/4pyrMQq7i9d4M8xiokWF3D,https://i.scdn.co/image/ab67616d0000b273cdf6528aa5b57ecb4b319cb9,exact,82.0,['pop'],['k_pop'],"['pop', 'k_pop']","['pop', 'k_pop']",[],2,2,0,2.1831,1.0916,1,0,False
SISTAR,SISTAR,2wTLheTmMcFCA4hdY8hZJP,0SeSM1CAqu7QUkive4jCKl,TOUCH N MOVE,single,2014.0,0.4783,2010,https://open.spotify.com/album/0SeSM1CAqu7QUkive4jCKl,https://i.scdn.co/image/ab67616d0000b2733be3a6a60408608f0d33e3bc,exact,100.0,['pop'],['k_pop'],"['pop', 'k_pop']","['pop', 'k_pop']",[],2,2,0,2.1831,1.0916,1,0,False
SISTAR,SISTAR,2wTLheTmMcFCA4hdY8hZJP,5PXVRXQIPAXH0j78MfeDrV,ALONE,single,2012.0,0.3913,2010,https://open.spotify.com/album/5PXVRXQIPAXH0j78MfeDrV,https://i.scdn.co/image/ab67616d0000b273d8a007b9e0ba32eee1651227,exact,100.0,"['hip_hop', 'pop']","['rnb/swing', 'k_pop']","['hip_hop', 'pop', 'rnb/swing', 'k_pop']","['pop', 'k_pop']","['hip_hop', 'rnb/swing']",4,2,2,137.9188,34.4797,1,0,False
SISTAR,SISTAR,2wTLheTmMcFCA4hdY8hZJP,4r8SgrpHX0W7u1kT0lAULE,Shady Girl,single,2010.0,0.3043,2010,https://open.spotify.com/album/4r8SgrpHX0W7u1kT0lAULE,https://i.scdn.co/image/ab67616d0000b273e4d49af987462fa2e9ca57cf,exact,100.0,"['hip_hop', 'pop']","['rnb/swing', 'pop_rap', 'k_pop']","['hip_hop', 'pop', 'rnb/swing', 'pop_rap', 'k_pop']","['pop', 'k_pop']","['hip_hop', 'rnb/swing', 'pop_rap']",5,2,3,151.9188,30.3838,1,0,False
SISTAR,SISTAR,2wTLheTmMcFCA4hdY8hZJP,5Fk2y5wd6c6JbxEYwJ6nM3,Push Push,single,2010.0,0.3043,2010,https://open.spotify.com/album/5Fk2y5wd6c6JbxEYwJ6nM3,https://i.scdn.co/image/ab67616d0000b273d9f34689545df3bc4517a7f5,exact,100.0,['pop'],['k_pop'],"['pop', 'k_pop']","['pop', 'k_pop']",[],2,2,0,2.1831,1.0916,1,0,False
miss A,miss A,1BEohdSWSBggmO979tzRwW,01zi2Tsa9ojYgPY5Q08aUb,Hush,album,2013.0,0.4348,2010,https://open.spotify.com/album/01zi2Tsa9ojYgPY5Q08aUb,https://i.scdn.co/image/ab67616d0000b273ea4729d0fc9ab5b6f27ed20a,exact,98.57,['pop'],['k_pop'],"['pop', 'k_pop']","['pop', 'k_pop']",[],2,2,0,2.1831,1.0916,0,1,False
miss A,miss A,1BEohdSWSBggmO979tzRwW,5Nq0GIIfrsCnUPx4Ayej1c,A Class,album,2011.0,0.3478,2010,https://open.spotify.com/album/5Nq0GIIfrsCnUPx4Ayej1c,https://i.scdn.co/image/ab67616d0000b273801b445495d4886afb7370d7,exact,98.57,['pop'],['k_pop'],"['pop', 'k_pop']","['pop', 'k_pop']",[],2,2,0,2.1831,1.0916,0,1,False
miss A,miss A,1BEohdSWSBggmO979tzRwW,66nsOtUGPFQzKxSmgCjk1c,Colors,single,2015.0,0.5217,2010,https://open.spotify.com/album/66nsOtUGPFQzKxSmgCjk1c,https://i.scdn.co/image/ab67616d0000b273d7253e454e0ede75f8a84d70,exact,93.57,['pop'],['k_pop'],"['pop', 'k_pop']","['pop', 'k_pop']",[],2,2,0,2.1831,1.0916,1,0,False
miss A,miss A,1BEohdSWSBggmO979tzRwW,2fTNwyEMfny5FZqnNwsrAq,Touch (The 4th Project Touch),single,2012.0,0.3913,2010,https://open.spotify.com/album/2fTNwyEMfny5FZqnNwsrAq,https://i.scdn.co/image/ab67616d0000b2733fb4d41813219a52e3b997dd,exact,87.95,"['electronic', 'pop']","['electro', 'k_pop']","['electronic', 'pop', 'electro', 'k_pop']","['pop', 'k_pop']","['electronic', 'electro']",4,2,2,38.0717,9.5179,1,0,False
miss A,miss A,1BEohdSWSBggmO979tzRwW,2DpKSvqILxu9JAznidcxJ9,Step Up,single,2010.0,0.3043,2010,https://open.spotify.com/album/2DpKSvqILxu9JAznidcxJ9,https://i.scdn.co/image/ab67616d0000b2731198c4b6e13ea33543235548,exact,98.57,['pop'],['k_pop'],"['pop', 'k_pop']","['pop', 'k_pop']",[],2,2,0,2.1831,1.0916,1,0,False
miss A,miss A,1BEohdSWSBggmO979tzRwW,4E1VnKEiQUVxheUslKc9DX,Bad But Good,single,2010.0,0.3043,2010,https://open.spotify.com/album/4E1VnKEiQUVxheUslKc9DX,https://i.scdn.co/image/ab67616d0000b2734b675597ed6f0a763632e8c0,exact,98.57,['pop'],['k_pop'],"['pop', 'k_pop']","['pop', 'k_pop']",[],2,2,0,2.1831,1.0916,1,0,False
Apink,Apink,2uWcrwgWmZcQc3IPBs3tfU,6GeYzOIumBxJ4iF41J3KXM,HORN,album,2022.0,0.8261,2020,https://open.spotify.com/album/6GeYzOIumBxJ4iF41J3KXM,https://i.scdn.co/image/ab67616d0000b2730582560196a977f50cc8411b,exact,100.0,"['electronic', 'funk_/_soul', 'pop']","['k_pop', 'contemporary_r&b']","['electronic', 'funk_/_soul', 'pop', 'k_pop', 'contemporary_r&b']","['pop', 'k_pop']","['electronic', 'funk_/_soul', 'contemporary_r&b']",5,2,3,38.278,7.6556,0,1,False
Apink,Apink,2uWcrwgWmZcQc3IPBs3tfU,6gIu2MCKFkXziZ6GL02MsX,Dear,album,2016.0,0.5652,2010,https://open.spotify.com/album/6gIu2MCKFkXziZ6GL02MsX,https://i.scdn.co/image/ab67616d0000b2733d23f7a1c95161841f9a6cd7,fuzzy,76.36,"['funk_/_soul', 'pop']","['k_pop', 'contemporary_r&b', 'ballad']","['funk_/_soul', 'pop', 'k_pop', 'contemporary_r&b', 'ballad']","['pop', 'k_pop']","['funk_/_soul', 'contemporary_r&b', 'ballad']",5,2,3,52.6155,10.5231,0,1,False
Apink,Apink,2uWcrwgWmZcQc3IPBs3tfU,36DcKlfLytuKbpx4ELQKRf,Pink Revolution,album,2016.0,0.5652,2010,https://open.spotify.com/album/36DcKlfLytuKbpx4ELQKRf,https://i.scdn.co/image/ab67616d0000b273668a70b7d681dd83be986d40,exact,100.0,['pop'],['k_pop'],"['pop', 'k_pop']","['pop', 'k_pop']",[],2,2,0,2.1831,1.0916,0,1,False
Apink,Apink,2uWcrwgWmZcQc3IPBs3tfU,5vTLFMuLnseJIrqJx97BS4,Pink MEMORY,album,2015.0,0.5217,2010,https://open.spotify.com/album/5vTLFMuLnseJIrqJx97BS4,https://i.scdn.co/image/ab67616d0000b2734b6ca37e98d3a11038af0838,exact,100.0,"['electronic', 'pop']","['k_pop', 'synth-pop']","['electronic', 'pop', 'k_pop', 'synth-pop']","['pop', 'k_pop']","['electronic', 'synth-pop']",4,2,2,54.1643,13.5411,0,1,False
Apink,Apink,2uWcrwgWmZcQc3IPBs3tfU,5vR2VgZoh5ONYUABC9xdtF,UNE ANNEE,album,2012.0,0.3913,2010,https://open.spotify.com/album/5vR2VgZoh5ONYUABC9xdtF,https://i.scdn.co/image/ab67616d0000b2735ad854a3fd54cf46cc3afadc,exact,100.0,"['electronic', 'pop']","['k_pop', 'bubblegum', 'dance_pop']","['electronic', 'pop', 'k_pop', 'bubblegum', 'dance_pop']","['pop', 'k_pop']","['electronic', 'bubblegum', 'dance_pop']",5,2,3,148.8853,29.7771,0,1,False
Apink,Apink,2uWcrwgWmZcQc3IPBs3tfU,7gx8kFPhTKuAIWfUS8i72Z,SELF,single,2023.0,0.8696,2020,https://open.spotify.com/album/7gx8kFPhTKuAIWfUS8i72Z,https://i.scdn.co/image/ab67616d0000b27307528d3f9c29d81f289454fc,exact,100.0,['pop'],['k_pop'],"['pop', 'k_pop']","['pop', 'k_pop']",[],2,2,0,2.1831,1.0916,1,0,False
Apink,Apink,2uWcrwgWmZcQc3IPBs3tfU,49NKBZDb92AQlMFypkZRTF,LOOK,single,2020.0,0.7391,2020,https://open.spotify.com/album/49NKBZDb92AQlMFypkZRTF,https://i.scdn.co/image/ab67616d0000b2733f9deca2f7f10f28b5abcdd0,exact,100.0,"['electronic', 'pop']","['k_pop', 'dance_pop', 'ballad']","['electronic', 'pop', 'k_pop', 'dance_pop', 'ballad']","['pop', 'k_pop']","['electronic', 'dance_pop', 'ballad']",5,2,3,37.4973,7.4995,1,0,False
Apink,Apink,2uWcrwgWmZcQc3IPBs3tfU,51rmA7KGsWZP0lbP986qSJ,PERCENT,single,2019.0,0.6957,2010,https://open.spotify.com/album/51rmA7KGsWZP0lbP986qSJ,https://i.scdn.co/image/ab67616d0000b27333ba381e09736459efed6333,fuzzy,75.32,"['electronic', 'funk_/_soul', 'pop']","['k_pop', 'contemporary_r&b', 'synth-pop']","['electronic', 'funk_/_soul', 'pop', 'k_pop', 'contemporary_r&b', 'synth-pop']","['pop', 'k_pop']","['electronic', 'funk_/_soul', 'contemporary_r&b', 'synth-pop']",6,2,4,85.318,14.2197,1,0,False
Apink,Apink,2uWcrwgWmZcQc3IPBs3tfU,6XrOYOghCOtUlWYXxB4cAm,ONE & SIX,single,2018.0,0.6522,2010,https://open.spotify.com/album/6XrOYOghCOtUlWYXxB4cAm,https://i.scdn.co/image/ab67616d0000b2730b1f5b8d0f8cb48dbc423491,fuzzy,79.55,"['electronic', 'funk_/_soul', 'pop']","['k_pop', 'contemporary_r&b', 'dance_pop']","['electronic', 'funk_/_soul', 'pop', 'k_pop', 'contemporary_r&b', 'dance_pop']","['pop', 'k_pop']","['electronic', 'funk_/_soul', 'contemporary_r&b', 'dance_pop']",6,2,4,49.3723,8.2287,1,0,False
Apink,Apink,2uWcrwgWmZcQc3IPBs3tfU,0EnTUW7UnNsVx5aGb0CFWX,Miracle,single,2018.0,0.6522,2010,https://open.spotify.com/album/0EnTUW7UnNsVx5aGb0CFWX,https://i.scdn.co/image/ab67616d0000b273907927ab947b1d73ba4456b1,fuzzy,78.53,"['electronic', 'pop']","['k_pop', 'ballad']","['electronic', 'pop', 'k_pop', 'ballad']","['pop', 'k_pop']","['electronic', 'ballad']",4,2,2,26.403,6.6008,1,0,False
Apink,Apink,2uWcrwgWmZcQc3IPBs3tfU,4hA6wnrxDRP4hkCrwBoy44,Pink UP,single,2017.0,0.6087,2010,https://open.spotify.com/album/4hA6wnrxDRP4hkCrwBoy44,https://i.scdn.co/image/ab67616d0000b2737c6e099afcf60caf013ae8f3,exact,100.0,['pop'],['k_pop'],"['pop', 'k_pop']","['pop', 'k_pop']",[],2,2,0,2.1831,1.0916,1,0,False
Apink,Apink,2uWcrwgWmZcQc3IPBs3tfU,2sOYY3nvmSxyT5BF2p20eH,SUNDAY MONDAY (Japanese ver.),single,2015.0,0.5217,2010,https://open.spotify.com/album/2sOYY3nvmSxyT5BF2p20eH,https://i.scdn.co/image/ab67616d0000b273252c6c12e882ad3370c2f2fb,exact,90.0,"['electronic', 'pop']",['k_pop'],"['electronic', 'pop', 'k_pop']","['pop', 'k_pop']",['electronic'],3,2,1,7.1243,2.3748,1,0,False
Apink,Apink,2uWcrwgWmZcQc3IPBs3tfU,343YXEjiBkuCxEBi1AoMru,LUV (Japanese Ver.),single,2015.0,0.5217,2010,https://open.spotify.com/album/343YXEjiBkuCxEBi1AoMru,https://i.scdn.co/image/ab67616d0000b273c6de7afd336f4d474c75ac41,exact,100.0,['pop'],['j_pop'],"['pop', 'j_pop']",['pop'],['j_pop'],2,1,1,7.5333,3.7666,1,0,False
Apink,Apink,2uWcrwgWmZcQc3IPBs3tfU,6MSFLyDVzRb4GZyLoQUvbG,Mr. Chu (On Stage) [Japanese Ver.],single,2015.0,0.5217,2010,https://open.spotify.com/album/6MSFLyDVzRb4GZyLoQUvbG,https://i.scdn.co/image/ab67616d0000b273587854eb76bb5ed7a9e3f901,exact,91.4,['pop'],"['j_pop', 'k_pop']","['pop', 'j_pop', 'k_pop']","['pop', 'k_pop']",['j_pop'],3,2,1,8.7164,2.9055,1,0,False
Apink,Apink,2uWcrwgWmZcQc3IPBs3tfU,7BV2JxBA453SWGGe6ije4K,Pink LUV,single,2014.0,0.4783,2010,https://open.spotify.com/album/7BV2JxBA453SWGGe6ije4K,https://i.scdn.co/image/ab67616d0000b273a0f8219db51b71133b2f56f4,exact,100.0,['pop'],"['k_pop', 'ballad']","['pop', 'k_pop', 'ballad']","['pop', 'k_pop']",['ballad'],3,2,1,21.4618,7.1539,1,0,False
Apink,Apink,2uWcrwgWmZcQc3IPBs3tfU,5qmSePWDkXkPD8lbXqNn4q,NoNoNo,single,2014.0,0.4783,2010,https://open.spotify.com/album/5qmSePWDkXkPD8lbXqNn4q,https://i.scdn.co/image/ab67616d0000b27387244c21f77db5b9aabde0f4,exact,100.0,['pop'],"['j_pop', 'k_pop']","['pop', 'j_pop', 'k_pop']","['pop', 'k_pop']",['j_pop'],3,2,1,8.7164,2.9055,1,0,False
Apink,Apink,2uWcrwgWmZcQc3IPBs3tfU,5BrUPvAXYFeCqLKoTjSw3o,Pink Blossom,single,2014.0,0.4783,2010,https://open.spotify.com/album/5BrUPvAXYFeCqLKoTjSw3o,https://i.scdn.co/image/ab67616d0000b27359ce911310b702e7302b028b,exact,100.0,['pop'],['k_pop'],"['pop', 'k_pop']","['pop', 'k_pop']",[],2,2,0,2.1831,1.0916,1,0,False
Apink,Apink,2uWcrwgWmZcQc3IPBs3tfU,1wSSp9IzQeZnQMKwzl416C,Good Morning Baby,single,2014.0,0.4783,2010,https://open.spotify.com/album/1wSSp9IzQeZnQMKwzl416C,https://i.scdn.co/image/ab67616d0000b273b0cbcef0466b2107e397820e,fuzzy,65.8,['pop'],"['k_pop', 'ballad']","['pop', 'k_pop', 'ballad']","['pop', 'k_pop']",['ballad'],3,2,1,21.4618,7.1539,1,0,False
Apink,Apink,2uWcrwgWmZcQc3IPBs3tfU,03GKVqpdr6Fi24DeAbgDRs,Secret Garden,single,2013.0,0.4348,2010,https://open.spotify.com/album/03GKVqpdr6Fi24DeAbgDRs,https://i.scdn.co/image/ab67616d0000b273da7fe0b01f25c675433399d9,exact,100.0,"['electronic', 'pop']","['k_pop', 'dance_pop']","['electronic', 'pop', 'k_pop', 'dance_pop']","['pop', 'k_pop']","['electronic', 'dance_pop']",4,2,2,18.2186,4.5547,1,0,False
Apink,Apink,2uWcrwgWmZcQc3IPBs3tfU,19b3lwHo0nKeh11ZL2znNr,Snow Pink,single,2011.0,0.3478,2010,https://open.spotify.com/album/19b3lwHo0nKeh11ZL2znNr,https://i.scdn.co/image/ab67616d0000b2733b9801430e22f7b247f9d5e2,exact,100.0,['pop'],['k_pop'],"['pop', 'k_pop']","['pop', 'k_pop']",[],2,2,0,2.1831,1.0916,1,0,False
Apink,Apink,2uWcrwgWmZcQc3IPBs3tfU,6N7uosa9vVi6cI1LoVF64R,Seven Springs Of Apink,single,2011.0,0.3478,2010,https://open.spotify.com/album/6N7uosa9vVi6cI1LoVF64R,https://i.scdn.co/image/ab67616d0000b273444fa8c35c48fb00a3d5b75b,exact,100.0,['pop'],['k_pop'],"['pop', 'k_pop']","['pop', 'k_pop']",[],2,2,0,2.1831,1.0916,1,0,False
BTOB,BTOB,2hcsKca6hCfFMwwdbFvenJ,1Jkvz4INBT48M4HpwuwJNi,Be Together,album,2022.0,0.8261,2020,https://open.spotify.com/album/1Jkvz4INBT48M4HpwuwJNi,https://i.scdn.co/image/ab67616d0000b27311e68af28dc11acff517905b,exact,100.0,['pop'],['k_pop'],"['pop', 'k_pop']","['pop', 'k_pop']",[],2,2,0,2.1831,1.0916,0,1,False
BTOB,BTOB,2hcsKca6hCfFMwwdbFvenJ,3oXEVu3gwToJRkE2xAW44a,Brother Act.,album,2017.0,0.6087,2010,https://open.spotify.com/album/3oXEVu3gwToJRkE2xAW44a,https://i.scdn.co/image/ab67616d0000b27317477a7434c66ac5548b6ab7,exact,100.0,['pop'],"['ballad', 'k_pop']","['pop', 'ballad', 'k_pop']","['pop', 'k_pop']",['ballad'],3,2,1,21.4618,7.1539,0,1,False
BTOB,BTOB,2hcsKca6hCfFMwwdbFvenJ,4Qouc2BnpMEPLXPWlq1dir,Complete,album,2015.0,0.5217,2010,https://open.spotify.com/album/4Qouc2BnpMEPLXPWlq1dir,https://i.scdn.co/image/ab67616d0000b27308d7f0a90f59d739c276a2b6,exact,100.0,['pop'],[],['pop'],['pop'],[],1,1,0,1.0,1.0,0,1,False
BTOB,BTOB,2hcsKca6hCfFMwwdbFvenJ,6zL4ZHKGmKkzQktkjGOq1K,BTODAY,single,2025.0,0.9565,2020,https://open.spotify.com/album/6zL4ZHKGmKkzQktkjGOq1K,https://i.scdn.co/image/ab67616d0000b273cc306e8ff42d056a52e8c479,exact,100.0,['pop'],['k_pop'],"['pop', 'k_pop']","['pop', 'k_pop']",[],2,2,0,2.1831,1.0916,1,0,False
BTOB,BTOB,2hcsKca6hCfFMwwdbFvenJ,2A89O15OlbfBx1HWH7nin9,WIND AND WISH,single,2023.0,0.8696,2020,https://open.spotify.com/album/2A89O15OlbfBx1HWH7nin9,https://i.scdn.co/image/ab67616d0000b273191967f3b523f08a76ee86ad,exact,100.0,['pop'],['k_pop'],"['pop', 'k_pop']","['pop', 'k_pop']",[],2,2,0,2.1831,1.0916,1,0,False
BTOB,BTOB,2hcsKca6hCfFMwwdbFvenJ,1ZCeR7tx9wH6r89x9nExdN,Outsider,single,2021.0,0.7826,2020,https://open.spotify.com/album/1ZCeR7tx9wH6r89x9nExdN,https://i.scdn.co/image/ab67616d0000b2737f28b7ce811ad8d5650908eb,exact,90.0,['pop'],['k_pop'],"['pop', 'k_pop']","['pop', 'k_pop']",[],2,2,0,2.1831,1.0916,1,0,False
BTOB,BTOB,2hcsKca6hCfFMwwdbFvenJ,6aS3GtElkkgThSwtC9usiA,4U : OUTSIDE,single,2021.0,0.7826,2020,https://open.spotify.com/album/6aS3GtElkkgThSwtC9usiA,https://i.scdn.co/image/ab67616d0000b2739cbfec319f493499b31fba46,exact,100.0,['pop'],['k_pop'],"['pop', 'k_pop']","['pop', 'k_pop']",[],2,2,0,2.1831,1.0916,1,0,False
BTOB,BTOB,2hcsKca6hCfFMwwdbFvenJ,3qgQ4Zlq1j5zJL0DadUYU0,HOUR MOMENT,single,2018.0,0.6522,2010,https://open.spotify.com/album/3qgQ4Zlq1j5zJL0DadUYU0,https://i.scdn.co/image/481c391358112910d3cff0d53e45746e1df9d6e3,exact,100.0,['pop'],"['k_pop', 'ballad']","['pop', 'k_pop', 'ballad']","['pop', 'k_pop']",['ballad'],3,2,1,21.4618,7.1539,1,0,False
BTOB,BTOB,2hcsKca6hCfFMwwdbFvenJ,3VhPvsUFEkpIZYKD9PZMvD,Friend,single,2018.0,0.6522,2010,https://open.spotify.com/album/3VhPvsUFEkpIZYKD9PZMvD,https://i.scdn.co/image/ab67616d0000b27332674550473e643a5c1a10a4,exact,100.0,['pop'],['k_pop'],"['pop', 'k_pop']","['pop', 'k_pop']",[],2,2,0,2.1831,1.0916,1,0,False
BTOB,BTOB,2hcsKca6hCfFMwwdbFvenJ,3evVMJT25cwTuVjepBD69k,The Feeling,single,2018.0,0.6522,2010,https://open.spotify.com/album/3evVMJT25cwTuVjepBD69k,https://i.scdn.co/image/ab67616d0000b27380a31ea2bab9eb4dba188ac0,exact,100.0,['pop'],['k_pop'],"['pop', 'k_pop']","['pop', 'k_pop']",[],2,2,0,2.1831,1.0916,1,0,False
BTOB,BTOB,2hcsKca6hCfFMwwdbFvenJ,1JpC31overHSqPenjJieXv,THIS IS US,single,2018.0,0.6522,2010,https://open.spotify.com/album/1JpC31overHSqPenjJieXv,https://i.scdn.co/image/ab67616d0000b273586cc9d2c7392e760b0e7b4f,exact,100.0,['pop'],['k_pop'],"['pop', 'k_pop']","['pop', 'k_pop']",[],2,2,0,2.1831,1.0916,1,0,False
BTOB,BTOB,2hcsKca6hCfFMwwdbFvenJ,2Z46itaSULSqh5H4H90hzw,Brand new days,single,2017.0,0.6087,2010,https://open.spotify.com/album/2Z46itaSULSqh5H4H90hzw,https://i.scdn.co/image/ab67616d0000b2736988d1f0cc3a273dfeb0aa44,exact,100.0,['pop'],['j_pop'],"['pop', 'j_pop']",['pop'],['j_pop'],2,1,1,7.5333,3.7666,1,0,False
BTOB,BTOB,2hcsKca6hCfFMwwdbFvenJ,3wcB3tt4lJUAEPNxK8CT6f,MOVIE - JPN Ver. -,single,2017.0,0.6087,2010,https://open.spotify.com/album/3wcB3tt4lJUAEPNxK8CT6f,https://i.scdn.co/image/ab67616d0000b2739057fda916b233e8bf719b4e,exact,100.0,['pop'],['j_pop'],"['pop', 'j_pop']",['pop'],['j_pop'],2,1,1,7.5333,3.7666,1,0,False
BTOB,BTOB,2hcsKca6hCfFMwwdbFvenJ,36oexZYLqW8o7Y8WvDjMKW,Feel'eM,single,2017.0,0.6087,2010,https://open.spotify.com/album/36oexZYLqW8o7Y8WvDjMKW,https://i.scdn.co/image/ab67616d0000b273caa4628eb3b716d518f90feb,exact,100.0,['pop'],['k_pop'],"['pop', 'k_pop']","['pop', 'k_pop']",[],2,2,0,2.1831,1.0916,1,0,False
BTOB,BTOB,2hcsKca6hCfFMwwdbFvenJ,43HdrLwX5sr7sd1dUdL4aX,NEW MEN,single,2016.0,0.5652,2010,https://open.spotify.com/album/43HdrLwX5sr7sd1dUdL4aX,https://i.scdn.co/image/ab67616d0000b27332d2a65e2982a93a6665d86b,exact,100.0,['pop'],['k_pop'],"['pop', 'k_pop']","['pop', 'k_pop']",[],2,2,0,2.1831,1.0916,1,0,False
BTOB,BTOB,2hcsKca6hCfFMwwdbFvenJ,7cbcoKleBEehW3nnPDVpzM,Let's go,single,2016.0,0.5652,2010,https://open.spotify.com/album/7cbcoKleBEehW3nnPDVpzM,https://i.scdn.co/image/ab67616d0000b2732d5fc336a8f782632884e5fe,exact,100.0,['pop'],['k_pop'],"['pop', 'k_pop']","['pop', 'k_pop']",[],2,2,0,2.1831,1.0916,1,0,False
BTOB,BTOB,2hcsKca6hCfFMwwdbFvenJ,36ZZ8yUZc2Tvq7fa2px9Wc,L.U.V,single,2016.0,0.5652,2010,https://open.spotify.com/album/36ZZ8yUZc2Tvq7fa2px9Wc,https://i.scdn.co/image/ab67616d0000b273fc5d998fe845bf2eeec50e30,exact,100.0,['pop'],[],['pop'],['pop'],[],1,1,0,1.0,1.0,1,0,False
BTOB,BTOB,2hcsKca6hCfFMwwdbFvenJ,27SlZJMs4GzK6CwyHQQvLH,Remember that,single,2016.0,0.5652,2010,https://open.spotify.com/album/27SlZJMs4GzK6CwyHQQvLH,https://i.scdn.co/image/ab67616d0000b273eacd9ddbc86f245b9b65e134,exact,100.0,['pop'],['k_pop'],"['pop', 'k_pop']","['pop', 'k_pop']",[],2,2,0,2.1831,1.0916,1,0,False
BTOB,BTOB,2hcsKca6hCfFMwwdbFvenJ,7C222QaoXEhJ2I6wLteRhd,Dear Bride,single,2016.0,0.5652,2010,https://open.spotify.com/album/7C222QaoXEhJ2I6wLteRhd,https://i.scdn.co/image/ab67616d0000b273dd284126eeb7a39a03712ac5,exact,100.0,['pop'],[],['pop'],['pop'],[],1,1,0,1.0,1.0,1,0,False
BTOB,BTOB,2hcsKca6hCfFMwwdbFvenJ,2SSsz0XFUeTYZfGWRLFswR,I Mean,single,2015.0,0.5217,2010,https://open.spotify.com/album/2SSsz0XFUeTYZfGWRLFswR,https://i.scdn.co/image/ab67616d0000b273a0f85f45051b9cf2790ce175,exact,100.0,['pop'],"['k_pop', 'ballad']","['pop', 'k_pop', 'ballad']","['pop', 'k_pop']",['ballad'],3,2,1,21.4618,7.1539,1,0,False
BTOB,BTOB,2hcsKca6hCfFMwwdbFvenJ,4ESyJJyMMstizACqeys9cW,MY GIRL,single,2015.0,0.5217,2010,https://open.spotify.com/album/4ESyJJyMMstizACqeys9cW,https://i.scdn.co/image/ab67616d0000b273ffd7760c6eb2f9a2d760ecbd,exact,97.06,['pop'],['k_pop'],"['pop', 'k_pop']","['pop', 'k_pop']",[],2,2,0,2.1831,1.0916,1,0,False
BTOB,BTOB,2hcsKca6hCfFMwwdbFvenJ,0vnzSLhcg7t1v2FZxzo0OP,未来（あした）,single,2015.0,0.5217,2010,https://open.spotify.com/album/0vnzSLhcg7t1v2FZxzo0OP,https://i.scdn.co/image/ab67616d0000b273372e2db640c4142332b26a9c,exact,100.0,['pop'],['j_pop'],"['pop', 'j_pop']",['pop'],['j_pop'],2,1,1,7.5333,3.7666,1,0,False
BTOB,BTOB,2hcsKca6hCfFMwwdbFvenJ,1WrPy47aE3pCJvrHYjJ33v,The Winter's Tale,single,2014.0,0.4783,2010,https://open.spotify.com/album/1WrPy47aE3pCJvrHYjJ33v,https://i.scdn.co/image/ab67616d0000b27352b3f88b3a587e14b9f7e67c,exact,100.0,['pop'],"['k_pop', 'holiday']","['pop', 'k_pop', 'holiday']","['pop', 'k_pop']",['holiday'],3,2,1,170.1831,56.7277,1,0,False
BTOB,BTOB,2hcsKca6hCfFMwwdbFvenJ,6S2vAWIKE3rbU2G5FKAZYu,WOW (JPN ver.),single,2014.0,0.4783,2010,https://open.spotify.com/album/6S2vAWIKE3rbU2G5FKAZYu,https://i.scdn.co/image/ab67616d0000b27308ba1411058dc192c6a5c0dc,exact,100.0,['pop'],['j_pop'],"['pop', 'j_pop']",['pop'],['j_pop'],2,1,1,7.5333,3.7666,1,0,False
BTOB,BTOB,2hcsKca6hCfFMwwdbFvenJ,72uVHK9xFhgjI1rLiV23cz,Move,single,2014.0,0.4783,2010,https://open.spotify.com/album/72uVHK9xFhgjI1rLiV23cz,https://i.scdn.co/image/ab67616d0000b2733c653f14c82b9289ab290c33,exact,100.0,['pop'],['k_pop'],"['pop', 'k_pop']","['pop', 'k_pop']",[],2,2,0,2.1831,1.0916,1,0,False
BTOB,BTOB,2hcsKca6hCfFMwwdbFvenJ,5gUUDM4y3rk2Xohgc2HYtr,Thriller,single,2013.0,0.4348,2010,https://open.spotify.com/album/5gUUDM4y3rk2Xohgc2HYtr,https://i.scdn.co/image/ab67616d0000b2739053c38055ab78b53ed690b8,exact,100.0,['pop'],['k_pop'],"['pop', 'k_pop']","['pop', 'k_pop']",[],2,2,0,2.1831,1.0916,1,0,False
BTOB,BTOB,2hcsKca6hCfFMwwdbFvenJ,37qwQFW0AB3WMmFwEhC8xN,Second confession,single,2013.0,0.4348,2010,https://open.spotify.com/album/37qwQFW0AB3WMmFwEhC8xN,https://i.scdn.co/image/ab67616d0000b273a64c7a1b749aabc1c0aeaa16,exact,100.0,['pop'],['k_pop'],"['pop', 'k_pop']","['pop', 'k_pop']",[],2,2,0,2.1831,1.0916,1,0,False
BTOB,BTOB,2hcsKca6hCfFMwwdbFvenJ,2umEcxQ6ifyPQrjNRfSSvm,Press Play,single,2012.0,0.3913,2010,https://open.spotify.com/album/2umEcxQ6ifyPQrjNRfSSvm,https://i.scdn.co/image/ab67616d0000b273bf100128af1ab7a0227a677e,exact,100.0,['pop'],['k_pop'],"['pop', 'k_pop']","['pop', 'k_pop']",[],2,2,0,2.1831,1.0916,1,0,False
BTOB,BTOB,2hcsKca6hCfFMwwdbFvenJ,4QMA0xeMoonpuJrf6hplp7,Love Virus,single,2012.0,0.3913,2010,https://open.spotify.com/album/4QMA0xeMoonpuJrf6hplp7,https://i.scdn.co/image/ab67616d0000b27366d3cf7f740adab0d6165823,exact,100.0,['pop'],['k_pop'],"['pop', 'k_pop']","['pop', 'k_pop']",[],2,2,0,2.1831,1.0916,1,0,False
BTOB,BTOB,2hcsKca6hCfFMwwdbFvenJ,10hkSt2N0p4S0P6ErMndBo,Born TO Beat (Asia Special Edition),single,2012.0,0.3913,2010,https://open.spotify.com/album/10hkSt2N0p4S0P6ErMndBo,https://i.scdn.co/image/ab67616d0000b273d529e7f66df01b6c64143bce,exact,100.0,['pop'],['k_pop'],"['pop', 'k_pop']","['pop', 'k_pop']",[],2,2,0,2.1831,1.0916,1,0,False
BTOB,BTOB,2hcsKca6hCfFMwwdbFvenJ,7358aJ85g38i5WqJKEnViN,Born TO Beat,single,2012.0,0.3913,2010,https://open.spotify.com/album/7358aJ85g38i5WqJKEnViN,https://i.scdn.co/image/ab67616d0000b273087876deb462836b3c32b3c2,exact,100.0,['pop'],['k_pop'],"['pop', 'k_pop']","['pop', 'k_pop']",[],2,2,0,2.1831,1.0916,1,0,False
BTOB,BTOB,2hcsKca6hCfFMwwdbFvenJ,5p8wUaDGBATauvWvMOTywW,Insane,single,2012.0,0.3913,2010,https://open.spotify.com/album/5p8wUaDGBATauvWvMOTywW,https://i.scdn.co/image/ab67616d0000b273190612638937008d3fff7cb7,exact,100.0,['pop'],['k_pop'],"['pop', 'k_pop']","['pop', 'k_pop']",[],2,2,0,2.1831,1.0916,1,0,False
Wanna One,Wanna One,2CvaqAMMsX576VBehaJ0Wx,6218cBT4YsG6kd8k8s7VQk,1¹¹=1 (POWER OF DESTINY),album,2018.0,0.6522,2010,https://open.spotify.com/album/6218cBT4YsG6kd8k8s7VQk,https://i.scdn.co/image/ab67616d0000b27331b75b59fb448efa113f6847,exact,100.0,['pop'],['k_pop'],"['pop', 'k_pop']","['pop', 'k_pop']",[],2,2,0,2.1831,1.0916,0,1,False
Wanna One,Wanna One,2CvaqAMMsX576VBehaJ0Wx,0fxMTiQG9ym37gYmIXgqG8,1-1=0 (NOTHING WITHOUT YOU),album,2017.0,0.6087,2010,https://open.spotify.com/album/0fxMTiQG9ym37gYmIXgqG8,https://i.scdn.co/image/ab67616d0000b27323bd8b27aeb3ad6d4f4339c4,exact,100.0,['pop'],['k_pop'],"['pop', 'k_pop']","['pop', 'k_pop']",[],2,2,0,2.1831,1.0916,0,1,False
Wanna One,Wanna One,2CvaqAMMsX576VBehaJ0Wx,4thFEDPIKTMxPmRSquZWDW,1÷x=1 (UNDIVIDED),single,2018.0,0.6522,2010,https://open.spotify.com/album/4thFEDPIKTMxPmRSquZWDW,https://i.scdn.co/image/ab67616d0000b27391b1a2669091c37333ec9c56,exact,100.0,['pop'],['k_pop'],"['pop', 'k_pop']","['pop', 'k_pop']",[],2,2,0,2.1831,1.0916,1,0,False
Wanna One,Wanna One,2CvaqAMMsX576VBehaJ0Wx,6r5eIpd4Qg6mArrRmyLkRQ,0+1=1 (I PROMISE YOU),single,2018.0,0.6522,2010,https://open.spotify.com/album/6r5eIpd4Qg6mArrRmyLkRQ,https://i.scdn.co/image/ab67616d0000b27309ec00b52635bf43605e5598,exact,100.0,['pop'],['k_pop'],"['pop', 'k_pop']","['pop', 'k_pop']",[],2,2,0,2.1831,1.0916,1,0,False
Wanna One,Wanna One,2CvaqAMMsX576VBehaJ0Wx,6sQ2Gukev7VHstYs30LRAu,1X1=1(TO BE ONE),single,2017.0,0.6087,2010,https://open.spotify.com/album/6sQ2Gukev7VHstYs30LRAu,https://i.scdn.co/image/ab67616d0000b273da4f7ca2899d45f442addd1c,exact,100.0,['pop'],['k_pop'],"['pop', 'k_pop']","['pop', 'k_pop']",[],2,2,0,2.1831,1.0916,1,0,False
EXID,EXID,1xs6WFotNQSXweo0GXrS0O,3VVfxqUYg5Trm9N83kmlcQ,Japan Activity Best,album,2022.0,0.8261,2020,https://open.spotify.com/album/3VVfxqUYg5Trm9N83kmlcQ,https://i.scdn.co/image/ab67616d0000b2734ec031ae47ca5f422b4f5a60,exact,91.0,['pop'],['k_pop'],"['pop', 'k_pop']","['pop', 'k_pop']",[],2,2,0,2.1831,1.0916,0,1,False
EXID,EXID,1xs6WFotNQSXweo0GXrS0O,1ugdbMIX8sPMUvlNcNCZ4P,B.L.E.S.S.E.D,album,2020.0,0.7391,2020,https://open.spotify.com/album/1ugdbMIX8sPMUvlNcNCZ4P,https://i.scdn.co/image/ab67616d0000b27381322bd95fc6881c8cef4a8f,exact,96.0,['pop'],['k_pop'],"['pop', 'k_pop']","['pop', 'k_pop']",[],2,2,0,2.1831,1.0916,0,1,False
EXID,EXID,1xs6WFotNQSXweo0GXrS0O,6Epnn9sgvvUrHdEf7JKjQb,WE,album,2019.0,0.6957,2010,https://open.spotify.com/album/6Epnn9sgvvUrHdEf7JKjQb,https://i.scdn.co/image/ab67616d0000b27393669daf6d891ee1bdd28df8,exact,96.0,['pop'],['k_pop'],"['pop', 'k_pop']","['pop', 'k_pop']",[],2,2,0,2.1831,1.0916,0,1,False
EXID,EXID,1xs6WFotNQSXweo0GXrS0O,7EHpxYuyzinzbLqjZmgsYh,TROUBLE,album,2019.0,0.6957,2010,https://open.spotify.com/album/7EHpxYuyzinzbLqjZmgsYh,https://i.scdn.co/image/ab67616d0000b273afce25c1281a3984c026d217,exact,96.0,['pop'],['k_pop'],"['pop', 'k_pop']","['pop', 'k_pop']",[],2,2,0,2.1831,1.0916,0,1,False
EXID,EXID,1xs6WFotNQSXweo0GXrS0O,54r8xseUAz0c9ORidjAKmZ,AH YEAH,album,2015.0,0.5217,2010,https://open.spotify.com/album/54r8xseUAz0c9ORidjAKmZ,https://i.scdn.co/image/ab67616d0000b27385b44ac6d4a8383ed7e88285,exact,96.0,['pop'],['k_pop'],"['pop', 'k_pop']","['pop', 'k_pop']",[],2,2,0,2.1831,1.0916,0,1,False
EXID,EXID,1xs6WFotNQSXweo0GXrS0O,5DbZBWJtKZnwCKDkMvC45q,X,single,2022.0,0.8261,2020,https://open.spotify.com/album/5DbZBWJtKZnwCKDkMvC45q,https://i.scdn.co/image/ab67616d0000b273b45a211eb100f29a848dce9a,exact,96.0,['pop'],['k_pop'],"['pop', 'k_pop']","['pop', 'k_pop']",[],2,2,0,2.1831,1.0916,1,0,False
EXID,EXID,1xs6WFotNQSXweo0GXrS0O,7y9tnqFd79dcr8w2XLumi8,Bad Girl For You,single,2019.0,0.6957,2010,https://open.spotify.com/album/7y9tnqFd79dcr8w2XLumi8,https://i.scdn.co/image/ab67616d0000b273ed5cd0779f9c514ba63efbf0,exact,96.0,['pop'],['k_pop'],"['pop', 'k_pop']","['pop', 'k_pop']",[],2,2,0,2.1831,1.0916,1,0,False
EXID,EXID,1xs6WFotNQSXweo0GXrS0O,2DRqZ1bjWDxbUxhFfrvY8c,TROUBLE,single,2019.0,0.6957,2010,https://open.spotify.com/album/2DRqZ1bjWDxbUxhFfrvY8c,https://i.scdn.co/image/ab67616d0000b273fea5dd4d88f2228ab35cdab6,exact,91.0,['pop'],['k_pop'],"['pop', 'k_pop']","['pop', 'k_pop']",[],2,2,0,2.1831,1.0916,1,0,False
EXID,EXID,1xs6WFotNQSXweo0GXrS0O,0BePiDVdS09GVoBe30WMAd,I Love You,single,2018.0,0.6522,2010,https://open.spotify.com/album/0BePiDVdS09GVoBe30WMAd,https://i.scdn.co/image/ab67616d0000b273a8507e1652f7aa0ecf288933,exact,96.0,['pop'],['k_pop'],"['pop', 'k_pop']","['pop', 'k_pop']",[],2,2,0,2.1831,1.0916,1,0,False
EXID,EXID,1xs6WFotNQSXweo0GXrS0O,7hdql29wHs1VTWxmGmm5HV,Lady,single,2018.0,0.6522,2010,https://open.spotify.com/album/7hdql29wHs1VTWxmGmm5HV,https://i.scdn.co/image/ab67616d0000b273f651b200b51238d31a0f8426,fuzzy,73.5,"['hip_hop', 'funk_/_soul', 'pop']","['contemporary_r&b', 'k_pop']","['hip_hop', 'funk_/_soul', 'pop', 'contemporary_r&b', 'k_pop']","['pop', 'k_pop']","['hip_hop', 'funk_/_soul', 'contemporary_r&b']",5,2,3,38.4058,7.6812,1,0,False
EXID,EXID,1xs6WFotNQSXweo0GXrS0O,2ejJVhXC1pgVgROMsetsUL,Full Moon,single,2017.0,0.6087,2010,https://open.spotify.com/album/2ejJVhXC1pgVgROMsetsUL,https://i.scdn.co/image/ab67616d0000b273a0e3d3643c20de294b970668,exact,91.0,['pop'],['k_pop'],"['pop', 'k_pop']","['pop', 'k_pop']",[],2,2,0,2.1831,1.0916,1,0,False
EXID,EXID,1xs6WFotNQSXweo0GXrS0O,7vZ0v0ZUX9KSCdZgCrtovy,Eclipse,single,2017.0,0.6087,2010,https://open.spotify.com/album/7vZ0v0ZUX9KSCdZgCrtovy,https://i.scdn.co/image/ab67616d0000b2730f0ee33a816d8268f431ab50,exact,91.0,['pop'],['k_pop'],"['pop', 'k_pop']","['pop', 'k_pop']",[],2,2,0,2.1831,1.0916,1,0,False
EXID,EXID,1xs6WFotNQSXweo0GXrS0O,7uKdSwxVfNUKLgxy7wjAB6,Hot Pink,single,2015.0,0.5217,2010,https://open.spotify.com/album/7uKdSwxVfNUKLgxy7wjAB6,https://i.scdn.co/image/ab67616d0000b273ccb4d7ed40a41c0d16d1dcd7,exact,96.0,['pop'],['k_pop'],"['pop', 'k_pop']","['pop', 'k_pop']",[],2,2,0,2.1831,1.0916,1,0,False
EXID,EXID,1xs6WFotNQSXweo0GXrS0O,7la6WDETq7SKDPb3RqCBg3,HIPPITY HOP,single,2012.0,0.3913,2010,https://open.spotify.com/album/7la6WDETq7SKDPb3RqCBg3,https://i.scdn.co/image/ab67616d0000b27331a92584a1546eeb9646f4c8,exact,91.0,"['electronic', 'pop']","['nu-disco', 'k_pop', 'boogie']","['electronic', 'pop', 'nu-disco', 'k_pop', 'boogie']","['pop', 'k_pop']","['electronic', 'nu-disco', 'boogie']",5,2,3,1771.1243,354.2249,1,0,False
EXID,EXID,1xs6WFotNQSXweo0GXrS0O,5fjenF2DX4V84RiZSU5Ccf,HOLLA,single,2012.0,0.3913,2010,https://open.spotify.com/album/5fjenF2DX4V84RiZSU5Ccf,https://i.scdn.co/image/ab67616d0000b2731e93409dfd37df184e98598c,exact,96.0,['pop'],['k_pop'],"['pop', 'k_pop']","['pop', 'k_pop']",[],2,2,0,2.1831,1.0916,1,0,False
NU'EST,NU'EST,1iQfn1B8V25iQoolQakyAZ,3fObIBSeJ1Cf7cxpx7f1Bs,The 2nd Album ‘Romanticize’,album,2021.0,0.7826,2020,https://open.spotify.com/album/3fObIBSeJ1Cf7cxpx7f1Bs,https://i.scdn.co/image/ab67616d0000b27328c6b21209d828c6a5c07014,exact,86.05,['pop'],['k_pop'],"['pop', 'k_pop']","['pop', 'k_pop']",[],2,2,0,2.1831,1.0916,0,1,False
NU'EST,NU'EST,1iQfn1B8V25iQoolQakyAZ,639mTWGqnCvPZ4KCXiQXHi,Bridge the World,album,2015.0,0.5217,2010,https://open.spotify.com/album/639mTWGqnCvPZ4KCXiQXHi,https://i.scdn.co/image/ab67616d0000b273b829ddc0aef124adeb129b8f,exact,100.0,['pop'],[],['pop'],['pop'],[],1,1,0,1.0,1.0,0,1,False
NU'EST,NU'EST,1iQfn1B8V25iQoolQakyAZ,16SGscvchR24GfcK6ecrgW,The Nocturne,single,2020.0,0.7391,2020,https://open.spotify.com/album/16SGscvchR24GfcK6ecrgW,https://i.scdn.co/image/ab67616d0000b273e7ef3c292ad04a42a708fee0,exact,96.54,['pop'],['k_pop'],"['pop', 'k_pop']","['pop', 'k_pop']",[],2,2,0,2.1831,1.0916,1,0,False
NU'EST,NU'EST,1iQfn1B8V25iQoolQakyAZ,3Xe14CrDVjcP5ZSbQJ1q1r,The Table,single,2019.0,0.6957,2010,https://open.spotify.com/album/3Xe14CrDVjcP5ZSbQJ1q1r,https://i.scdn.co/image/ab67616d0000b27335ffe00db67fc5cd46d703cd,exact,100.0,['pop'],['k_pop'],"['pop', 'k_pop']","['pop', 'k_pop']",[],2,2,0,2.1831,1.0916,1,0,False
NU'EST,NU'EST,1iQfn1B8V25iQoolQakyAZ,41Ai1koD5jbwDIwZsR7QxJ,The 6th Mini Album 'Happily Ever After',single,2019.0,0.6957,2010,https://open.spotify.com/album/41Ai1koD5jbwDIwZsR7QxJ,https://i.scdn.co/image/ab67616d0000b2731df7417dfb43bf145e634b77,exact,84.45,['pop'],['k_pop'],"['pop', 'k_pop']","['pop', 'k_pop']",[],2,2,0,2.1831,1.0916,1,0,False
NU'EST,NU'EST,1iQfn1B8V25iQoolQakyAZ,1yEqdlEIUIU2SBrsenDYIv,Q is.,single,2016.0,0.5652,2010,https://open.spotify.com/album/1yEqdlEIUIU2SBrsenDYIv,https://i.scdn.co/image/ab67616d0000b2730ab8f118cdafccd05838e8f0,exact,100.0,['pop'],['k_pop'],"['pop', 'k_pop']","['pop', 'k_pop']",[],2,2,0,2.1831,1.0916,1,0,False
NU'EST,NU'EST,1iQfn1B8V25iQoolQakyAZ,3fMVoCgaIKulI7Rrgqo2tJ,Access to You,single,2015.0,0.5217,2010,https://open.spotify.com/album/3fMVoCgaIKulI7Rrgqo2tJ,https://i.scdn.co/image/ab67616d0000b273aabb23ff632a6a5b50348b63,fuzzy,67.41,['pop'],[],['pop'],['pop'],[],1,1,0,1.0,1.0,1,0,False
NU'EST,NU'EST,1iQfn1B8V25iQoolQakyAZ,6mw0EQAe5mL79LXzWUx6YF,Bridge the World English ver.,single,2015.0,0.5217,2010,https://open.spotify.com/album/6mw0EQAe5mL79LXzWUx6YF,https://i.scdn.co/image/ab67616d0000b27336837eb4748664524c684bb2,fuzzy,67.73,['pop'],[],['pop'],['pop'],[],1,1,0,1.0,1.0,1,0,False
NU'EST,NU'EST,1iQfn1B8V25iQoolQakyAZ,1caxFAe1v8oLBJbxD95QRl,Cherry,single,2015.0,0.5217,2010,https://open.spotify.com/album/1caxFAe1v8oLBJbxD95QRl,https://i.scdn.co/image/ab67616d0000b27381590af032243e7a3bbab670,fuzzy,67.27,['pop'],[],['pop'],['pop'],[],1,1,0,1.0,1.0,1,0,False
NU'EST,NU'EST,1iQfn1B8V25iQoolQakyAZ,2E5DJONQ6FabzAtCa8EhSR,Bridge the World,single,2015.0,0.5217,2010,https://open.spotify.com/album/2E5DJONQ6FabzAtCa8EhSR,https://i.scdn.co/image/ab67616d0000b273dfaf98f30de06a6c399ec71e,exact,100.0,['pop'],[],['pop'],['pop'],[],1,1,0,1.0,1.0,1,0,False
NU'EST,NU'EST,1iQfn1B8V25iQoolQakyAZ,1yHaJLkBkTrZXsFpHmrWCm,NA.NA.NA.涙,single,2015.0,0.5217,2010,https://open.spotify.com/album/1yHaJLkBkTrZXsFpHmrWCm,https://i.scdn.co/image/ab67616d0000b273e283fbf756cbb9786f3449f4,exact,100.0,['pop'],"['j_pop', 'k_pop']","['pop', 'j_pop', 'k_pop']","['pop', 'k_pop']",['j_pop'],3,2,1,8.7164,2.9055,1,0,False
NU'EST,NU'EST,1iQfn1B8V25iQoolQakyAZ,2xI3yx3xK4yvoMDTX18lNA,NA.NA.NA.涙,single,2015.0,0.5217,2010,https://open.spotify.com/album/2xI3yx3xK4yvoMDTX18lNA,https://i.scdn.co/image/ab67616d0000b273f122cd699c1da51fb32e970e,exact,100.0,['pop'],"['j_pop', 'k_pop']","['pop', 'j_pop', 'k_pop']","['pop', 'k_pop']",['j_pop'],3,2,1,8.7164,2.9055,1,0,False
NU'EST,NU'EST,1iQfn1B8V25iQoolQakyAZ,7jlzbojtyoNJ5p73AD72Qt,Special Single ‘I’m Bad’,single,2015.0,0.5217,2010,https://open.spotify.com/album/7jlzbojtyoNJ5p73AD72Qt,https://i.scdn.co/image/ab67616d0000b273c5d073f31ffca2aa622dfaf8,exact,80.32,['pop'],['k_pop'],"['pop', 'k_pop']","['pop', 'k_pop']",[],2,2,0,2.1831,1.0916,1,0,False
NU'EST,NU'EST,1iQfn1B8V25iQoolQakyAZ,1j67yAycuMScpxnoRPYHd2,Shalala Ring,single,2014.0,0.4783,2010,https://open.spotify.com/album/1j67yAycuMScpxnoRPYHd2,https://i.scdn.co/image/ab67616d0000b273266188d97540383c8c3eba15,exact,100.0,['pop'],"['j_pop', 'k_pop']","['pop', 'j_pop', 'k_pop']","['pop', 'k_pop']",['j_pop'],3,2,1,8.7164,2.9055,1,0,False
NU'EST,NU'EST,1iQfn1B8V25iQoolQakyAZ,5zDepklvxHMN6mByS43YC7,Action,single,2012.0,0.3913,2010,https://open.spotify.com/album/5zDepklvxHMN6mByS43YC7,https://i.scdn.co/image/ab67616d0000b273ad906b3eb661a7b9ebd4d803,exact,100.0,['pop'],['k_pop'],"['pop', 'k_pop']","['pop', 'k_pop']",[],2,2,0,2.1831,1.0916,1,0,False
NU'EST,NU'EST,1iQfn1B8V25iQoolQakyAZ,1vUXzz3aDo87yJD55O4ohV,FACE,single,2012.0,0.3913,2010,https://open.spotify.com/album/1vUXzz3aDo87yJD55O4ohV,https://i.scdn.co/image/ab67616d0000b2735bd16fd469aa920ea56ce336,exact,100.0,['pop'],['k_pop'],"['pop', 'k_pop']","['pop', 'k_pop']",[],2,2,0,2.1831,1.0916,1,0,False
I.O.I,I.O.I,6RKnXXyprPjhBdCvL802Ku,2YyowuE62RMWFtBSa2EO7r,miss me?,single,2016.0,0.5652,2010,https://open.spotify.com/album/2YyowuE62RMWFtBSa2EO7r,https://i.scdn.co/image/ab67616d0000b273266f95f6353cb2b974f67fa7,exact,100.0,['pop'],['k_pop'],"['pop', 'k_pop']","['pop', 'k_pop']",[],2,2,0,2.1831,1.0916,1,0,False
I.O.I,I.O.I,6RKnXXyprPjhBdCvL802Ku,3qJaxYDK8GK1w6xXYZTMBv,Whatta Man (Good Man),single,2016.0,0.5652,2010,https://open.spotify.com/album/3qJaxYDK8GK1w6xXYZTMBv,https://i.scdn.co/image/ab67616d0000b273931c23394c4a9a5cc47afd7f,exact,91.03,"['electronic', 'pop']","['k_pop', 'dance_pop']","['electronic', 'pop', 'k_pop', 'dance_pop']","['pop', 'k_pop']","['electronic', 'dance_pop']",4,2,2,18.2186,4.5547,1,0,False
LOONA,LOONA,52zMTJCKluDlFwMQWmccY7,13B70JuY08wGNOMaL2Mb4e,LUMINOUS,single,2022.0,0.8261,2020,https://open.spotify.com/album/13B70JuY08wGNOMaL2Mb4e,https://i.scdn.co/image/ab67616d0000b27339b5de9e6fd22a54befec80c,exact,97.5,['pop'],"['j_pop', 'k_pop']","['pop', 'j_pop', 'k_pop']","['pop', 'k_pop']",['j_pop'],3,2,1,8.7164,2.9055,1,0,False
LOONA,LOONA,52zMTJCKluDlFwMQWmccY7,7GQdWx1bMvrbVBOtCa829d,HULA HOOP / StarSeed ～カクセイ～,single,2021.0,0.7826,2020,https://open.spotify.com/album/7GQdWx1bMvrbVBOtCa829d,https://i.scdn.co/image/ab67616d0000b273c402125dd22757d0a4769b87,exact,97.5,['pop'],"['j_pop', 'k_pop', 'city_pop']","['pop', 'j_pop', 'k_pop', 'city_pop']","['pop', 'k_pop']","['j_pop', 'city_pop']",4,2,2,400.7164,100.1791,1,0,False
LOONA,LOONA,52zMTJCKluDlFwMQWmccY7,0MD0RqL7en43L2KflRReWF,ViVi,single,2017.0,0.6087,2010,https://open.spotify.com/album/0MD0RqL7en43L2KflRReWF,https://i.scdn.co/image/ab67616d0000b2734acf312f3399a3084099e41a,fuzzy,77.14,['pop'],[],['pop'],['pop'],[],1,1,0,1.0,1.0,1,0,False
PLAVE,PLAVE,0k2zyzGq6HX383VlMBOvRG,1GhUgiGQRteSFrdB8DvXDJ,PLBBUU,single,2025.0,0.9565,2020,https://open.spotify.com/album/1GhUgiGQRteSFrdB8DvXDJ,https://i.scdn.co/image/ab67616d0000b2736d0cb5ed3f5ba5b1712e5a84,exact,100.0,"['electronic', 'hip_hop', 'funk_/_soul', 'pop']","['k_pop', 'contemporary_r&b', 'pop_rap']","['electronic', 'hip_hop', 'funk_/_soul', 'pop', 'k_pop', 'contemporary_r&b', 'pop_rap']","['pop', 'k_pop']","['electronic', 'hip_hop', 'funk_/_soul', 'contemporary_r&b', 'pop_rap']",7,2,5,57.347,8.1924,1,0,False
PLAVE,PLAVE,0k2zyzGq6HX383VlMBOvRG,6EgR5UlxMx9JksQUqR9Yep,Caligo Pt.1,single,2025.0,0.9565,2020,https://open.spotify.com/album/6EgR5UlxMx9JksQUqR9Yep,https://i.scdn.co/image/ab67616d0000b273ca59009b95be7b850357de10,exact,100.0,"['hip_hop', 'funk_/_soul', 'pop']","['k_pop', 'contemporary_r&b', 'pop_rap']","['hip_hop', 'funk_/_soul', 'pop', 'k_pop', 'contemporary_r&b', 'pop_rap']","['pop', 'k_pop']","['hip_hop', 'funk_/_soul', 'contemporary_r&b', 'pop_rap']",6,2,4,52.4058,8.7343,1,0,False
PLAVE,PLAVE,0k2zyzGq6HX383VlMBOvRG,6uDZ4HPxwnOMpykpzpylDS,ASTERUM : 134-1,single,2024.0,0.913,2020,https://open.spotify.com/album/6uDZ4HPxwnOMpykpzpylDS,https://i.scdn.co/image/ab67616d0000b273fcdc5e626e66249ead948655,exact,100.0,"['electronic', 'hip_hop', 'pop']",['k_pop'],"['electronic', 'hip_hop', 'pop', 'k_pop']","['pop', 'k_pop']","['electronic', 'hip_hop']",4,2,2,12.1933,3.0483,1,0,False
PLAVE,PLAVE,0k2zyzGq6HX383VlMBOvRG,0BlLhv46UtmO6UodMnwaYF,ASTERUM : The Shape of Things to Come,single,2023.0,0.8696,2020,https://open.spotify.com/album/0BlLhv46UtmO6UodMnwaYF,https://i.scdn.co/image/ab67616d0000b273772deb037d678ad1355262ca,exact,100.0,['pop'],['k_pop'],"['pop', 'k_pop']","['pop', 'k_pop']",[],2,2,0,2.1831,1.0916,1,0,False
PLAVE,PLAVE,0k2zyzGq6HX383VlMBOvRG,3T7Be41PixmIFH29sK3s1Z,ASTERUM,single,2023.0,0.8696,2020,https://open.spotify.com/album/3T7Be41PixmIFH29sK3s1Z,https://i.scdn.co/image/ab67616d0000b273a99b90fd4a32ab85a30e79bd,fuzzy,70.0,['pop'],['k_pop'],"['pop', 'k_pop']","['pop', 'k_pop']",[],2,2,0,2.1831,1.0916,1,0,False
KickFlip,KickFlip,6F4yXjmhQBqo6HVr6K234k,2oPgsxzvXORR8pnYv9mYdz,My First Flip,album,2025.0,0.9565,2020,https://open.spotify.com/album/2oPgsxzvXORR8pnYv9mYdz,https://i.scdn.co/image/ab67616d0000b273e5dd740b3aa8baa23cd9b991,exact,100.0,['pop'],['k_pop'],"['pop', 'k_pop']","['pop', 'k_pop']",[],2,2,0,2.1831,1.0916,0,1,False
KickFlip,KickFlip,6F4yXjmhQBqo6HVr6K234k,4BonBofCFd9r6PRTSA0blD,"Kick Out, Flip Now!",album,2025.0,0.9565,2020,https://open.spotify.com/album/4BonBofCFd9r6PRTSA0blD,https://i.scdn.co/image/ab67616d0000b2734ac6db87fcf4242621100398,exact,100.0,['pop'],['k_pop'],"['pop', 'k_pop']","['pop', 'k_pop']",[],2,2,0,2.1831,1.0916,0,1,False
KickFlip,KickFlip,6F4yXjmhQBqo6HVr6K234k,0BSrqB9raFo2dCR8jw3JPG,"Flip it, Kick it!",single,2025.0,0.9565,2020,https://open.spotify.com/album/0BSrqB9raFo2dCR8jw3JPG,https://i.scdn.co/image/ab67616d0000b273b25606ac789046e32019541b,exact,95.0,['pop'],['k_pop'],"['pop', 'k_pop']","['pop', 'k_pop']",[],2,2,0,2.1831,1.0916,1,0,False
ONEUS,ONEUS,3CVYSpM7nfHFG5qCTW7Ht9,2vapQ5AsHtSVE970EbK9i7,DEVIL,album,2021.0,0.7826,2020,https://open.spotify.com/album/2vapQ5AsHtSVE970EbK9i7,https://i.scdn.co/image/ab67616d0000b27304a21feacf2164cdd8f96bb3,exact,100.0,['pop'],['k_pop'],"['pop', 'k_pop']","['pop', 'k_pop']",[],2,2,0,2.1831,1.0916,0,1,False
ONEUS,ONEUS,3CVYSpM7nfHFG5qCTW7Ht9,549FaK4UMSSCdbxKVLWaYL,5x,single,2025.0,0.9565,2020,https://open.spotify.com/album/549FaK4UMSSCdbxKVLWaYL,https://i.scdn.co/image/ab67616d0000b273314f474072f569d889008452,exact,100.0,['pop'],['k_pop'],"['pop', 'k_pop']","['pop', 'k_pop']",[],2,2,0,2.1831,1.0916,1,0,False
ONEUS,ONEUS,3CVYSpM7nfHFG5qCTW7Ht9,4ycaoQvk5OsGiRoXP1SLq5,La Dolce Vita,single,2023.0,0.8696,2020,https://open.spotify.com/album/4ycaoQvk5OsGiRoXP1SLq5,https://i.scdn.co/image/ab67616d0000b273290eace20077b044442383d0,exact,100.0,['pop'],['k_pop'],"['pop', 'k_pop']","['pop', 'k_pop']",[],2,2,0,2.1831,1.0916,1,0,False
ONEUS,ONEUS,3CVYSpM7nfHFG5qCTW7Ht9,5NMfRjmFyNsyF0j8znCOPJ,PYGMALION,single,2023.0,0.8696,2020,https://open.spotify.com/album/5NMfRjmFyNsyF0j8znCOPJ,https://i.scdn.co/image/ab67616d0000b273e4caf24e390e70b9b8786d20,exact,100.0,['pop'],['k_pop'],"['pop', 'k_pop']","['pop', 'k_pop']",[],2,2,0,2.1831,1.0916,1,0,False
ONEUS,ONEUS,3CVYSpM7nfHFG5qCTW7Ht9,5VlLXq5wH22O8D5hBYWqAp,MALUS,single,2022.0,0.8261,2020,https://open.spotify.com/album/5VlLXq5wH22O8D5hBYWqAp,https://i.scdn.co/image/ab67616d0000b27385a9118b8e2cadf08c1f53ca,exact,100.0,['pop'],['k_pop'],"['pop', 'k_pop']","['pop', 'k_pop']",[],2,2,0,2.1831,1.0916,1,0,False
ONEUS,ONEUS,3CVYSpM7nfHFG5qCTW7Ht9,3SexPtGPRSuzvjawaByl2G,TRICKSTER,single,2022.0,0.8261,2020,https://open.spotify.com/album/3SexPtGPRSuzvjawaByl2G,https://i.scdn.co/image/ab67616d0000b273916c307457ac8b5561b95cdf,exact,100.0,['pop'],['k_pop'],"['pop', 'k_pop']","['pop', 'k_pop']",[],2,2,0,2.1831,1.0916,1,0,False
ONEUS,ONEUS,3CVYSpM7nfHFG5qCTW7Ht9,13dNmnWQVodErqAhuOzYTD,BLOOD MOON,single,2021.0,0.7826,2020,https://open.spotify.com/album/13dNmnWQVodErqAhuOzYTD,https://i.scdn.co/image/ab67616d0000b2732325e0aa6cad94d104ea055e,exact,100.0,['pop'],['k_pop'],"['pop', 'k_pop']","['pop', 'k_pop']",[],2,2,0,2.1831,1.0916,1,0,False
ONEUS,ONEUS,3CVYSpM7nfHFG5qCTW7Ht9,58Zb6pgJBAQ30slef1CoUk,BLACK MIRROR,single,2021.0,0.7826,2020,https://open.spotify.com/album/58Zb6pgJBAQ30slef1CoUk,https://i.scdn.co/image/ab67616d0000b273c4388997a771b8401043a892,exact,100.0,['pop'],['k_pop'],"['pop', 'k_pop']","['pop', 'k_pop']",[],2,2,0,2.1831,1.0916,1,0,False
ONEUS,ONEUS,3CVYSpM7nfHFG5qCTW7Ht9,3MSvgJYx3omhNpSaQUqnu5,BINARY CODE,single,2021.0,0.7826,2020,https://open.spotify.com/album/3MSvgJYx3omhNpSaQUqnu5,https://i.scdn.co/image/ab67616d0000b27395e1a12145290ca7d783eb1d,exact,100.0,['pop'],['k_pop'],"['pop', 'k_pop']","['pop', 'k_pop']",[],2,2,0,2.1831,1.0916,1,0,False
ONEUS,ONEUS,3CVYSpM7nfHFG5qCTW7Ht9,6jfUNKeSve9eBMxS6uwup6,No diggity,single,2021.0,0.7826,2020,https://open.spotify.com/album/6jfUNKeSve9eBMxS6uwup6,https://i.scdn.co/image/ab67616d0000b2738fa8d407ba458bc1663410ee,exact,100.0,['pop'],['k_pop'],"['pop', 'k_pop']","['pop', 'k_pop']",[],2,2,0,2.1831,1.0916,1,0,False
ONEUS,ONEUS,3CVYSpM7nfHFG5qCTW7Ht9,0mSy6jNUnvlE1xiUFbx8Dm,LIVED,single,2020.0,0.7391,2020,https://open.spotify.com/album/0mSy6jNUnvlE1xiUFbx8Dm,https://i.scdn.co/image/ab67616d0000b273194e3c4aec6a068e33bc3463,exact,80.0,['pop'],['k_pop'],"['pop', 'k_pop']","['pop', 'k_pop']",[],2,2,0,2.1831,1.0916,1,0,False
ONEUS,ONEUS,3CVYSpM7nfHFG5qCTW7Ht9,3uMb3hF3aAlK7wPU4w8o9D,IN ITS TIME,single,2020.0,0.7391,2020,https://open.spotify.com/album/3uMb3hF3aAlK7wPU4w8o9D,https://i.scdn.co/image/ab67616d0000b273371d2345da928a637f6e00f7,exact,100.0,['pop'],['k_pop'],"['pop', 'k_pop']","['pop', 'k_pop']",[],2,2,0,2.1831,1.0916,1,0,False
ONEUS,ONEUS,3CVYSpM7nfHFG5qCTW7Ht9,6XB38eWBIbuqoTj40bzFTa,808,single,2019.0,0.6957,2010,https://open.spotify.com/album/6XB38eWBIbuqoTj40bzFTa,https://i.scdn.co/image/ab67616d0000b27363f8254ae06935486daaf998,exact,100.0,['pop'],['k_pop'],"['pop', 'k_pop']","['pop', 'k_pop']",[],2,2,0,2.1831,1.0916,1,0,False
ONEUS,ONEUS,3CVYSpM7nfHFG5qCTW7Ht9,4E1nBUhsXon5tMtyq3l3CB,FLY WITH US,single,2019.0,0.6957,2010,https://open.spotify.com/album/4E1nBUhsXon5tMtyq3l3CB,https://i.scdn.co/image/ab67616d0000b273ac8249d014ce62d44ab6b32f,exact,100.0,['pop'],['k_pop'],"['pop', 'k_pop']","['pop', 'k_pop']",[],2,2,0,2.1831,1.0916,1,0,False
ONEUS,ONEUS,3CVYSpM7nfHFG5qCTW7Ht9,0OtVEJwPFTQrP0QRpZ0p9Y,Twilight,single,2019.0,0.6957,2010,https://open.spotify.com/album/0OtVEJwPFTQrP0QRpZ0p9Y,https://i.scdn.co/image/ab67616d0000b2736bcc4aa3327d2f9463dac7a0,exact,100.0,['pop'],['k_pop'],"['pop', 'k_pop']","['pop', 'k_pop']",[],2,2,0,2.1831,1.0916,1,0,False
ONEUS,ONEUS,3CVYSpM7nfHFG5qCTW7Ht9,4SKt8BtRB2nr6YAyH2Iy1n,RAISE US,single,2019.0,0.6957,2010,https://open.spotify.com/album/4SKt8BtRB2nr6YAyH2Iy1n,https://i.scdn.co/image/ab67616d0000b2739517205dec1ef966beae569b,exact,100.0,['pop'],['k_pop'],"['pop', 'k_pop']","['pop', 'k_pop']",[],2,2,0,2.1831,1.0916,1,0,False
ONEUS,ONEUS,3CVYSpM7nfHFG5qCTW7Ht9,6tSOZb6wWFG8EZdcxXDyli,LIGHT US,single,2019.0,0.6957,2010,https://open.spotify.com/album/6tSOZb6wWFG8EZdcxXDyli,https://i.scdn.co/image/ab67616d0000b273460bbfc2471cfa19de47ec47,exact,100.0,['pop'],['k_pop'],"['pop', 'k_pop']","['pop', 'k_pop']",[],2,2,0,2.1831,1.0916,1,0,False
THE BOYZ,THE BOYZ,0CmvFWTX9zmMNCUi6fHtAx,0gr6ALnqNZF1LwubTWP48V,Unexpected,album,2025.0,0.9565,2020,https://open.spotify.com/album/0gr6ALnqNZF1LwubTWP48V,https://i.scdn.co/image/ab67616d0000b273c1b1d122a402fbb7cf823ee1,exact,97.89,['pop'],['k_pop'],"['pop', 'k_pop']","['pop', 'k_pop']",[],2,2,0,2.1831,1.0916,0,1,False
THE BOYZ,THE BOYZ,0CmvFWTX9zmMNCUi6fHtAx,5pZFs7Yt5xDHQW6gXSFtqm,Gibberish,album,2024.0,0.913,2020,https://open.spotify.com/album/5pZFs7Yt5xDHQW6gXSFtqm,https://i.scdn.co/image/ab67616d0000b27326f772d925d12a88c2ab042e,exact,97.89,['pop'],"['k_pop', 'j_pop']","['pop', 'k_pop', 'j_pop']","['pop', 'k_pop']",['j_pop'],3,2,1,8.7164,2.9055,0,1,False
THE BOYZ,THE BOYZ,0CmvFWTX9zmMNCUi6fHtAx,0if8s53ZdbpKQnE2vH1Ggl,Delicious,album,2023.0,0.8696,2020,https://open.spotify.com/album/0if8s53ZdbpKQnE2vH1Ggl,https://i.scdn.co/image/ab67616d0000b2738a08850a7d88f33b0272b00b,exact,97.89,['pop'],"['k_pop', 'j_pop']","['pop', 'k_pop', 'j_pop']","['pop', 'k_pop']",['j_pop'],3,2,1,8.7164,2.9055,0,1,False
THE BOYZ,THE BOYZ,0CmvFWTX9zmMNCUi6fHtAx,0WHepgrI931FocWbM11bJN,Breaking Dawn,album,2021.0,0.7826,2020,https://open.spotify.com/album/0WHepgrI931FocWbM11bJN,https://i.scdn.co/image/ab67616d0000b273367f71847712728612a37012,exact,97.89,['pop'],['j_pop'],"['pop', 'j_pop']",['pop'],['j_pop'],2,1,1,7.5333,3.7666,0,1,False
THE BOYZ,THE BOYZ,0CmvFWTX9zmMNCUi6fHtAx,1k47LxYr0K8UTMONAo0Ah2,Gibberish,single,2024.0,0.913,2020,https://open.spotify.com/album/1k47LxYr0K8UTMONAo0Ah2,https://i.scdn.co/image/ab67616d0000b273878fe7f07d44d6329dab7a88,exact,92.89,['pop'],"['k_pop', 'j_pop']","['pop', 'k_pop', 'j_pop']","['pop', 'k_pop']",['j_pop'],3,2,1,8.7164,2.9055,1,0,False
THE BOYZ,THE BOYZ,0CmvFWTX9zmMNCUi6fHtAx,7LmTay8KeH1nl0Kt1BlhMX,THE BOYZ 2ND ALBUM [PHANTASY] Pt.2 Sixth Sense,single,2023.0,0.8696,2020,https://open.spotify.com/album/7LmTay8KeH1nl0Kt1BlhMX,https://i.scdn.co/image/ab67616d0000b27366c8e4a0da651253f0a9dcd5,exact,80.5,['pop'],['k_pop'],"['pop', 'k_pop']","['pop', 'k_pop']",[],2,2,0,2.1831,1.0916,1,0,False
THE BOYZ,THE BOYZ,0CmvFWTX9zmMNCUi6fHtAx,315iKfEODZns5S32HhcapU,Delicious,single,2023.0,0.8696,2020,https://open.spotify.com/album/315iKfEODZns5S32HhcapU,https://i.scdn.co/image/ab67616d0000b2734118ce937cb8c908d374a44e,exact,92.89,['pop'],"['k_pop', 'j_pop']","['pop', 'k_pop', 'j_pop']","['pop', 'k_pop']",['j_pop'],3,2,1,8.7164,2.9055,1,0,False
THE BOYZ,THE BOYZ,0CmvFWTX9zmMNCUi6fHtAx,4YI3GMUel8jwoC1RiYHd6h,SHE'S THE BOSS,single,2022.0,0.8261,2020,https://open.spotify.com/album/4YI3GMUel8jwoC1RiYHd6h,https://i.scdn.co/image/ab67616d0000b2739f026ec75b0d4145bf248ca0,exact,92.89,"['electronic', 'pop']",['k_pop'],"['electronic', 'pop', 'k_pop']","['pop', 'k_pop']",['electronic'],3,2,1,7.1243,2.3748,1,0,False
THE BOYZ,THE BOYZ,0CmvFWTX9zmMNCUi6fHtAx,6kPf5szTsKC6OMX3YPuxcS,SHE'S THE BOSS,single,2022.0,0.8261,2020,https://open.spotify.com/album/6kPf5szTsKC6OMX3YPuxcS,https://i.scdn.co/image/ab67616d0000b273fb1fed8f07fda6f9e8feacb4,exact,92.89,"['electronic', 'pop']",['k_pop'],"['electronic', 'pop', 'k_pop']","['pop', 'k_pop']",['electronic'],3,2,1,7.1243,2.3748,1,0,False
THE BOYZ,THE BOYZ,0CmvFWTX9zmMNCUi6fHtAx,1hpTeRzpWd0l3nn0fuF8fU,Breaking Dawn,single,2021.0,0.7826,2020,https://open.spotify.com/album/1hpTeRzpWd0l3nn0fuF8fU,https://i.scdn.co/image/ab67616d0000b273bc3e7bd572483d2456240deb,exact,92.89,['pop'],['j_pop'],"['pop', 'j_pop']",['pop'],['j_pop'],2,1,1,7.5333,3.7666,1,0,False
THE BOYZ,THE BOYZ,0CmvFWTX9zmMNCUi6fHtAx,1c1rS7YWcM5c8uQ7Oweqid,TATTOO,single,2019.0,0.6957,2010,https://open.spotify.com/album/1c1rS7YWcM5c8uQ7Oweqid,https://i.scdn.co/image/ab67616d0000b273286994ac7c38a891cef59407,exact,92.89,['pop'],['k_pop'],"['pop', 'k_pop']","['pop', 'k_pop']",[],2,2,0,2.1831,1.0916,1,0,False
THE BOYZ,THE BOYZ,0CmvFWTX9zmMNCUi6fHtAx,1OXRbIaxkERIsFnm0NOlg6,TATTOO,single,2019.0,0.6957,2010,https://open.spotify.com/album/1OXRbIaxkERIsFnm0NOlg6,https://i.scdn.co/image/ab67616d0000b273fd3beccf929d6c071aebf57f,exact,92.89,['pop'],['k_pop'],"['pop', 'k_pop']","['pop', 'k_pop']",[],2,2,0,2.1831,1.0916,1,0,False
THE BOYZ,THE BOYZ,0CmvFWTX9zmMNCUi6fHtAx,4T7BOMEuEfIMsDfomppwtW,DREAMLIKE,single,2019.0,0.6957,2010,https://open.spotify.com/album/4T7BOMEuEfIMsDfomppwtW,https://i.scdn.co/image/ab67616d0000b27395b7f0ebb60d6d4245b3cc08,exact,92.89,['pop'],['k_pop'],"['pop', 'k_pop']","['pop', 'k_pop']",[],2,2,0,2.1831,1.0916,1,0,False
THE BOYZ,THE BOYZ,0CmvFWTX9zmMNCUi6fHtAx,4HnxhuDasxI3pCyz8o61Lg,THE BOYZ MINI ALBUM [THE START],single,2018.0,0.6522,2010,https://open.spotify.com/album/4HnxhuDasxI3pCyz8o61Lg,https://i.scdn.co/image/ab67616d0000b273e824ec819e18f2857421a766,fuzzy,69.21,['pop'],['k_pop'],"['pop', 'k_pop']","['pop', 'k_pop']",[],2,2,0,2.1831,1.0916,1,0,False
iKON,iKON,5qRSs6mvI17zrkJpOHkCoM,3VU8zAXam8qBjFPWR1IBhT,NEW KIDS,album,2019.0,0.6957,2010,https://open.spotify.com/album/3VU8zAXam8qBjFPWR1IBhT,https://i.scdn.co/image/ab67616d0000b27350036ce1f5ddc9a4101af79c,fuzzy,66.19,"['hip_hop', 'pop']","['pop_rap', 'k_pop']","['hip_hop', 'pop', 'pop_rap', 'k_pop']","['pop', 'k_pop']","['hip_hop', 'pop_rap']",4,2,2,21.2521,5.313,0,1,False
iKON,iKON,5qRSs6mvI17zrkJpOHkCoM,6RZYa7F18bu7mmeT8qxWqh,NEW KIDS REPACKAGE : THE NEW KIDS,album,2019.0,0.6957,2010,https://open.spotify.com/album/6RZYa7F18bu7mmeT8qxWqh,https://i.scdn.co/image/ab67616d0000b2738b94794b8aa12407bf838d7d,exact,92.73,"['hip_hop', 'pop']","['pop_rap', 'k_pop']","['hip_hop', 'pop', 'pop_rap', 'k_pop']","['pop', 'k_pop']","['hip_hop', 'pop_rap']",4,2,2,21.2521,5.313,0,1,False
iKON,iKON,5qRSs6mvI17zrkJpOHkCoM,6OP6YVdB9w896N5fZ1niIM,RETURN,album,2018.0,0.6522,2010,https://open.spotify.com/album/6OP6YVdB9w896N5fZ1niIM,https://i.scdn.co/image/ab67616d0000b273b6e0a1cdf29162d8ef7a7bd6,exact,92.73,"['hip_hop', 'pop']",['k_pop'],"['hip_hop', 'pop', 'k_pop']","['pop', 'k_pop']",['hip_hop'],3,2,1,7.2521,2.4174,0,1,False
iKON,iKON,5qRSs6mvI17zrkJpOHkCoM,7th9VLudqM04TpG8hNE1pb,Return,album,2018.0,0.6522,2010,https://open.spotify.com/album/7th9VLudqM04TpG8hNE1pb,https://i.scdn.co/image/ab67616d0000b27348f4704427189fe1957d2871,exact,92.73,"['hip_hop', 'pop']",['k_pop'],"['hip_hop', 'pop', 'k_pop']","['pop', 'k_pop']",['hip_hop'],3,2,1,7.2521,2.4174,0,1,False
iKON,iKON,5qRSs6mvI17zrkJpOHkCoM,3kx9qQ5NlyuAkvF4HmzgLi,NEW KIDS : BEGIN,album,2017.0,0.6087,2010,https://open.spotify.com/album/3kx9qQ5NlyuAkvF4HmzgLi,https://i.scdn.co/image/ab67616d0000b273d0ec0dff4479d90a72def155,exact,87.73,"['hip_hop', 'pop']",['k_pop'],"['hip_hop', 'pop', 'k_pop']","['pop', 'k_pop']",['hip_hop'],3,2,1,7.2521,2.4174,0,1,False
iKON,iKON,5qRSs6mvI17zrkJpOHkCoM,0IfAPdDU1feMP8za87rTef,DUMB & DUMBER,album,2016.0,0.5652,2010,https://open.spotify.com/album/0IfAPdDU1feMP8za87rTef,https://i.scdn.co/image/ab67616d0000b2739311c67b06ad4bb22943a384,exact,87.73,['pop'],['j_pop'],"['pop', 'j_pop']",['pop'],['j_pop'],2,1,1,7.5333,3.7666,0,1,False
iKON,iKON,5qRSs6mvI17zrkJpOHkCoM,6lZbJZY85HAXLNE3dJI1Hb,WELCOME BACK,album,2016.0,0.5652,2010,https://open.spotify.com/album/6lZbJZY85HAXLNE3dJI1Hb,https://i.scdn.co/image/ab67616d0000b273f2c6508fe6a78aea2cdb3bf3,fuzzy,74.07,"['hip_hop', 'pop']",['k_pop'],"['hip_hop', 'pop', 'k_pop']","['pop', 'k_pop']",['hip_hop'],3,2,1,7.2521,2.4174,0,1,False
OH MY GIRL,OH MY GIRL,2019zR22qK2RBvCqtudBaI,0poYRqxEk5KDZREbJXv3lL,Real Love,album,2022.0,0.8261,2020,https://open.spotify.com/album/0poYRqxEk5KDZREbJXv3lL,https://i.scdn.co/image/ab67616d0000b27325f8b0dfb1d5619234098cad,exact,100.0,['pop'],['k_pop'],"['pop', 'k_pop']","['pop', 'k_pop']",[],2,2,0,2.1831,1.0916,0,1,False
OH MY GIRL,OH MY GIRL,2019zR22qK2RBvCqtudBaI,2g4UT3WgTMBSnoxIJjyaZk,OH MY GIRL Japan 2nd Album,album,2019.0,0.6957,2010,https://open.spotify.com/album/2g4UT3WgTMBSnoxIJjyaZk,https://i.scdn.co/image/ab67616d0000b273ec6cf718ec938da76179a3c8,exact,100.0,['pop'],"['j_pop', 'k_pop']","['pop', 'j_pop', 'k_pop']","['pop', 'k_pop']",['j_pop'],3,2,1,8.7164,2.9055,0,1,False
OH MY GIRL,OH MY GIRL,2019zR22qK2RBvCqtudBaI,2a7pD4EbdcOUt5c3FnoI9x,THE FIFTH SEASON,album,2019.0,0.6957,2010,https://open.spotify.com/album/2a7pD4EbdcOUt5c3FnoI9x,https://i.scdn.co/image/ab67616d0000b273c8a4bf4c18c9ffb00f366f54,exact,97.89,['pop'],['k_pop'],"['pop', 'k_pop']","['pop', 'k_pop']",[],2,2,0,2.1831,1.0916,0,1,False
OH MY GIRL,OH MY GIRL,2019zR22qK2RBvCqtudBaI,1gypTnVnKb1lY8UP2SyxFq,Oh My Girl Japan Debut Album,album,2019.0,0.6957,2010,https://open.spotify.com/album/1gypTnVnKb1lY8UP2SyxFq,https://i.scdn.co/image/ab67616d0000b273b882c1fa0da9fb6fb355fcda,exact,100.0,['pop'],['k_pop'],"['pop', 'k_pop']","['pop', 'k_pop']",[],2,2,0,2.1831,1.0916,0,1,False
OH MY GIRL,OH MY GIRL,2019zR22qK2RBvCqtudBaI,4XZFgEjQ4Un1TNHAtTC87m,Dreamy Resonance,single,2024.0,0.913,2020,https://open.spotify.com/album/4XZFgEjQ4Un1TNHAtTC87m,https://i.scdn.co/image/ab67616d0000b273bcdcc14c83a6bc5dc1fc3cb5,exact,100.0,['pop'],['k_pop'],"['pop', 'k_pop']","['pop', 'k_pop']",[],2,2,0,2.1831,1.0916,1,0,False
OH MY GIRL,OH MY GIRL,2019zR22qK2RBvCqtudBaI,27q1jRk1MYk6MaRokAiJuL,Golden Hourglass,single,2023.0,0.8696,2020,https://open.spotify.com/album/27q1jRk1MYk6MaRokAiJuL,https://i.scdn.co/image/ab67616d0000b273685c52aecea095d5879e689a,exact,100.0,"['electronic', 'pop']","['k_pop', 'dance_pop']","['electronic', 'pop', 'k_pop', 'dance_pop']","['pop', 'k_pop']","['electronic', 'dance_pop']",4,2,2,18.2186,4.5547,1,0,False
OH MY GIRL,OH MY GIRL,2019zR22qK2RBvCqtudBaI,618EVhjdLWmN90WBYqgKlV,Real Love Japanese ver.,single,2022.0,0.8261,2020,https://open.spotify.com/album/618EVhjdLWmN90WBYqgKlV,https://i.scdn.co/image/ab67616d0000b2738bcc4af6acd50a232b581867,fuzzy,67.16,['pop'],"['k_pop', 'j_pop']","['pop', 'k_pop', 'j_pop']","['pop', 'k_pop']",['j_pop'],3,2,1,8.7164,2.9055,1,0,False
OH MY GIRL,OH MY GIRL,2019zR22qK2RBvCqtudBaI,7L3avRn9y3WsItzu4WUaux,Shark,single,2021.0,0.7826,2020,https://open.spotify.com/album/7L3avRn9y3WsItzu4WUaux,https://i.scdn.co/image/ab67616d0000b273c97725985b4ff7dc99abac2e,exact,100.0,"['funk_/_soul', 'pop']",['k_pop'],"['funk_/_soul', 'pop', 'k_pop']","['pop', 'k_pop']",['funk_/_soul'],3,2,1,17.8631,5.9544,1,0,False
OH MY GIRL,OH MY GIRL,2019zR22qK2RBvCqtudBaI,4xGM61HWbQWCgmbBOtU3JR,Dear OHMYGIRL,single,2021.0,0.7826,2020,https://open.spotify.com/album/4xGM61HWbQWCgmbBOtU3JR,https://i.scdn.co/image/ab67616d0000b2739e6048d42b9c724b9088efd1,exact,100.0,"['electronic', 'pop']",['k_pop'],"['electronic', 'pop', 'k_pop']","['pop', 'k_pop']",['electronic'],3,2,1,7.1243,2.3748,1,0,False
OH MY GIRL,OH MY GIRL,2019zR22qK2RBvCqtudBaI,5ykuHAx8Zmz1dNEDd5G3CD,Etoile,single,2020.0,0.7391,2020,https://open.spotify.com/album/5ykuHAx8Zmz1dNEDd5G3CD,https://i.scdn.co/image/ab67616d0000b27345a57b0805504394148e1a98,exact,87.0,['pop'],"['k_pop', 'anison']","['pop', 'k_pop', 'anison']","['pop', 'k_pop']",['anison'],3,2,1,296.1831,98.7277,1,0,False
OH MY GIRL,OH MY GIRL,2019zR22qK2RBvCqtudBaI,7hhpfP5JOWEsplETCG8HLJ,OURS,single,2020.0,0.7391,2020,https://open.spotify.com/album/7hhpfP5JOWEsplETCG8HLJ,https://i.scdn.co/image/ab67616d0000b2730f8b0c255c9dada58c64e1f6,exact,91.03,['pop'],['k_pop'],"['pop', 'k_pop']","['pop', 'k_pop']",[],2,2,0,2.1831,1.0916,1,0,False
OH MY GIRL,OH MY GIRL,2019zR22qK2RBvCqtudBaI,3728GQSE87KrGe2IYBGX9U,Rocket Ride,single,2020.0,0.7391,2020,https://open.spotify.com/album/3728GQSE87KrGe2IYBGX9U,https://i.scdn.co/image/ab67616d0000b273bf3b9dd58fd32f262dcbd9d4,exact,80.0,"['electronic', 'pop']","['dance_pop', 'electro_house']","['electronic', 'pop', 'dance_pop', 'electro_house']",['pop'],"['electronic', 'dance_pop', 'electro_house']",4,1,3,134.6355,33.6589,1,0,False
OH MY GIRL,OH MY GIRL,2019zR22qK2RBvCqtudBaI,6ENwFcVNgV1ezd4V5U5gZK,NONSTOP,single,2020.0,0.7391,2020,https://open.spotify.com/album/6ENwFcVNgV1ezd4V5U5gZK,https://i.scdn.co/image/ab67616d0000b273774ede43eb295a97a6f8bf94,exact,100.0,['pop'],['k_pop'],"['pop', 'k_pop']","['pop', 'k_pop']",[],2,2,0,2.1831,1.0916,1,0,False
OH MY GIRL,OH MY GIRL,2019zR22qK2RBvCqtudBaI,6YVPmgPjiLugweUKCSx9VV,Eternally,single,2019.0,0.6957,2010,https://open.spotify.com/album/6YVPmgPjiLugweUKCSx9VV,https://i.scdn.co/image/ab67616d0000b2730bf9e929367684e3275c365d,exact,96.0,['pop'],"['k_pop', 'j_pop']","['pop', 'k_pop', 'j_pop']","['pop', 'k_pop']",['j_pop'],3,2,1,8.7164,2.9055,1,0,False
OH MY GIRL,OH MY GIRL,2019zR22qK2RBvCqtudBaI,2SBlG3g2wVNZR5OpSa7mdb,五番目の季節 Japanese ver.,single,2019.0,0.6957,2010,https://open.spotify.com/album/2SBlG3g2wVNZR5OpSa7mdb,https://i.scdn.co/image/ab67616d0000b273eb0e6d9a9886b29e09a70ba2,fuzzy,69.0,['pop'],"['j_pop', 'k_pop']","['pop', 'j_pop', 'k_pop']","['pop', 'k_pop']",['j_pop'],3,2,1,8.7164,2.9055,1,0,False
OH MY GIRL,OH MY GIRL,2019zR22qK2RBvCqtudBaI,6GH81X7nXffLbOyI1z8z9g,Secret Garden Japanese ver.,single,2018.0,0.6522,2010,https://open.spotify.com/album/6GH81X7nXffLbOyI1z8z9g,https://i.scdn.co/image/ab67616d0000b273bc0a4860c8a96c4f814c3165,fuzzy,69.33,['pop'],['k_pop'],"['pop', 'k_pop']","['pop', 'k_pop']",[],2,2,0,2.1831,1.0916,1,0,False
OH MY GIRL,OH MY GIRL,2019zR22qK2RBvCqtudBaI,6hSLO2QTbMyn36GJxOfu7V,花火(Remember Me) Japanese ver.,single,2018.0,0.6522,2010,https://open.spotify.com/album/6hSLO2QTbMyn36GJxOfu7V,https://i.scdn.co/image/ab67616d0000b27313f1d09b66350dad5f10cb21,fuzzy,67.36,['pop'],['k_pop'],"['pop', 'k_pop']","['pop', 'k_pop']",[],2,2,0,2.1831,1.0916,1,0,False
OH MY GIRL,OH MY GIRL,2019zR22qK2RBvCqtudBaI,3nyMvnSRngFR1nWfSoke8W,Timing,single,2018.0,0.6522,2010,https://open.spotify.com/album/3nyMvnSRngFR1nWfSoke8W,https://i.scdn.co/image/ab67616d0000b273bb281f56946527a90cab77d6,exact,91.03,['pop'],['k_pop'],"['pop', 'k_pop']","['pop', 'k_pop']",[],2,2,0,2.1831,1.0916,1,0,False
OH MY GIRL,OH MY GIRL,2019zR22qK2RBvCqtudBaI,0jKJYB5zBhStPozFMNVx2e,COLORING BOOK,single,2017.0,0.6087,2010,https://open.spotify.com/album/0jKJYB5zBhStPozFMNVx2e,https://i.scdn.co/image/ab67616d0000b273f3c42f5bb35b058ed6d847d7,exact,100.0,['pop'],['k_pop'],"['pop', 'k_pop']","['pop', 'k_pop']",[],2,2,0,2.1831,1.0916,1,0,False
OH MY GIRL,OH MY GIRL,2019zR22qK2RBvCqtudBaI,15xLsytz6Dy4sCSmebXRlH,WINDY DAY,single,2016.0,0.5652,2010,https://open.spotify.com/album/15xLsytz6Dy4sCSmebXRlH,https://i.scdn.co/image/ab67616d0000b273d84abf7c5b1c35941f47db37,exact,100.0,['pop'],['k_pop'],"['pop', 'k_pop']","['pop', 'k_pop']",[],2,2,0,2.1831,1.0916,1,0,False
OH MY GIRL,OH MY GIRL,2019zR22qK2RBvCqtudBaI,4vNzlhITYU7oYTMIYVevBC,PINK OCEAN,single,2016.0,0.5652,2010,https://open.spotify.com/album/4vNzlhITYU7oYTMIYVevBC,https://i.scdn.co/image/ab67616d0000b273003115a1e861960dec94912b,exact,100.0,['pop'],['k_pop'],"['pop', 'k_pop']","['pop', 'k_pop']",[],2,2,0,2.1831,1.0916,1,0,False
OH MY GIRL,OH MY GIRL,2019zR22qK2RBvCqtudBaI,4xih5PVp44sPkHIHjLAy6d,OH MY GIRL,single,2015.0,0.5217,2010,https://open.spotify.com/album/4xih5PVp44sPkHIHjLAy6d,https://i.scdn.co/image/ab67616d0000b27366274b2d619b7cc16f75ca87,exact,100.0,['pop'],['k_pop'],"['pop', 'k_pop']","['pop', 'k_pop']",[],2,2,0,2.1831,1.0916,1,0,False
Crush,Crush,6aLdhHUqgdKE86xbtNmY8g,7ikvq6MB2VhB2IPCDO6RnP,wonderego,album,2023.0,0.8696,2020,https://open.spotify.com/album/7ikvq6MB2VhB2IPCDO6RnP,https://i.scdn.co/image/ab67616d0000b2735e4cfe6394fdc7a91b364ae3,exact,94.62,"['funk_/_soul', 'pop']","['contemporary_r&b', 'k_pop']","['funk_/_soul', 'pop', 'contemporary_r&b', 'k_pop']","['pop', 'k_pop']","['funk_/_soul', 'contemporary_r&b']",4,2,2,33.3368,8.3342,0,1,False
Crush,Crush,6aLdhHUqgdKE86xbtNmY8g,4HejSNN1hxuW9AVVE9cr6h,From Midnight To Sunrise,album,2019.0,0.6957,2010,https://open.spotify.com/album/4HejSNN1hxuW9AVVE9cr6h,https://i.scdn.co/image/ab67616d0000b273ed41ee8fd42d38fc5560c9ff,exact,94.62,"['hip_hop', 'funk_/_soul']",[],"['hip_hop', 'funk_/_soul']",[],"['hip_hop', 'funk_/_soul']",2,0,2,20.749,10.3745,0,1,False
Crush,Crush,6aLdhHUqgdKE86xbtNmY8g,6hvSnbuh5dAzYqO87FZHWY,Crush on You,album,2014.0,0.4783,2010,https://open.spotify.com/album/6hvSnbuh5dAzYqO87FZHWY,https://i.scdn.co/image/ab67616d0000b2736543cdb71d36844b9fc8f224,exact,100.0,['funk_/_soul'],['contemporary_r&b'],"['funk_/_soul', 'contemporary_r&b']",[],"['funk_/_soul', 'contemporary_r&b']",2,0,2,31.1537,15.5769,0,1,False
Crush,Crush,6aLdhHUqgdKE86xbtNmY8g,5LPzhS5QHGdIMcZ8Bk1oWq,FANG,single,2025.0,0.9565,2020,https://open.spotify.com/album/5LPzhS5QHGdIMcZ8Bk1oWq,https://i.scdn.co/image/ab67616d0000b2732cc422c2548bf0c55def2331,exact,89.62,"['funk_/_soul', 'pop']","['contemporary_r&b', 'k_pop', 'trap', 'soul']","['funk_/_soul', 'pop', 'contemporary_r&b', 'k_pop', 'trap', 'soul']","['pop', 'k_pop']","['funk_/_soul', 'contemporary_r&b', 'trap', 'soul']",6,2,4,194.4924,32.4154,1,0,False
Crush,Crush,6aLdhHUqgdKE86xbtNmY8g,2pMlrQthaDJoB2UqhJAgqQ,Everything Happens To Me,single,2025.0,0.9565,2020,https://open.spotify.com/album/2pMlrQthaDJoB2UqhJAgqQ,https://i.scdn.co/image/ab67616d0000b27337a14bc071bffbe0aeb065dd,exact,89.62,['jazz'],['k_pop'],"['jazz', 'k_pop']",['k_pop'],['jazz'],2,1,1,148.1831,74.0915,1,0,False
Crush,Crush,6aLdhHUqgdKE86xbtNmY8g,7egcy2gtlyoUUl1OlQrY3R,Rush Hour,single,2022.0,0.8261,2020,https://open.spotify.com/album/7egcy2gtlyoUUl1OlQrY3R,https://i.scdn.co/image/ab67616d0000b27331fc0d57d061c20a4e1acb30,exact,94.62,"['funk_/_soul', 'pop']","['k_pop', 'rhythm_&_blues', 'soul']","['funk_/_soul', 'pop', 'k_pop', 'rhythm_&_blues', 'soul']","['pop', 'k_pop']","['funk_/_soul', 'rhythm_&_blues', 'soul']",5,2,3,233.4631,46.6926,1,0,False
Crush,Crush,6aLdhHUqgdKE86xbtNmY8g,2NBgvn1II3DilIlJIEL5tW,with HER,single,2020.0,0.7391,2020,https://open.spotify.com/album/2NBgvn1II3DilIlJIEL5tW,https://i.scdn.co/image/ab67616d0000b273b341be791fecb882dd5da557,exact,89.62,"['funk_/_soul', 'pop']","['k_pop', 'contemporary_r&b']","['funk_/_soul', 'pop', 'k_pop', 'contemporary_r&b']","['pop', 'k_pop']","['funk_/_soul', 'contemporary_r&b']",4,2,2,33.3368,8.3342,1,0,False
Crush,Crush,6aLdhHUqgdKE86xbtNmY8g,7klzlbNznXMdwZz44NCLbn,Digital Lover,single,2020.0,0.7391,2020,https://open.spotify.com/album/7klzlbNznXMdwZz44NCLbn,https://i.scdn.co/image/ab67616d0000b273f83e73a659ba3bf75e6ffb17,exact,89.62,"['hip_hop', 'non-music', 'pop']",[],"['hip_hop', 'non-music', 'pop']",['pop'],"['hip_hop', 'non-music']",3,1,2,1182.069,394.023,1,0,False
Crush,Crush,6aLdhHUqgdKE86xbtNmY8g,4OyXl2VWIP5hzOMog09KcK,I Wanna Be Yours,single,2019.0,0.6957,2010,https://open.spotify.com/album/4OyXl2VWIP5hzOMog09KcK,https://i.scdn.co/image/ab67616d0000b2731a5abfaa12b1d606ec2883f2,fuzzy,76.67,['funk_/_soul'],['contemporary_r&b'],"['funk_/_soul', 'contemporary_r&b']",[],"['funk_/_soul', 'contemporary_r&b']",2,0,2,31.1537,15.5769,1,0,False
Crush,Crush,6aLdhHUqgdKE86xbtNmY8g,5keHOA8Q1rS1VIao9fQIs4,none,single,2018.0,0.6522,2010,https://open.spotify.com/album/5keHOA8Q1rS1VIao9fQIs4,https://i.scdn.co/image/ab67616d0000b2737f113d9518865a618884037e,exact,94.62,"['hip_hop', 'funk_/_soul']",[],"['hip_hop', 'funk_/_soul']",[],"['hip_hop', 'funk_/_soul']",2,0,2,20.749,10.3745,1,0,False
Crush,Crush,6aLdhHUqgdKE86xbtNmY8g,25MhXP1nRONHaLpfrfTOLr,wonderlost,single,2018.0,0.6522,2010,https://open.spotify.com/album/25MhXP1nRONHaLpfrfTOLr,https://i.scdn.co/image/ab67616d0000b2737e5947188bc00e547d85379d,exact,95.91,['pop'],[],['pop'],['pop'],[],1,1,0,1.0,1.0,1,0,False
Crush,Crush,6aLdhHUqgdKE86xbtNmY8g,7aZr4nLYyiFx9WUrV2q4PX,Bittersweet,single,2018.0,0.6522,2010,https://open.spotify.com/album/7aZr4nLYyiFx9WUrV2q4PX,https://i.scdn.co/image/ab67616d0000b2732079c4534c5393c710c4dadd,exact,94.62,"['hip_hop', 'funk_/_soul']","['rnb/swing', 'rhythm_&_blues']","['hip_hop', 'funk_/_soul', 'rnb/swing', 'rhythm_&_blues']",[],"['hip_hop', 'funk_/_soul', 'rnb/swing', 'rhythm_&_blues']",4,0,4,249.4157,62.3539,1,0,False
Crush,Crush,6aLdhHUqgdKE86xbtNmY8g,6Fhp3DHf8QeJ77Buf1KLjA,be by my side,single,2017.0,0.6087,2010,https://open.spotify.com/album/6Fhp3DHf8QeJ77Buf1KLjA,https://i.scdn.co/image/ab67616d0000b2738d1b9c4b3481c2c1140e0e6e,fuzzy,78.87,['funk_/_soul'],['rhythm_&_blues'],"['funk_/_soul', 'rhythm_&_blues']",[],"['funk_/_soul', 'rhythm_&_blues']",2,0,2,113.68,56.84,1,0,False
Crush,Crush,6aLdhHUqgdKE86xbtNmY8g,2pgzGj9PQ4nhc1l3NBlATj,wonderlust,single,2016.0,0.5652,2010,https://open.spotify.com/album/2pgzGj9PQ4nhc1l3NBlATj,https://i.scdn.co/image/ab67616d0000b273370c146e259dc6aa851d681c,exact,89.62,"['funk_/_soul', 'pop']",['contemporary_r&b'],"['funk_/_soul', 'pop', 'contemporary_r&b']",['pop'],"['funk_/_soul', 'contemporary_r&b']",3,1,2,32.1537,10.7179,1,0,False
Crush,Crush,6aLdhHUqgdKE86xbtNmY8g,1QykwYyjBCnV0mgzWweTiK,Interlude,single,2016.0,0.5652,2010,https://open.spotify.com/album/1QykwYyjBCnV0mgzWweTiK,https://i.scdn.co/image/ab67616d0000b2735d8b14a20413ef6eb23712c3,exact,89.62,"['funk_/_soul', 'pop']",['contemporary_r&b'],"['funk_/_soul', 'pop', 'contemporary_r&b']",['pop'],"['funk_/_soul', 'contemporary_r&b']",3,1,2,32.1537,10.7179,1,0,False
LEEHI,LEEHI,7cVZApDoQZpS447nHTsNqu,74thqvuyVQfosFffvKx2uo,First Love,album,2013.0,0.4348,2010,https://open.spotify.com/album/74thqvuyVQfosFffvKx2uo,https://i.scdn.co/image/ab67616d0000b273bb0a530fc901e88d1c7a9f4d,exact,100.0,"['hip_hop', 'jazz', 'pop']","['rnb/swing', 'k_pop']","['hip_hop', 'jazz', 'pop', 'rnb/swing', 'k_pop']","['pop', 'k_pop']","['hip_hop', 'jazz', 'rnb/swing']",5,2,3,284.9188,56.9838,0,1,False
Epik High,Epik High,5snNHNlYT2UrtZo5HCJkiw,7r8pyl0ry9r6GVoTWu8OTw,PUMP COLLECTOR’S EDITION,album,2024.0,0.913,2020,https://open.spotify.com/album/7r8pyl0ry9r6GVoTWu8OTw,https://i.scdn.co/image/ab67616d0000b273161fd7fdd4f7a25f0bd77b93,exact,100.0,['hip_hop'],['pop_rap'],"['hip_hop', 'pop_rap']",[],"['hip_hop', 'pop_rap']",2,0,2,19.069,9.5345,0,1,False
Epik High,Epik High,5snNHNlYT2UrtZo5HCJkiw,34Z7aFV3bVDGu1EBQogK2p,PUMP,album,2024.0,0.913,2020,https://open.spotify.com/album/34Z7aFV3bVDGu1EBQogK2p,https://i.scdn.co/image/ab67616d0000b273e915550b963ca77a41ed9811,exact,100.0,['hip_hop'],['pop_rap'],"['hip_hop', 'pop_rap']",[],"['hip_hop', 'pop_rap']",2,0,2,19.069,9.5345,0,1,False
Epik High,Epik High,5snNHNlYT2UrtZo5HCJkiw,1a7B3Nn52Uvi9nhqnHacfh,Epik High Is Here 下 (Part 2),album,2022.0,0.8261,2020,https://open.spotify.com/album/1a7B3Nn52Uvi9nhqnHacfh,https://i.scdn.co/image/ab67616d0000b2739d75b5f5afe9269a0302b8b4,exact,100.0,['hip_hop'],[],['hip_hop'],[],['hip_hop'],1,0,1,5.069,5.069,0,1,False
Epik High,Epik High,5snNHNlYT2UrtZo5HCJkiw,5MH95tw9aZo7ayqkfsRzMu,Epik High Is Here 上 (Part 1),album,2021.0,0.7826,2020,https://open.spotify.com/album/5MH95tw9aZo7ayqkfsRzMu,https://i.scdn.co/image/ab67616d0000b273dc050088a57887d11bd375ab,exact,100.0,['hip_hop'],[],['hip_hop'],[],['hip_hop'],1,0,1,5.069,5.069,0,1,False
Epik High,Epik High,5snNHNlYT2UrtZo5HCJkiw,7o6XSnYarIzPrpzvVivrcl,sleepless in __________,album,2019.0,0.6957,2010,https://open.spotify.com/album/7o6XSnYarIzPrpzvVivrcl,https://i.scdn.co/image/ab67616d0000b27344a9b439bc6db2b31187600b,exact,100.0,['hip_hop'],[],['hip_hop'],[],['hip_hop'],1,0,1,5.069,5.069,0,1,False
Epik High,Epik High,5snNHNlYT2UrtZo5HCJkiw,7tvK9KQebPOhD9baTlIrVu,WE'VE DONE SOMETHING WONDERFUL,album,2017.0,0.6087,2010,https://open.spotify.com/album/7tvK9KQebPOhD9baTlIrVu,https://i.scdn.co/image/ab67616d0000b273a12b80c916f8346de32d2ee4,exact,100.0,['hip_hop'],[],['hip_hop'],[],['hip_hop'],1,0,1,5.069,5.069,0,1,False
Epik High,Epik High,5snNHNlYT2UrtZo5HCJkiw,3jdV0dbTuNfdRwEimoJ28a,SHOEBOX,album,2014.0,0.4783,2010,https://open.spotify.com/album/3jdV0dbTuNfdRwEimoJ28a,https://i.scdn.co/image/ab67616d0000b27327fb05dfd7f4ccbb99eb732f,exact,86.25,"['hip_hop', 'pop']",['pop_rap'],"['hip_hop', 'pop', 'pop_rap']",['pop'],"['hip_hop', 'pop_rap']",3,1,2,20.069,6.6897,0,1,False
Epik High,Epik High,5snNHNlYT2UrtZo5HCJkiw,1e2r6700uHv9zThv6bAIDE,99,album,2012.0,0.3913,2010,https://open.spotify.com/album/1e2r6700uHv9zThv6bAIDE,https://i.scdn.co/image/ab67616d0000b2738cbb2420566434df6e8da312,exact,100.0,"['electronic', 'pop']",['hip_hop'],"['electronic', 'pop', 'hip_hop']",['pop'],"['electronic', 'hip_hop']",3,1,2,11.0102,3.6701,0,1,False
Epik High,Epik High,5snNHNlYT2UrtZo5HCJkiw,52O1oc2EC6kwNo8iwBs919,Epilogue,album,2010.0,0.3043,2010,https://open.spotify.com/album/52O1oc2EC6kwNo8iwBs919,https://i.scdn.co/image/ab67616d0000b2736005858c25c42f90390506d8,exact,100.0,"['hip_hop', 'pop']",['pop_rap'],"['hip_hop', 'pop', 'pop_rap']",['pop'],"['hip_hop', 'pop_rap']",3,1,2,20.069,6.6897,0,1,False
Epik High,Epik High,5snNHNlYT2UrtZo5HCJkiw,7zKJf0cYxuBoGsyz99nGuC,[e]nergy,album,2009.0,0.2609,2000,https://open.spotify.com/album/7zKJf0cYxuBoGsyz99nGuC,https://i.scdn.co/image/ab67616d0000b2730fc14967c561f36ef5ab6d31,exact,100.0,"['hip_hop', 'pop']",['pop_rap'],"['hip_hop', 'pop', 'pop_rap']",['pop'],"['hip_hop', 'pop_rap']",3,1,2,20.069,6.6897,0,1,False
Epik High,Epik High,5snNHNlYT2UrtZo5HCJkiw,4yzMWHJEWbQMl19jWovbQO,[e]motion,album,2009.0,0.2609,2000,https://open.spotify.com/album/4yzMWHJEWbQMl19jWovbQO,https://i.scdn.co/image/ab67616d0000b273beddefd28c86bf5953688978,exact,100.0,"['hip_hop', 'pop']",['pop_rap'],"['hip_hop', 'pop', 'pop_rap']",['pop'],"['hip_hop', 'pop_rap']",3,1,2,20.069,6.6897,0,1,False
Epik High,Epik High,5snNHNlYT2UrtZo5HCJkiw,3MhH8mOKp9gP4iO3EYg31a,魂 Map the Soul,album,2009.0,0.2609,2000,https://open.spotify.com/album/3MhH8mOKp9gP4iO3EYg31a,https://i.scdn.co/image/ab67616d0000b27366891868373a558e664382d4,exact,100.0,"['hip_hop', 'pop']",['pop_rap'],"['hip_hop', 'pop', 'pop_rap']",['pop'],"['hip_hop', 'pop_rap']",3,1,2,20.069,6.6897,0,1,False
Epik High,Epik High,5snNHNlYT2UrtZo5HCJkiw,6rIZFsL2RzXX1PDXhAth1z,Lovescream,album,2008.0,0.2174,2000,https://open.spotify.com/album/6rIZFsL2RzXX1PDXhAth1z,https://i.scdn.co/image/ab67616d0000b27363defc042354a38c571989d5,exact,100.0,"['hip_hop', 'pop']",['pop_rap'],"['hip_hop', 'pop', 'pop_rap']",['pop'],"['hip_hop', 'pop_rap']",3,1,2,20.069,6.6897,0,1,False
Epik High,Epik High,5snNHNlYT2UrtZo5HCJkiw,0dcpWdZ9nKIbxgZma4NhMa,Remapping the Human Soul,album,2007.0,0.1739,2000,https://open.spotify.com/album/0dcpWdZ9nKIbxgZma4NhMa,https://i.scdn.co/image/ab67616d0000b2734c71e80a8f580184ba910222,exact,100.0,"['hip_hop', 'pop']",['pop_rap'],"['hip_hop', 'pop', 'pop_rap']",['pop'],"['hip_hop', 'pop_rap']",3,1,2,20.069,6.6897,0,1,False
Epik High,Epik High,5snNHNlYT2UrtZo5HCJkiw,2voi9yJzbucvDooWNM2ro7,Black Swan Songs,album,2006.0,0.1304,2000,https://open.spotify.com/album/2voi9yJzbucvDooWNM2ro7,https://i.scdn.co/image/ab67616d0000b273c3eac11cb6473b6db3d764d4,exact,100.0,['hip_hop'],['pop_rap'],"['hip_hop', 'pop_rap']",[],"['hip_hop', 'pop_rap']",2,0,2,19.069,9.5345,0,1,False
Epik High,Epik High,5snNHNlYT2UrtZo5HCJkiw,2r893IZjz94r7mmqxNz4A6,Swan Songs,album,2005.0,0.087,2000,https://open.spotify.com/album/2r893IZjz94r7mmqxNz4A6,https://i.scdn.co/image/ab67616d0000b273b83210f27915c9b2fbc16266,exact,100.0,['hip_hop'],['pop_rap'],"['hip_hop', 'pop_rap']",[],"['hip_hop', 'pop_rap']",2,0,2,19.069,9.5345,0,1,False
Epik High,Epik High,5snNHNlYT2UrtZo5HCJkiw,57qISGcX0mPbwdCQ7KSOgq,High Society,album,2004.0,0.0435,2000,https://open.spotify.com/album/57qISGcX0mPbwdCQ7KSOgq,https://i.scdn.co/image/ab67616d0000b2739bceda5a3faa6bd1f5e46c7d,exact,100.0,"['hip_hop', 'pop']","['jazzy_hip-hop', 'pop_rap', 'conscious']","['hip_hop', 'pop', 'jazzy_hip-hop', 'pop_rap', 'conscious']",['pop'],"['hip_hop', 'jazzy_hip-hop', 'pop_rap', 'conscious']",5,1,4,1784.069,356.8138,0,1,False
Epik High,Epik High,5snNHNlYT2UrtZo5HCJkiw,0HOb3ypZrAVbuGYLiMhC7z,Map of the Human Soul,album,2003.0,0.0,2000,https://open.spotify.com/album/0HOb3ypZrAVbuGYLiMhC7z,https://i.scdn.co/image/ab67616d0000b273a05fea375359a98a59d3222c,exact,100.0,['hip_hop'],[],['hip_hop'],[],['hip_hop'],1,0,1,5.069,5.069,0,1,False
Epik High,Epik High,5snNHNlYT2UrtZo5HCJkiw,5E5xpayOlNMK28OxS7deDq,Screen Time,single,2023.0,0.8696,2020,https://open.spotify.com/album/5E5xpayOlNMK28OxS7deDq,https://i.scdn.co/image/ab67616d0000b273849056d7c6053e57b60437d3,exact,100.0,"['hip_hop', 'pop']",['k_pop'],"['hip_hop', 'pop', 'k_pop']","['pop', 'k_pop']",['hip_hop'],3,2,1,7.2521,2.4174,1,0,False
Epik High,Epik High,5snNHNlYT2UrtZo5HCJkiw,0aLrrsoWsk0NtEb2se2Ugd,Strawberry,single,2023.0,0.8696,2020,https://open.spotify.com/album/0aLrrsoWsk0NtEb2se2Ugd,https://i.scdn.co/image/ab67616d0000b273147601424454637e6d7ea335,exact,100.0,['hip_hop'],[],['hip_hop'],[],['hip_hop'],1,0,1,5.069,5.069,1,0,False
Epik High,Epik High,5snNHNlYT2UrtZo5HCJkiw,6yuibcaEwYF6y5Tn04fUOV,Face ID,single,2021.0,0.7826,2020,https://open.spotify.com/album/6yuibcaEwYF6y5Tn04fUOV,https://i.scdn.co/image/ab67616d0000b2738405cb75517543c8739718d1,exact,100.0,"['hip_hop', 'pop']",['k_pop'],"['hip_hop', 'pop', 'k_pop']","['pop', 'k_pop']",['hip_hop'],3,2,1,7.2521,2.4174,1,0,False
Epik High,Epik High,5snNHNlYT2UrtZo5HCJkiw,66xEyYMRttGk8Vsq8zmpQ4,Sleeping Beauty,single,2018.0,0.6522,2010,https://open.spotify.com/album/66xEyYMRttGk8Vsq8zmpQ4,https://i.scdn.co/image/ab67616d0000b27342799ed1dcad7c43c6174d25,exact,80.77,"['hip_hop', 'pop']",[],"['hip_hop', 'pop']",['pop'],['hip_hop'],2,1,1,6.069,3.0345,1,0,False
Jay Park,Jay Park,4XDi67ZENZcbfKnvMnTYsI,0hwGsLDlg8Y2Xx9gxRAukv,THE ONE YOU WANTED,album,2024.0,0.913,2020,https://open.spotify.com/album/0hwGsLDlg8Y2Xx9gxRAukv,https://i.scdn.co/image/ab67616d0000b2739b5655efccff58f7a1c87d9d,exact,100.0,"['funk_/_soul', 'pop']","['contemporary_r&b', 'k_pop']","['funk_/_soul', 'pop', 'contemporary_r&b', 'k_pop']","['pop', 'k_pop']","['funk_/_soul', 'contemporary_r&b']",4,2,2,33.3368,8.3342,0,1,False
Jay Park,Jay Park,4XDi67ZENZcbfKnvMnTYsI,0CgsDZhPdu4n0TMkTFcCLl,The Road Less Traveled,album,2019.0,0.6957,2010,https://open.spotify.com/album/0CgsDZhPdu4n0TMkTFcCLl,https://i.scdn.co/image/ab67616d0000b273f5cf978749288bea05f9deb4,exact,100.0,['hip_hop'],[],['hip_hop'],[],['hip_hop'],1,0,1,5.069,5.069,0,1,False
Jay Park,Jay Park,4XDi67ZENZcbfKnvMnTYsI,0c4LKBzh0ufU36AyuzZRc2,EVERYTHING YOU WANTED,album,2016.0,0.5652,2010,https://open.spotify.com/album/0c4LKBzh0ufU36AyuzZRc2,https://i.scdn.co/image/ab67616d0000b27382ecc5ea89bf34479a71a297,exact,100.0,"['hip_hop', 'funk_/_soul', 'pop']","['contemporary_r&b', 'k_pop']","['hip_hop', 'funk_/_soul', 'pop', 'contemporary_r&b', 'k_pop']","['pop', 'k_pop']","['hip_hop', 'funk_/_soul', 'contemporary_r&b']",5,2,3,38.4058,7.6812,0,1,False
Jay Park,Jay Park,4XDi67ZENZcbfKnvMnTYsI,5vESroqrGYDxDPAwUceQxf,WORLDWIDE,album,2015.0,0.5217,2010,https://open.spotify.com/album/5vESroqrGYDxDPAwUceQxf,https://i.scdn.co/image/ab67616d0000b2734b378770cd6b77e86f8a6288,exact,100.0,['hip_hop'],"['pop_rap', 'trap']","['hip_hop', 'pop_rap', 'trap']",[],"['hip_hop', 'pop_rap', 'trap']",3,0,3,62.6246,20.8749,0,1,False
Jay Park,Jay Park,4XDi67ZENZcbfKnvMnTYsI,5ikIgNGFVc8nwQ8Xzsg1p4,EVOLUTION,album,2014.0,0.4783,2010,https://open.spotify.com/album/5ikIgNGFVc8nwQ8Xzsg1p4,https://i.scdn.co/image/ab67616d0000b273e7ac8a658fd3f439207dba3f,exact,100.0,['hip_hop'],['pop_rap'],"['hip_hop', 'pop_rap']",[],"['hip_hop', 'pop_rap']",2,0,2,19.069,9.5345,0,1,False
Jay Park,Jay Park,4XDi67ZENZcbfKnvMnTYsI,04fC2vkVRNrTdJLYuzgT8U,New Breed,album,2012.0,0.3913,2010,https://open.spotify.com/album/04fC2vkVRNrTdJLYuzgT8U,https://i.scdn.co/image/ab67616d0000b2738f2e0bd7489b3115f6ec86af,exact,100.0,['pop'],"['pop_rap', 'electro', 'rhythm_&_blues', 'k_pop']","['pop', 'pop_rap', 'electro', 'rhythm_&_blues', 'k_pop']","['pop', 'k_pop']","['pop_rap', 'electro', 'rhythm_&_blues']",5,2,3,145.1305,29.0261,0,1,False
Jay Park,Jay Park,4XDi67ZENZcbfKnvMnTYsI,3bhiDPhFZQWkuH5YXMsN22,Stay Down,single,2023.0,0.8696,2020,https://open.spotify.com/album/3bhiDPhFZQWkuH5YXMsN22,https://i.scdn.co/image/ab67616d0000b273832aa3e1d03b556d9cf8dae7,exact,87.69,['hip_hop'],[],['hip_hop'],[],['hip_hop'],1,0,1,5.069,5.069,1,0,False
Jay Park,Jay Park,4XDi67ZENZcbfKnvMnTYsI,2Z9wsmEj3cKZIpYbxumE4l,Everybody Sucks,single,2020.0,0.7391,2020,https://open.spotify.com/album/2Z9wsmEj3cKZIpYbxumE4l,https://i.scdn.co/image/ab67616d0000b273f3f1e288e5a021c6b19bdfb9,exact,83.8,['hip_hop'],[],['hip_hop'],[],['hip_hop'],1,0,1,5.069,5.069,1,0,False
Jay Park,Jay Park,4XDi67ZENZcbfKnvMnTYsI,187fmTy0wOPQ8geiMNACPT,Baddest Nice Guys,single,2019.0,0.6957,2010,https://open.spotify.com/album/187fmTy0wOPQ8geiMNACPT,https://i.scdn.co/image/ab67616d0000b27306c8e4d7b93bacd779dd1500,exact,86.3,['hip_hop'],[],['hip_hop'],[],['hip_hop'],1,0,1,5.069,5.069,1,0,False
Jay Park,Jay Park,4XDi67ZENZcbfKnvMnTYsI,05yZdaFZebreNpWGOssmsl,Thuggin 4 My Baby,single,2017.0,0.6087,2010,https://open.spotify.com/album/05yZdaFZebreNpWGOssmsl,https://i.scdn.co/image/ab67616d0000b273f7b6def1a34067aac54221ca,fuzzy,78.0,['electronic'],['trap'],"['electronic', 'trap']",[],"['electronic', 'trap']",2,0,2,48.4968,24.2484,1,0,False
Jay Park,Jay Park,4XDi67ZENZcbfKnvMnTYsI,4g4kke25txBfYwv8QU7VxS,STAY WITH ME,single,2016.0,0.5652,2010,https://open.spotify.com/album/4g4kke25txBfYwv8QU7VxS,https://i.scdn.co/image/ab67616d0000b273c200a9200c614ec0e37e39c7,fuzzy,71.36,"['hip_hop', 'pop']","['contemporary_r&b', 'k_pop']","['hip_hop', 'pop', 'contemporary_r&b', 'k_pop']","['pop', 'k_pop']","['hip_hop', 'contemporary_r&b']",4,2,2,22.7258,5.6814,1,0,False
Jay Park,Jay Park,4XDi67ZENZcbfKnvMnTYsI,2ExI0aYXJuyRwXNf88vOw5,Me Like Yuh,single,2016.0,0.5652,2010,https://open.spotify.com/album/2ExI0aYXJuyRwXNf88vOw5,https://i.scdn.co/image/ab67616d0000b273342d30483c3c5d97df2c3b60,fuzzy,69.06,"['hip_hop', 'pop']","['contemporary_r&b', 'k_pop']","['hip_hop', 'pop', 'contemporary_r&b', 'k_pop']","['pop', 'k_pop']","['hip_hop', 'contemporary_r&b']",4,2,2,22.7258,5.6814,1,0,False
Jay Park,Jay Park,4XDi67ZENZcbfKnvMnTYsI,01NUcsaXDsn4JH9RgDeZPe,Scene Stealers,single,2016.0,0.5652,2010,https://open.spotify.com/album/01NUcsaXDsn4JH9RgDeZPe,https://i.scdn.co/image/ab67616d0000b27341343ad8c97b03325a0dd98d,exact,80.71,"['electronic', 'hip_hop']",['trap'],"['electronic', 'hip_hop', 'trap']",[],"['electronic', 'hip_hop', 'trap']",3,0,3,53.5658,17.8553,1,0,False
Jay Park,Jay Park,4XDi67ZENZcbfKnvMnTYsI,1kgzGqeJbY7gwiheabVk1L,MOMMAE,single,2015.0,0.5217,2010,https://open.spotify.com/album/1kgzGqeJbY7gwiheabVk1L,https://i.scdn.co/image/ab67616d0000b27362ddbe5a3b25ecdd75e1fc24,fuzzy,67.0,['hip_hop'],"['pop_rap', 'trap']","['hip_hop', 'pop_rap', 'trap']",[],"['hip_hop', 'pop_rap', 'trap']",3,0,3,62.6246,20.8749,1,0,False
Jay Park,Jay Park,4XDi67ZENZcbfKnvMnTYsI,4TXc3606NUA8OlJqLdcmpP,METRONOME,single,2014.0,0.4783,2010,https://open.spotify.com/album/4TXc3606NUA8OlJqLdcmpP,https://i.scdn.co/image/ab67616d0000b27312e2446bc3dc36d69b539212,fuzzy,75.0,['hip_hop'],['pop_rap'],"['hip_hop', 'pop_rap']",[],"['hip_hop', 'pop_rap']",2,0,2,19.069,9.5345,1,0,False
Jay Park,Jay Park,4XDi67ZENZcbfKnvMnTYsI,0Kr9F6xbH0mSzT0oaVlsj3,I Like 2 Party,single,2013.0,0.4348,2010,https://open.spotify.com/album/0Kr9F6xbH0mSzT0oaVlsj3,https://i.scdn.co/image/ab67616d0000b2737f3f6a7b258f99eaaf0e8ce5,exact,100.0,"['electronic', 'hip_hop', 'funk_/_soul', 'pop']","['dance_pop', 'k_pop', 'rhythm_&_blues']","['electronic', 'hip_hop', 'funk_/_soul', 'pop', 'dance_pop', 'k_pop', 'rhythm_&_blues']","['pop', 'k_pop']","['electronic', 'hip_hop', 'funk_/_soul', 'dance_pop', 'rhythm_&_blues']",7,2,5,136.9676,19.5668,1,0,False
Jay Park,Jay Park,4XDi67ZENZcbfKnvMnTYsI,0cCge5MT23HTVlPi7bEAKU,JOAH,single,2013.0,0.4348,2010,https://open.spotify.com/album/0cCge5MT23HTVlPi7bEAKU,https://i.scdn.co/image/ab67616d0000b273499563bc1305dd597f21ae95,exact,85.71,"['hip_hop', 'funk_/_soul', 'pop']","['k_pop', 'rhythm_&_blues']","['hip_hop', 'funk_/_soul', 'pop', 'k_pop', 'rhythm_&_blues']","['pop', 'k_pop']","['hip_hop', 'funk_/_soul', 'rhythm_&_blues']",5,2,3,120.9321,24.1864,1,0,False
Jay Park,Jay Park,4XDi67ZENZcbfKnvMnTYsI,40sNLFRboJ1VfNi7vJnnJs,TAKE A DEEPER LOOK,single,2011.0,0.3478,2010,https://open.spotify.com/album/40sNLFRboJ1VfNi7vJnnJs,https://i.scdn.co/image/ab67616d0000b2732d60108efc7bd911780c5b55,exact,100.0,"['hip_hop', 'funk_/_soul']","['trap', 'contemporary_r&b']","['hip_hop', 'funk_/_soul', 'trap', 'contemporary_r&b']",[],"['hip_hop', 'funk_/_soul', 'trap', 'contemporary_r&b']",4,0,4,79.7783,19.9446,1,0,False
P1Harmony,P1Harmony,3JjvsPeGMbDJqsphe2z8xU,7FbyxnCCfB4t8N8qwHrHi6,Killin' It,album,2024.0,0.913,2020,https://open.spotify.com/album/7FbyxnCCfB4t8N8qwHrHi6,https://i.scdn.co/image/ab67616d0000b2738cf0e84e77a46b5317c09924,exact,93.75,"['electronic', 'hip_hop', 'pop']",['k_pop'],"['electronic', 'hip_hop', 'pop', 'k_pop']","['pop', 'k_pop']","['electronic', 'hip_hop']",4,2,2,12.1933,3.0483,0,1,False
P1Harmony,P1Harmony,3JjvsPeGMbDJqsphe2z8xU,71EVZx82GopCyTNRZVkZSk,UNIQUE,single,2026.0,1.0,2020,https://open.spotify.com/album/71EVZx82GopCyTNRZVkZSk,https://i.scdn.co/image/ab67616d0000b273145f774f84acd61adeb7fa9e,exact,100.0,['pop'],['k_pop'],"['pop', 'k_pop']","['pop', 'k_pop']",[],2,2,0,2.1831,1.0916,1,0,False
P1Harmony,P1Harmony,3JjvsPeGMbDJqsphe2z8xU,4fUrVp1xhJvcJfxYLlJiNm,EX,single,2025.0,0.9565,2020,https://open.spotify.com/album/4fUrVp1xhJvcJfxYLlJiNm,https://i.scdn.co/image/ab67616d0000b27310afd0fa1f4e27346e6e1e32,exact,100.0,"['hip_hop', 'pop']",[],"['hip_hop', 'pop']",['pop'],['hip_hop'],2,1,1,6.069,3.0345,1,0,False
P1Harmony,P1Harmony,3JjvsPeGMbDJqsphe2z8xU,31Q4mSPAjzNEwqSwyBzW5p,DUH!,single,2025.0,0.9565,2020,https://open.spotify.com/album/31Q4mSPAjzNEwqSwyBzW5p,https://i.scdn.co/image/ab67616d0000b273b0bc517f6cfb0f5abc1b4743,exact,100.0,['pop'],['k_pop'],"['pop', 'k_pop']","['pop', 'k_pop']",[],2,2,0,2.1831,1.0916,1,0,False
P1Harmony,P1Harmony,3JjvsPeGMbDJqsphe2z8xU,6Qbcb1IlfVLDf7YMJVQtQb,"STAGE FIGHTER(STF) Original, Vol. 2",single,2024.0,0.913,2020,https://open.spotify.com/album/6Qbcb1IlfVLDf7YMJVQtQb,https://i.scdn.co/image/ab67616d0000b27329a56405195366caf038f77f,exact,85.32,"['hip_hop', 'pop', 'stage_&_screen']","['soundtrack', 'k_pop']","['hip_hop', 'pop', 'stage_&_screen', 'soundtrack', 'k_pop']","['pop', 'k_pop']","['hip_hop', 'stage_&_screen', 'soundtrack']",5,2,3,506.1612,101.2322,1,0,False
P1Harmony,P1Harmony,3JjvsPeGMbDJqsphe2z8xU,0NmzOw8evaF6bn2U7tiWSA,SAD SONG,single,2024.0,0.913,2020,https://open.spotify.com/album/0NmzOw8evaF6bn2U7tiWSA,https://i.scdn.co/image/ab67616d0000b273276ab50c3f74f246a2d7fea2,exact,100.0,"['hip_hop', 'pop']",['k_pop'],"['hip_hop', 'pop', 'k_pop']","['pop', 'k_pop']",['hip_hop'],3,2,1,7.2521,2.4174,1,0,False
P1Harmony,P1Harmony,3JjvsPeGMbDJqsphe2z8xU,67nhgkEfNwdqQt7QFYHw0B,HARMONY : ALL IN,single,2023.0,0.8696,2020,https://open.spotify.com/album/67nhgkEfNwdqQt7QFYHw0B,https://i.scdn.co/image/ab67616d0000b2733b809d08ca5a7eafe2978998,exact,100.0,"['electronic', 'hip_hop', 'pop']","['alt-pop', 'k_pop']","['electronic', 'hip_hop', 'pop', 'alt-pop', 'k_pop']","['pop', 'k_pop']","['electronic', 'hip_hop', 'alt-pop']",5,2,3,129.7933,25.9587,1,0,False
P1Harmony,P1Harmony,3JjvsPeGMbDJqsphe2z8xU,1JDHisMjuJ1QkhcXiiLnnX,HARMONY : SET IN,single,2022.0,0.8261,2020,https://open.spotify.com/album/1JDHisMjuJ1QkhcXiiLnnX,https://i.scdn.co/image/ab67616d0000b2730d55f8c4b87267bcb003d57d,exact,100.0,['pop'],['k_pop'],"['pop', 'k_pop']","['pop', 'k_pop']",[],2,2,0,2.1831,1.0916,1,0,False
P1Harmony,P1Harmony,3JjvsPeGMbDJqsphe2z8xU,73CTPjApMDvFsycjbbROji,HARMONY : ZERO IN,single,2022.0,0.8261,2020,https://open.spotify.com/album/73CTPjApMDvFsycjbbROji,https://i.scdn.co/image/ab67616d0000b273700c67465db0a6d66c3a36d6,exact,100.0,"['hip_hop', 'pop']","['k_pop', 'contemporary_r&b', 'pop_rap', 'trap']","['hip_hop', 'pop', 'k_pop', 'contemporary_r&b', 'pop_rap', 'trap']","['pop', 'k_pop']","['hip_hop', 'contemporary_r&b', 'pop_rap', 'trap']",6,2,4,80.2814,13.3802,1,0,False
P1Harmony,P1Harmony,3JjvsPeGMbDJqsphe2z8xU,4L12vI7rtyBFmYOWZYtOi6,Do It Like This (English Version),single,2022.0,0.8261,2020,https://open.spotify.com/album/4L12vI7rtyBFmYOWZYtOi6,https://i.scdn.co/image/ab67616d0000b27353c86f1143b52f1f01f677e0,exact,100.0,['pop'],['k_pop'],"['pop', 'k_pop']","['pop', 'k_pop']",[],2,2,0,2.1831,1.0916,1,0,False
P1Harmony,P1Harmony,3JjvsPeGMbDJqsphe2z8xU,13kHQp4zyK5jBpsFZmTvHz,DISHARMONY : FIND OUT,single,2022.0,0.8261,2020,https://open.spotify.com/album/13kHQp4zyK5jBpsFZmTvHz,https://i.scdn.co/image/ab67616d0000b273bdbc6077205378b6271af4bf,exact,100.0,"['hip_hop', 'pop']","['k_pop', 'pop_rap', 'trap']","['hip_hop', 'pop', 'k_pop', 'pop_rap', 'trap']","['pop', 'k_pop']","['hip_hop', 'pop_rap', 'trap']",5,2,3,64.8077,12.9615,1,0,False
P1Harmony,P1Harmony,3JjvsPeGMbDJqsphe2z8xU,2QBdsbcBsTHVLlbAXBxaey,DISHARMONY : BREAK OUT,single,2021.0,0.7826,2020,https://open.spotify.com/album/2QBdsbcBsTHVLlbAXBxaey,https://i.scdn.co/image/ab67616d0000b27312e73202d37b99054f685daf,exact,100.0,"['hip_hop', 'pop']","['k_pop', 'pop_rap', 'contemporary_r&b', 'trap']","['hip_hop', 'pop', 'k_pop', 'pop_rap', 'contemporary_r&b', 'trap']","['pop', 'k_pop']","['hip_hop', 'pop_rap', 'contemporary_r&b', 'trap']",6,2,4,80.2814,13.3802,1,0,False
P1Harmony,P1Harmony,3JjvsPeGMbDJqsphe2z8xU,2viVp8kngUjK6oNiOz46sV,Breakthrough (Full Version),single,2020.0,0.7391,2020,https://open.spotify.com/album/2viVp8kngUjK6oNiOz46sV,https://i.scdn.co/image/ab67616d0000b2731675b3112c3949dfdd677cc4,exact,100.0,"['hip_hop', 'pop']","['k_pop', 'pop_rap', 'trap']","['hip_hop', 'pop', 'k_pop', 'pop_rap', 'trap']","['pop', 'k_pop']","['hip_hop', 'pop_rap', 'trap']",5,2,3,64.8077,12.9615,1,0,False
P1Harmony,P1Harmony,3JjvsPeGMbDJqsphe2z8xU,0IBGqfWduNDfbSqYjSd1Tv,DISHARMONY : STAND OUT,single,2020.0,0.7391,2020,https://open.spotify.com/album/0IBGqfWduNDfbSqYjSd1Tv,https://i.scdn.co/image/ab67616d0000b273ff3d7778726d40d19af4069f,exact,100.0,['pop'],"['k_pop', 'pop_rap', 'dance_pop']","['pop', 'k_pop', 'pop_rap', 'dance_pop']","['pop', 'k_pop']","['pop_rap', 'dance_pop']",4,2,2,27.2774,6.8194,1,0,False
DAY6,DAY6,5TnQc2N1iKlFjYD7CPGvFc,6X6qxxLabrBzjZZwnUGAiv,The DECADE,album,2025.0,0.9565,2020,https://open.spotify.com/album/6X6qxxLabrBzjZZwnUGAiv,https://i.scdn.co/image/ab67616d0000b273fba64c064a2a030486d1bee3,exact,100.0,"['rock', 'pop']","['k_pop', 'k-rock', 'pop_rock', 'power_pop']","['rock', 'pop', 'k_pop', 'k-rock', 'pop_rock', 'power_pop']","['pop', 'k_pop']","['rock', 'k-rock', 'pop_rock', 'power_pop']",6,2,4,531.8703,88.6451,0,1,False
DAY6,DAY6,5TnQc2N1iKlFjYD7CPGvFc,4X4EwXwRephm7JyukTWByX,Band Aid,album,2024.0,0.913,2020,https://open.spotify.com/album/4X4EwXwRephm7JyukTWByX,https://i.scdn.co/image/ab67616d0000b273d746b397d3dd7ddd4d462065,exact,100.0,"['rock', 'pop']",['k_pop'],"['rock', 'pop', 'k_pop']","['pop', 'k_pop']",['rock'],3,2,1,22.8147,7.6049,0,1,False
DAY6,DAY6,5TnQc2N1iKlFjYD7CPGvFc,29pgfsXVV0cLsvfylWRZJ9,Fourever,album,2024.0,0.913,2020,https://open.spotify.com/album/29pgfsXVV0cLsvfylWRZJ9,https://i.scdn.co/image/ab67616d0000b2730309970945710645006b9c9e,exact,100.0,['pop'],['k_pop'],"['pop', 'k_pop']","['pop', 'k_pop']",[],2,2,0,2.1831,1.0916,0,1,False
DAY6,DAY6,5TnQc2N1iKlFjYD7CPGvFc,5ZQuMOStcP5jMmGiI1Slmj,The Book of Us : Negentropy - Chaos swallowed up in love,album,2021.0,0.7826,2020,https://open.spotify.com/album/5ZQuMOStcP5jMmGiI1Slmj,https://i.scdn.co/image/ab67616d0000b273669e6dd18faa5b4d9a64b29e,exact,100.0,"['rock', 'pop']","['k_pop', 'k-rock', 'alternative_rock', 'pop_rock']","['rock', 'pop', 'k_pop', 'k-rock', 'alternative_rock', 'pop_rock']","['pop', 'k_pop']","['rock', 'k-rock', 'alternative_rock', 'pop_rock']",6,2,4,375.0703,62.5117,0,1,False
DAY6,DAY6,5TnQc2N1iKlFjYD7CPGvFc,6nLZ4KhjJSdxag9cDIFHhJ,The Book of Us : The Demon,album,2020.0,0.7391,2020,https://open.spotify.com/album/6nLZ4KhjJSdxag9cDIFHhJ,https://i.scdn.co/image/ab67616d0000b273a220092391684fd27f02affb,exact,100.0,['rock'],['k-rock'],"['rock', 'k-rock']",[],"['rock', 'k-rock']",2,0,2,64.1872,32.0936,0,1,False
DAY6,DAY6,5TnQc2N1iKlFjYD7CPGvFc,3k0QCw6Cpvq6hIEXUf6qAr,The Book of Us : Entropy,album,2019.0,0.6957,2010,https://open.spotify.com/album/3k0QCw6Cpvq6hIEXUf6qAr,https://i.scdn.co/image/ab67616d0000b273a98b928b07177a617b156c88,exact,100.0,"['rock', 'pop']","['k_pop', 'k-rock']","['rock', 'pop', 'k_pop', 'k-rock']","['pop', 'k_pop']","['rock', 'k-rock']",4,2,2,66.3703,16.5926,0,1,False
DAY6,DAY6,5TnQc2N1iKlFjYD7CPGvFc,6UyeGSJoWaTCDXunoimIoh,Remember Us : Youth Part 2,album,2018.0,0.6522,2010,https://open.spotify.com/album/6UyeGSJoWaTCDXunoimIoh,https://i.scdn.co/image/ab67616d0000b27367302642b62dbf4ccd2161ee,exact,100.0,"['rock', 'pop']","['k-rock', 'k_pop']","['rock', 'pop', 'k-rock', 'k_pop']","['pop', 'k_pop']","['rock', 'k-rock']",4,2,2,66.3703,16.5926,0,1,False
DAY6,DAY6,5TnQc2N1iKlFjYD7CPGvFc,7INgr1F8dMMZyD7SEyq6E5,UNLOCK,album,2018.0,0.6522,2010,https://open.spotify.com/album/7INgr1F8dMMZyD7SEyq6E5,https://i.scdn.co/image/ab67616d0000b2738fa134dd5d8afff5ee888503,exact,100.0,"['rock', 'pop']","['j-rock', 'j_pop']","['rock', 'pop', 'j-rock', 'j_pop']",['pop'],"['rock', 'j-rock', 'j_pop']",4,1,3,1204.1649,301.0412,0,1,False
DAY6,DAY6,5TnQc2N1iKlFjYD7CPGvFc,2H9FhZVEsNyG9XmJgfNASb,MOONRISE,album,2017.0,0.6087,2010,https://open.spotify.com/album/2H9FhZVEsNyG9XmJgfNASb,https://i.scdn.co/image/ab67616d0000b2733d6d6ca7f761c2df58cb6760,exact,100.0,"['rock', 'pop']","['k_pop', 'pop_rock', 'alternative_rock', 'k-rock']","['rock', 'pop', 'k_pop', 'pop_rock', 'alternative_rock', 'k-rock']","['pop', 'k_pop']","['rock', 'pop_rock', 'alternative_rock', 'k-rock']",6,2,4,375.0703,62.5117,0,1,False
DAY6,DAY6,5TnQc2N1iKlFjYD7CPGvFc,70ryb5nR8iCsY8OlIq2J8c,SUNRISE,album,2017.0,0.6087,2010,https://open.spotify.com/album/70ryb5nR8iCsY8OlIq2J8c,https://i.scdn.co/image/ab67616d0000b273877b49fcef4d02bb0bc0adc8,exact,100.0,"['rock', 'pop']","['k-rock', 'k_pop']","['rock', 'pop', 'k-rock', 'k_pop']","['pop', 'k_pop']","['rock', 'k-rock']",4,2,2,66.3703,16.5926,0,1,False
DAY6,DAY6,5TnQc2N1iKlFjYD7CPGvFc,3gTiTx97I9WtlvWOLnPETW,The Book of Us : Gravity,single,2019.0,0.6957,2010,https://open.spotify.com/album/3gTiTx97I9WtlvWOLnPETW,https://i.scdn.co/image/ab67616d0000b2732380b58287df744b84b19e1f,exact,100.0,"['rock', 'pop']","['k_pop', 'alternative_rock', 'pop_rock', 'k-rock']","['rock', 'pop', 'k_pop', 'alternative_rock', 'pop_rock', 'k-rock']","['pop', 'k_pop']","['rock', 'alternative_rock', 'pop_rock', 'k-rock']",6,2,4,375.0703,62.5117,1,0,False
DAY6,DAY6,5TnQc2N1iKlFjYD7CPGvFc,7zkNjmljFPjDJKqPPi5cKj,Beautiful Feeling,single,2018.0,0.6522,2010,https://open.spotify.com/album/7zkNjmljFPjDJKqPPi5cKj,https://i.scdn.co/image/ab67616d0000b273f14e3189ef6cc08ab222e216,fuzzy,65.98,"['rock', 'pop']","['k-rock', 'k_pop']","['rock', 'pop', 'k-rock', 'k_pop']","['pop', 'k_pop']","['rock', 'k-rock']",4,2,2,66.3703,16.5926,1,0,False
DAY6,DAY6,5TnQc2N1iKlFjYD7CPGvFc,2dYvMxAaLu8LBiHjwQElcg,Shoot Me : Youth Part 1,single,2018.0,0.6522,2010,https://open.spotify.com/album/2dYvMxAaLu8LBiHjwQElcg,https://i.scdn.co/image/ab67616d0000b273f52f5b7ffbac36712d05a318,exact,100.0,"['rock', 'pop']","['k-rock', 'k_pop']","['rock', 'pop', 'k-rock', 'k_pop']","['pop', 'k_pop']","['rock', 'k-rock']",4,2,2,66.3703,16.5926,1,0,False
DAY6,DAY6,5TnQc2N1iKlFjYD7CPGvFc,6HxwmmW5mhS6lEDxxzpzMy,THE BEST DAY,single,2018.0,0.6522,2010,https://open.spotify.com/album/6HxwmmW5mhS6lEDxxzpzMy,https://i.scdn.co/image/ab67616d0000b2731d894f8792bf75ef034287ec,exact,100.0,"['rock', 'pop']","['k-rock', 'k_pop']","['rock', 'pop', 'k-rock', 'k_pop']","['pop', 'k_pop']","['rock', 'k-rock']",4,2,2,66.3703,16.5926,1,0,False
DAY6,DAY6,5TnQc2N1iKlFjYD7CPGvFc,25DJKM1c41jOlDG716autl,DAYDREAM,single,2016.0,0.5652,2010,https://open.spotify.com/album/25DJKM1c41jOlDG716autl,https://i.scdn.co/image/ab67616d0000b2733586b1e26ffc9cde3aae070b,exact,100.0,"['rock', 'pop']","['pop_rock', 'k-rock']","['rock', 'pop', 'pop_rock', 'k-rock']",['pop'],"['rock', 'pop_rock', 'k-rock']",4,1,3,138.6872,34.6718,1,0,False
DAY6,DAY6,5TnQc2N1iKlFjYD7CPGvFc,2lkb7TDxz1y1nAAsVkCZ4u,The Day,single,2015.0,0.5217,2010,https://open.spotify.com/album/2lkb7TDxz1y1nAAsVkCZ4u,https://i.scdn.co/image/ab67616d0000b273e2ff8b190dd87eabf9355879,exact,100.0,"['rock', 'pop']","['pop_rock', 'k-rock']","['rock', 'pop', 'pop_rock', 'k-rock']",['pop'],"['rock', 'pop_rock', 'k-rock']",4,1,3,138.6872,34.6718,1,0,False
The Rose,The Rose,5na1LmEmK2VzNLje9snJYW,3TCF95qK3XaMBjmEuXwQHQ,WRLD,album,2025.0,0.9565,2020,https://open.spotify.com/album/3TCF95qK3XaMBjmEuXwQHQ,https://i.scdn.co/image/ab67616d0000b2731c2b3e29dbffcb3905ebd15c,exact,100.0,['pop'],['k_pop'],"['pop', 'k_pop']","['pop', 'k_pop']",[],2,2,0,2.1831,1.0916,0,1,False
The Rose,The Rose,5na1LmEmK2VzNLje9snJYW,7dgDlv1VbVuEybccWob0ZM,DUAL,album,2023.0,0.8696,2020,https://open.spotify.com/album/7dgDlv1VbVuEybccWob0ZM,https://i.scdn.co/image/ab67616d0000b273208e5005847261d66664d34c,exact,100.0,['pop'],['k_pop'],"['pop', 'k_pop']","['pop', 'k_pop']",[],2,2,0,2.1831,1.0916,0,1,False
The Rose,The Rose,5na1LmEmK2VzNLje9snJYW,0LlcJfmIN07yShZCH1PZf3,HEAL,album,2022.0,0.8261,2020,https://open.spotify.com/album/0LlcJfmIN07yShZCH1PZf3,https://i.scdn.co/image/ab67616d0000b273fdead6c8087317c3e3aa5c55,exact,100.0,['pop'],['k_pop'],"['pop', 'k_pop']","['pop', 'k_pop']",[],2,2,0,2.1831,1.0916,0,1,False
The Rose,The Rose,5na1LmEmK2VzNLje9snJYW,3KaRS70UlfNOxh663FjAEl,Void,album,2018.0,0.6522,2010,https://open.spotify.com/album/3KaRS70UlfNOxh663FjAEl,https://i.scdn.co/image/ab67616d0000b27361d2fb1bd06f5fbebf56f2da,exact,100.0,['pop'],['k_pop'],"['pop', 'k_pop']","['pop', 'k_pop']",[],2,2,0,2.1831,1.0916,0,1,False
The Rose,The Rose,5na1LmEmK2VzNLje9snJYW,75GYEnCyIfAyzzGPFflzsK,RED,single,2019.0,0.6957,2010,https://open.spotify.com/album/75GYEnCyIfAyzzGPFflzsK,https://i.scdn.co/image/ab67616d0000b2736128e3ada919cc85bae411a6,exact,95.0,['rock'],['k-rock'],"['rock', 'k-rock']",[],"['rock', 'k-rock']",2,0,2,64.1872,32.0936,1,0,False
The Rose,The Rose,5na1LmEmK2VzNLje9snJYW,3tNONsHr2ADnfFMTaKn8rF,Dawn,single,2018.0,0.6522,2010,https://open.spotify.com/album/3tNONsHr2ADnfFMTaKn8rF,https://i.scdn.co/image/ab67616d0000b27355d45fc40d9fb0aca217dd3d,exact,95.0,['rock'],['k-rock'],"['rock', 'k-rock']",[],"['rock', 'k-rock']",2,0,2,64.1872,32.0936,1,0,False
Xdinary Heroes,Xdinary Heroes,1khChLj7REGqjM043PlYyn,04WcDHoLelHf9ajNp6HXkD,LXVE to DEATH,album,2025.0,0.9565,2020,https://open.spotify.com/album/04WcDHoLelHf9ajNp6HXkD,https://i.scdn.co/image/ab67616d0000b2738eb9adaf5d3b8120a22d6d56,exact,100.0,"['rock', 'pop']","['k-rock', 'k_pop']","['rock', 'pop', 'k-rock', 'k_pop']","['pop', 'k_pop']","['rock', 'k-rock']",4,2,2,66.3703,16.5926,0,1,False
Xdinary Heroes,Xdinary Heroes,1khChLj7REGqjM043PlYyn,0h4U9eKaISbwP93lglW6s6,Beautiful Mind,album,2025.0,0.9565,2020,https://open.spotify.com/album/0h4U9eKaISbwP93lglW6s6,https://i.scdn.co/image/ab67616d0000b273fd98272732350e220fc38656,exact,100.0,['rock'],"['alternative_rock', 'k-rock', 'rock_opera']","['rock', 'alternative_rock', 'k-rock', 'rock_opera']",[],"['rock', 'alternative_rock', 'k-rock', 'rock_opera']",4,0,4,1475.3872,368.8468,0,1,False
Xdinary Heroes,Xdinary Heroes,1khChLj7REGqjM043PlYyn,6y9Y5ddQJZTp2QmajWznRd,LIVE and FALL,album,2024.0,0.913,2020,https://open.spotify.com/album/6y9Y5ddQJZTp2QmajWznRd,https://i.scdn.co/image/ab67616d0000b273063b24418879e9ae9c833471,exact,85.0,"['rock', 'pop']","['k-rock', 'k_pop']","['rock', 'pop', 'k-rock', 'k_pop']","['pop', 'k_pop']","['rock', 'k-rock']",4,2,2,66.3703,16.5926,0,1,False
Xdinary Heroes,Xdinary Heroes,1khChLj7REGqjM043PlYyn,26ogXm7X0kUSidtoaQVBei,Troubleshooting,album,2024.0,0.913,2020,https://open.spotify.com/album/26ogXm7X0kUSidtoaQVBei,https://i.scdn.co/image/ab67616d0000b273ec449471d321ade6ee416230,exact,100.0,['rock'],['k-rock'],"['rock', 'k-rock']",[],"['rock', 'k-rock']",2,0,2,64.1872,32.0936,0,1,False
Xdinary Heroes,Xdinary Heroes,1khChLj7REGqjM043PlYyn,6wRy2dydFytIzBlEqVa5sh,Livelock,album,2023.0,0.8696,2020,https://open.spotify.com/album/6wRy2dydFytIzBlEqVa5sh,https://i.scdn.co/image/ab67616d0000b27378e172661e9902180548593b,exact,85.0,"['rock', 'pop']","['k_pop', 'k-rock']","['rock', 'pop', 'k_pop', 'k-rock']","['pop', 'k_pop']","['rock', 'k-rock']",4,2,2,66.3703,16.5926,0,1,False
Xdinary Heroes,Xdinary Heroes,1khChLj7REGqjM043PlYyn,3jkLKeTkRsRehIUkPFHubG,Deadlock,album,2023.0,0.8696,2020,https://open.spotify.com/album/3jkLKeTkRsRehIUkPFHubG,https://i.scdn.co/image/ab67616d0000b27376c49f72166e22b3eefc2804,exact,100.0,"['rock', 'pop']","['k_pop', 'alternative_rock', 'k-rock', 'indie_rock']","['rock', 'pop', 'k_pop', 'alternative_rock', 'k-rock', 'indie_rock']","['pop', 'k_pop']","['rock', 'alternative_rock', 'k-rock', 'indie_rock']",6,2,4,1477.5703,246.2617,0,1,False
Xdinary Heroes,Xdinary Heroes,1khChLj7REGqjM043PlYyn,2fWuaeiOHl60xAQ1kUoyK4,Overload,album,2022.0,0.8261,2020,https://open.spotify.com/album/2fWuaeiOHl60xAQ1kUoyK4,https://i.scdn.co/image/ab67616d0000b273e2a2399d971275c815c6a835,exact,100.0,"['rock', 'pop']","['k_pop', 'k-rock']","['rock', 'pop', 'k_pop', 'k-rock']","['pop', 'k_pop']","['rock', 'k-rock']",4,2,2,66.3703,16.5926,0,1,False
Xdinary Heroes,Xdinary Heroes,1khChLj7REGqjM043PlYyn,6ZqZFhhTiwscyLwyoEq8ku,FiRE (My Sweet Misery),single,2025.0,0.9565,2020,https://open.spotify.com/album/6ZqZFhhTiwscyLwyoEq8ku,https://i.scdn.co/image/ab67616d0000b2732da7c3f69ba7127ebdead02e,fuzzy,68.64,"['rock', 'pop']","['k-rock', 'k_pop']","['rock', 'pop', 'k-rock', 'k_pop']","['pop', 'k_pop']","['rock', 'k-rock']",4,2,2,66.3703,16.5926,1,0,False
Xdinary Heroes,Xdinary Heroes,1khChLj7REGqjM043PlYyn,5zjnlpEemkmaN6iv16vmDm,"Hello, world!",single,2022.0,0.8261,2020,https://open.spotify.com/album/5zjnlpEemkmaN6iv16vmDm,https://i.scdn.co/image/ab67616d0000b2732a1e7392010838ecbb1453d8,exact,100.0,"['rock', 'pop']","['pop_punk', 'pop_rock', 'k-rock']","['rock', 'pop', 'pop_punk', 'pop_rock', 'k-rock']",['pop'],"['rock', 'pop_punk', 'pop_rock', 'k-rock']",5,1,4,1314.6872,262.9374,1,0,False
NMIXX,NMIXX,28ot3wh4oNmoFOdVajibBl,42URGYboRJEQPwXj7wlsoB,Blue Valentine,album,2025.0,0.9565,2020,https://open.spotify.com/album/42URGYboRJEQPwXj7wlsoB,https://i.scdn.co/image/ab67616d0000b273ee26bd5ae483fc54e6ef9e74,exact,100.0,"['rock', 'pop']","['k_pop', 'k-rock']","['rock', 'pop', 'k_pop', 'k-rock']","['pop', 'k_pop']","['rock', 'k-rock']",4,2,2,66.3703,16.5926,0,1,False
NMIXX,NMIXX,28ot3wh4oNmoFOdVajibBl,5CCxLQgcI7cVwmgFDlicbP,Fe3O4: BREAK,album,2024.0,0.913,2020,https://open.spotify.com/album/5CCxLQgcI7cVwmgFDlicbP,https://i.scdn.co/image/ab67616d0000b27381d97a31253b898bc4149195,exact,100.0,['pop'],['k_pop'],"['pop', 'k_pop']","['pop', 'k_pop']",[],2,2,0,2.1831,1.0916,0,1,False
NMIXX,NMIXX,28ot3wh4oNmoFOdVajibBl,6jy5700dqaCui8Wosnaaar,Blue Valentine (MIXX Ver.),single,2025.0,0.9565,2020,https://open.spotify.com/album/6jy5700dqaCui8Wosnaaar,https://i.scdn.co/image/ab67616d0000b273c302e1820a563df814073c82,exact,89.05,"['electronic', 'rock', 'pop']","['k_pop', 'k-rock', 'pop_rock', 'dance_pop', 'contemporary_r&b', 'pop_rap', 'electro']","['electronic', 'rock', 'pop', 'k_pop', 'k-rock', 'pop_rock', 'dance_pop', 'contemporary_r&b', 'pop_rap', 'electro']","['pop', 'k_pop']","['electronic', 'rock', 'k-rock', 'pop_rock', 'dance_pop', 'contemporary_r&b', 'pop_rap', 'electro']",10,2,8,216.3269,21.6327,1,0,False
NMIXX,NMIXX,28ot3wh4oNmoFOdVajibBl,1qOD7pel3w9en2JKQ3l6Ha,Fe3O4: FORWARD,single,2025.0,0.9565,2020,https://open.spotify.com/album/1qOD7pel3w9en2JKQ3l6Ha,https://i.scdn.co/image/ab67616d0000b273e7129d59bb7af19ad185b40e,exact,100.0,"['electronic', 'pop']","['k_pop', 'alt-pop', 'dance_pop', 'contemporary_r&b', 'pop_rap', 'trap']","['electronic', 'pop', 'k_pop', 'alt-pop', 'dance_pop', 'contemporary_r&b', 'pop_rap', 'trap']","['pop', 'k_pop']","['electronic', 'alt-pop', 'dance_pop', 'contemporary_r&b', 'pop_rap', 'trap']",8,2,6,208.8479,26.106,1,0,False
NMIXX,NMIXX,28ot3wh4oNmoFOdVajibBl,5XkpNffqz7WdtM1RrAQOvo,High Horse,single,2025.0,0.9565,2020,https://open.spotify.com/album/5XkpNffqz7WdtM1RrAQOvo,https://i.scdn.co/image/ab67616d0000b2736d71909e2c110095fd6791f2,exact,100.0,"['electronic', 'hip_hop', 'pop']","['k_pop', 'alt-pop', 'uk_street_soul', 'trip_hop', 'breakbeat']","['electronic', 'hip_hop', 'pop', 'k_pop', 'alt-pop', 'uk_street_soul', 'trip_hop', 'breakbeat']","['pop', 'k_pop']","['electronic', 'hip_hop', 'alt-pop', 'uk_street_soul', 'trip_hop', 'breakbeat']",8,2,6,2481.7933,310.2242,1,0,False
NMIXX,NMIXX,28ot3wh4oNmoFOdVajibBl,21xLl5kT7vG7UfuZ4G1G0T,Soñar (Spanish Ver.),single,2024.0,0.913,2020,https://open.spotify.com/album/21xLl5kT7vG7UfuZ4G1G0T,https://i.scdn.co/image/ab67616d0000b273491d8a87fbfc8ac274fb2ffa,exact,100.0,"['hip_hop', 'latin', 'pop']","['latin_pop', 'k_pop', 'pop_rap']","['hip_hop', 'latin', 'pop', 'latin_pop', 'k_pop', 'pop_rap']","['pop', 'k_pop']","['hip_hop', 'latin', 'latin_pop', 'pop_rap']",6,2,4,1491.2521,248.542,1,0,False
NMIXX,NMIXX,28ot3wh4oNmoFOdVajibBl,2pb2RscdByJ8pc7dPT1SY2,Fe3O4: STICK OUT,single,2024.0,0.913,2020,https://open.spotify.com/album/2pb2RscdByJ8pc7dPT1SY2,https://i.scdn.co/image/ab67616d0000b273c9c9aaadb2d6d3d44be06332,exact,100.0,['pop'],['k_pop'],"['pop', 'k_pop']","['pop', 'k_pop']",[],2,2,0,2.1831,1.0916,1,0,False
NMIXX,NMIXX,28ot3wh4oNmoFOdVajibBl,1CMbJop3q7bSoakHutpi1W,Soñar (Breaker),single,2023.0,0.8696,2020,https://open.spotify.com/album/1CMbJop3q7bSoakHutpi1W,https://i.scdn.co/image/ab67616d0000b2733751b580f520cf08bce66d63,exact,100.0,['pop'],['k_pop'],"['pop', 'k_pop']","['pop', 'k_pop']",[],2,2,0,2.1831,1.0916,1,0,False
NMIXX,NMIXX,28ot3wh4oNmoFOdVajibBl,0OM5hpJTbDQtetg6TQCOke,A Midsummer NMIXX’s Dream,single,2023.0,0.8696,2020,https://open.spotify.com/album/0OM5hpJTbDQtetg6TQCOke,https://i.scdn.co/image/ab67616d0000b273de5d7fcc7c044c9813e99b33,exact,100.0,"['electronic', 'pop']","['k_pop', 'dance_pop', 'uk_garage', 'deep_house']","['electronic', 'pop', 'k_pop', 'dance_pop', 'uk_garage', 'deep_house']","['pop', 'k_pop']","['electronic', 'dance_pop', 'uk_garage', 'deep_house']",6,2,4,704.2186,117.3698,1,0,False
NMIXX,NMIXX,28ot3wh4oNmoFOdVajibBl,1brnEznuO5sOFwX5cgblYw,Roller Coaster,single,2023.0,0.8696,2020,https://open.spotify.com/album/1brnEznuO5sOFwX5cgblYw,https://i.scdn.co/image/ab67616d0000b27389eb0434891ac969895cbba8,exact,100.0,"['electronic', 'pop']","['dance_pop', 'k_pop', 'deep_house', 'future_house', 'electro']","['electronic', 'pop', 'dance_pop', 'k_pop', 'deep_house', 'future_house', 'electro']","['pop', 'k_pop']","['electronic', 'dance_pop', 'deep_house', 'future_house', 'electro']",7,2,5,1617.166,231.0237,1,0,False
NMIXX,NMIXX,28ot3wh4oNmoFOdVajibBl,6GbCvETnCVvkpvK6qCqTYS,expérgo,single,2023.0,0.8696,2020,https://open.spotify.com/album/6GbCvETnCVvkpvK6qCqTYS,https://i.scdn.co/image/ab67616d0000b2734b32002f8a5e4ee2a5db5ace,exact,100.0,"['electronic', 'pop']",['k_pop'],"['electronic', 'pop', 'k_pop']","['pop', 'k_pop']",['electronic'],3,2,1,7.1243,2.3748,1,0,False
NMIXX,NMIXX,28ot3wh4oNmoFOdVajibBl,3wMlxC4t3dN70e1OF8wUfz,ENTWURF,single,2022.0,0.8261,2020,https://open.spotify.com/album/3wMlxC4t3dN70e1OF8wUfz,https://i.scdn.co/image/ab67616d0000b273eb1b1bb1651e8cca563f3967,exact,100.0,"['hip_hop', 'pop']","['pop_rap', 'k_pop']","['hip_hop', 'pop', 'pop_rap', 'k_pop']","['pop', 'k_pop']","['hip_hop', 'pop_rap']",4,2,2,21.2521,5.313,1,0,False
NMIXX,NMIXX,28ot3wh4oNmoFOdVajibBl,2QbA97qjlAs81t6kVS6zBk,AD MARE,single,2022.0,0.8261,2020,https://open.spotify.com/album/2QbA97qjlAs81t6kVS6zBk,https://i.scdn.co/image/ab67616d0000b27386ca91e718866f411c01db5e,exact,100.0,"['hip_hop', 'pop']","['pop_rap', 'k_pop']","['hip_hop', 'pop', 'pop_rap', 'k_pop']","['pop', 'k_pop']","['hip_hop', 'pop_rap']",4,2,2,21.2521,5.313,1,0,False
DPR IAN,DPR IAN,2o8gT0fQmFxGNbowbdgeZe,0tOtw8pNMRmDa57nZ6GZ9Q,Dear Insanity...,album,2023.0,0.8696,2020,https://open.spotify.com/album/0tOtw8pNMRmDa57nZ6GZ9Q,https://i.scdn.co/image/ab67616d0000b27377d9873153e2ec19f601240e,exact,100.0,"['electronic', 'pop']","['alt-pop', 'k_pop']","['electronic', 'pop', 'alt-pop', 'k_pop']","['pop', 'k_pop']","['electronic', 'alt-pop']",4,2,2,124.7243,31.1811,0,1,False
DPR IAN,DPR IAN,2o8gT0fQmFxGNbowbdgeZe,7vp2iMEQzhNX4sEIUbHpiJ,Moodswings In To Order,album,2022.0,0.8261,2020,https://open.spotify.com/album/7vp2iMEQzhNX4sEIUbHpiJ,https://i.scdn.co/image/ab67616d0000b2738ac536a8b7cdb157509399a7,exact,100.0,['pop'],[],['pop'],['pop'],[],1,1,0,1.0,1.0,0,1,False
DPR IAN,DPR IAN,2o8gT0fQmFxGNbowbdgeZe,2hPHncbZRuWiCBauEUJxyA,Moodswings In This Order,album,2021.0,0.7826,2020,https://open.spotify.com/album/2hPHncbZRuWiCBauEUJxyA,https://i.scdn.co/image/ab67616d0000b273b7fd1b534c02e2426b63b345,exact,100.0,['pop'],['k_pop'],"['pop', 'k_pop']","['pop', 'k_pop']",[],2,2,0,2.1831,1.0916,0,1,False
DPR IAN,DPR IAN,2o8gT0fQmFxGNbowbdgeZe,4GLbvgylMSGQ87JZL0TER1,Don't Go Insane,single,2023.0,0.8696,2020,https://open.spotify.com/album/4GLbvgylMSGQ87JZL0TER1,https://i.scdn.co/image/ab67616d0000b27360c319b60b6a10592213ea77,fuzzy,77.5,"['electronic', 'pop']","['alt-pop', 'k_pop']","['electronic', 'pop', 'alt-pop', 'k_pop']","['pop', 'k_pop']","['electronic', 'alt-pop']",4,2,2,124.7243,31.1811,1,0,False
DPR IAN,DPR IAN,2o8gT0fQmFxGNbowbdgeZe,64wAIYcs6KRlXKWwPdgiLW,So I Danced,single,2023.0,0.8696,2020,https://open.spotify.com/album/64wAIYcs6KRlXKWwPdgiLW,https://i.scdn.co/image/ab67616d0000b2737b1b4b28c6facefa089b40e3,fuzzy,70.0,"['electronic', 'pop']","['alt-pop', 'k_pop']","['electronic', 'pop', 'alt-pop', 'k_pop']","['pop', 'k_pop']","['electronic', 'alt-pop']",4,2,2,124.7243,31.1811,1,0,False
DPR IAN,DPR IAN,2o8gT0fQmFxGNbowbdgeZe,7FxcCo8w3LEpJsZuFhsO4I,Peanut Butter & Tears,single,2023.0,0.8696,2020,https://open.spotify.com/album/7FxcCo8w3LEpJsZuFhsO4I,https://i.scdn.co/image/ab67616d0000b2737c79874a28a47e6f91832f82,fuzzy,65.59,"['electronic', 'pop']","['alt-pop', 'k_pop']","['electronic', 'pop', 'alt-pop', 'k_pop']","['pop', 'k_pop']","['electronic', 'alt-pop']",4,2,2,124.7243,31.1811,1,0,False
DPR IAN,DPR IAN,2o8gT0fQmFxGNbowbdgeZe,0rbFTWzM6EtmYd61kpV1ke,Ballroom Extravaganza,single,2022.0,0.8261,2020,https://open.spotify.com/album/0rbFTWzM6EtmYd61kpV1ke,https://i.scdn.co/image/ab67616d0000b273425804dca2f2b4e86ff9e273,fuzzy,65.47,['pop'],[],['pop'],['pop'],[],1,1,0,1.0,1.0,1,0,False
HWASA,HWASA,7bmYpVgQub656uNTu6qGNQ,2L8UNlNXyAD3cJBPimHbhu,Good Goodbye,single,2025.0,0.9524,2020,https://open.spotify.com/album/2L8UNlNXyAD3cJBPimHbhu,https://i.scdn.co/image/ab67616d0000b273f7ec5c454a78dfb0086c0c97,exact,100.0,['pop'],['k_pop'],"['pop', 'k_pop']",[],"['pop', 'k_pop']",2,0,2,2.1739,1.0869,1,0,False
HWASA,HWASA,7bmYpVgQub656uNTu6qGNQ,1U7TBNZQc0GMPVzrYRm1VO,Star,single,2024.0,0.9048,2020,https://open.spotify.com/album/1U7TBNZQc0GMPVzrYRm1VO,https://i.scdn.co/image/ab67616d0000b2735e5b6800413806c0591dc7a0,exact,100.0,"['funk_/_soul', 'pop']","['rhythm_&_blues', 'soul']","['funk_/_soul', 'pop', 'rhythm_&_blues', 'soul']",[],"['funk_/_soul', 'pop', 'rhythm_&_blues', 'soul']",4,0,4,394.75,98.6875,1,0,False
HWASA,HWASA,7bmYpVgQub656uNTu6qGNQ,4gv5ky2Kg46oREn9CX5MB2,O,single,2024.0,0.9048,2020,https://open.spotify.com/album/4gv5ky2Kg46oREn9CX5MB2,https://i.scdn.co/image/ab67616d0000b273e19fd5467f9bb589e7765e39,exact,100.0,['pop'],['k_pop'],"['pop', 'k_pop']",[],"['pop', 'k_pop']",2,0,2,2.1739,1.0869,1,0,False
HWASA,HWASA,7bmYpVgQub656uNTu6qGNQ,1vybbGeB3hmgVpEiTDZfgK,Chili,single,2023.0,0.8571,2020,https://open.spotify.com/album/1vybbGeB3hmgVpEiTDZfgK,https://i.scdn.co/image/ab67616d0000b273958e22248628086c39bdf786,exact,100.0,"['hip_hop', 'funk_/_soul', 'pop']","['k_pop', 'reggaeton', 'boom_bap', 'snap']","['hip_hop', 'funk_/_soul', 'pop', 'k_pop', 'reggaeton', 'boom_bap', 'snap']",[],"['hip_hop', 'funk_/_soul', 'pop', 'k_pop', 'reggaeton', 'boom_bap', 'snap']",7,0,7,436.6316,62.3759,1,0,False
HWASA,HWASA,7bmYpVgQub656uNTu6qGNQ,7s3o72sGIzLSbTmiUbD1Rh,I Love My Body,single,2023.0,0.8571,2020,https://open.spotify.com/album/7s3o72sGIzLSbTmiUbD1Rh,https://i.scdn.co/image/ab67616d0000b273dc8a386a6e0a3b13e87055e5,exact,100.0,['pop'],"['k_pop', 'dance_pop']","['pop', 'k_pop', 'dance_pop']",[],"['pop', 'k_pop', 'dance_pop']",3,0,3,11.1739,3.7246,1,0,False
HWASA,HWASA,7bmYpVgQub656uNTu6qGNQ,2O19A3b0chg4rwiI1rWmw2,Somebody,single,2022.0,0.8095,2020,https://open.spotify.com/album/2O19A3b0chg4rwiI1rWmw2,https://i.scdn.co/image/ab67616d0000b2739fd9a6a39e132d1804f91246,exact,85.0,['pop'],['k_pop'],"['pop', 'k_pop']",[],"['pop', 'k_pop']",2,0,2,2.1739,1.0869,1,0,False
HWASA,HWASA,7bmYpVgQub656uNTu6qGNQ,7jke1vYOze3jdyTiWhtFnz,Guilty Pleasure,single,2021.0,0.7619,2020,https://open.spotify.com/album/7jke1vYOze3jdyTiWhtFnz,https://i.scdn.co/image/ab67616d0000b2731dfb11871aa63ac9010c0619,exact,97.5,['pop'],['k_pop'],"['pop', 'k_pop']",[],"['pop', 'k_pop']",2,0,2,2.1739,1.0869,1,0,False
HWASA,HWASA,7bmYpVgQub656uNTu6qGNQ,5YYY7QCkq3pSw4Hoc1m0D3,María,single,2020.0,0.7143,2020,https://open.spotify.com/album/5YYY7QCkq3pSw4Hoc1m0D3,https://i.scdn.co/image/ab67616d0000b273a84d6d77bb01c3bd737c47d7,exact,92.5,['pop'],['k_pop'],"['pop', 'k_pop']",[],"['pop', 'k_pop']",2,0,2,2.1739,1.0869,1,0,False
HWASA,HWASA,7bmYpVgQub656uNTu6qGNQ,3cYozFVrbaSezuvCd5DXq2,"The King : Eternal Monarch, Pt. 2 (Original Television Soundtrack)",single,2020.0,0.7143,2020,https://open.spotify.com/album/3cYozFVrbaSezuvCd5DXq2,https://i.scdn.co/image/ab67616d0000b273ed8f16c8dbca0283f74cec7f,exact,100.0,"['funk_/_soul', 'pop', 'stage_&_screen']","['soundtrack', 'contemporary_r&b', 'ballad']","['funk_/_soul', 'pop', 'stage_&_screen', 'soundtrack', 'contemporary_r&b', 'ballad']",[],"['funk_/_soul', 'pop', 'stage_&_screen', 'soundtrack', 'contemporary_r&b', 'ballad']",6,0,6,453.25,75.5417,1,0,False
HWASA,HWASA,7bmYpVgQub656uNTu6qGNQ,6KL4s0Y6Ijcj0QP1Nm1EVF,TWIT,single,2019.0,0.6667,2010,https://open.spotify.com/album/6KL4s0Y6Ijcj0QP1Nm1EVF,https://i.scdn.co/image/ab67616d0000b27346c377827f3ad9fa6b0f64df,exact,100.0,['pop'],['k_pop'],"['pop', 'k_pop']",[],"['pop', 'k_pop']",2,0,2,2.1739,1.0869,1,0,False
j-hope,j-hope,0b1sIQumIAsNbqAoIClSpy,3XuUxVKw2mDLSIkZNYoaa6,Jack In The Box (HOPE Edition),album,2023.0,0.8571,2020,https://open.spotify.com/album/3XuUxVKw2mDLSIkZNYoaa6,https://i.scdn.co/image/ab67616d0000b273e58c1f0d918bea50ad7b2de6,exact,100.0,"['hip_hop', 'pop']","['pop_rap', 'k_pop', 'hardcore_hip-hop', 'boom_bap']","['hip_hop', 'pop', 'pop_rap', 'k_pop', 'hardcore_hip-hop', 'boom_bap']",[],"['hip_hop', 'pop', 'pop_rap', 'k_pop', 'hardcore_hip-hop', 'boom_bap']",6,0,6,240.099,40.0165,0,1,False
j-hope,j-hope,0b1sIQumIAsNbqAoIClSpy,0FrC9lzgVhziJenigsrXdl,Jack In The Box,album,2022.0,0.8095,2020,https://open.spotify.com/album/0FrC9lzgVhziJenigsrXdl,https://i.scdn.co/image/ab67616d0000b273ce5bba40b16f887e0461c6e2,exact,100.0,"['hip_hop', 'rock']",[],"['hip_hop', 'rock']",[],"['hip_hop', 'rock']",2,0,2,17.4462,8.7231,0,1,False
j-hope,j-hope,0b1sIQumIAsNbqAoIClSpy,0XX1044L7ovU5aon6nRiF7,Hope World,album,2018.0,0.619,2010,https://open.spotify.com/album/0XX1044L7ovU5aon6nRiF7,https://i.scdn.co/image/ab67616d0000b273683e016dc13b030a930d4d92,exact,100.0,"['hip_hop', 'pop']","['k_pop', 'cloud_rap', 'trap', 'pop_rap']","['hip_hop', 'pop', 'k_pop', 'cloud_rap', 'trap', 'pop_rap']",[],"['hip_hop', 'pop', 'k_pop', 'cloud_rap', 'trap', 'pop_rap']",6,0,6,233.799,38.9665,0,1,False
j-hope,j-hope,0b1sIQumIAsNbqAoIClSpy,0SSznW46Qvf6PHvO58aPNs,Killin' It Girl (feat. GloRilla),single,2025.0,0.9524,2020,https://open.spotify.com/album/0SSznW46Qvf6PHvO58aPNs,https://i.scdn.co/image/ab67616d0000b273d4d5c6bf0536bc4df8cfca2f,exact,100.0,['hip_hop'],['pop_rap'],"['hip_hop', 'pop_rap']",[],"['hip_hop', 'pop_rap']",2,0,2,11.1251,5.5625,1,0,False
j-hope,j-hope,0b1sIQumIAsNbqAoIClSpy,0Xrer7BRN2vxSqEbdreehr,Sweet Dreams (zzZ Remixes),single,2025.0,0.9524,2020,https://open.spotify.com/album/0Xrer7BRN2vxSqEbdreehr,https://i.scdn.co/image/ab67616d0000b2732d339b4e69a849c7d7d8035a,exact,82.5,"['funk_/_soul', 'pop']",['contemporary_r&b'],"['funk_/_soul', 'pop', 'contemporary_r&b']",[],"['funk_/_soul', 'pop', 'contemporary_r&b']",3,0,3,43.75,14.5833,1,0,False
j-hope,j-hope,0b1sIQumIAsNbqAoIClSpy,5mqxdPWQirLBE7vdDMhlB4,HOPE ON THE STREET VOL.1,single,2024.0,0.9048,2020,https://open.spotify.com/album/5mqxdPWQirLBE7vdDMhlB4,https://i.scdn.co/image/ab67616d0000b273c38c67ad56a314ba5669242d,exact,100.0,"['hip_hop', 'pop']","['pop_rap', 'k_pop']","['hip_hop', 'pop', 'pop_rap', 'k_pop']",[],"['hip_hop', 'pop', 'pop_rap', 'k_pop']",4,0,4,13.299,3.3247,1,0,False
j-hope,j-hope,0b1sIQumIAsNbqAoIClSpy,5Sk4Inca1WZhP7VLuD7DOi,MORE,single,2022.0,0.8095,2020,https://open.spotify.com/album/5Sk4Inca1WZhP7VLuD7DOi,https://i.scdn.co/image/ab67616d0000b273569b887843ceee392b65557b,exact,100.0,"['hip_hop', 'rock']",['k_pop'],"['hip_hop', 'rock', 'k_pop']",[],"['hip_hop', 'rock', 'k_pop']",3,0,3,18.6201,6.2067,1,0,False
RM,RM,2auC28zjQyVTsiZKNgPRGs,512dQp7hBbDDurodCqSw5I,"Right Place, Wrong Person",album,2024.0,0.9048,2020,https://open.spotify.com/album/512dQp7hBbDDurodCqSw5I,https://i.scdn.co/image/ab67616d0000b2737093cd0ee6043740f73e54d9,exact,96.0,"['hip_hop', 'rock', 'funk_/_soul']","['neo_soul', 'jazzy_hip-hop', 'experimental', 'contemporary_r&b']","['hip_hop', 'rock', 'funk_/_soul', 'neo_soul', 'jazzy_hip-hop', 'experimental', 'contemporary_r&b']",[],"['hip_hop', 'rock', 'funk_/_soul', 'neo_soul', 'jazzy_hip-hop', 'experimental', 'contemporary_r&b']",7,0,7,359.4462,51.3495,0,1,False
RM,RM,2auC28zjQyVTsiZKNgPRGs,2wGinO7YWLHN2sULIr4a7v,Indigo,album,2022.0,0.8095,2020,https://open.spotify.com/album/2wGinO7YWLHN2sULIr4a7v,https://i.scdn.co/image/ab67616d0000b273fa60e8a8d5ca09efc6098175,exact,96.0,"['hip_hop', 'pop']","['k_pop', 'contemporary_r&b', 'pop_rap']","['hip_hop', 'pop', 'k_pop', 'contemporary_r&b', 'pop_rap']",[],"['hip_hop', 'pop', 'k_pop', 'contemporary_r&b', 'pop_rap']",5,0,5,40.299,8.0598,0,1,False
RM,RM,2auC28zjQyVTsiZKNgPRGs,1vsTrL1h2bRHP1kUPvlIyb,mono.,album,2018.0,0.619,2010,https://open.spotify.com/album/1vsTrL1h2bRHP1kUPvlIyb,https://i.scdn.co/image/ab67616d0000b273080a745e13dec66b01f7b318,exact,91.0,"['electronic', 'hip_hop', 'rock', 'pop']","['trip_hop', 'conscious', 'k_pop', 'ballad', 'shoegaze', 'dream_pop', 'trap', 'indie_pop']","['electronic', 'hip_hop', 'rock', 'pop', 'trip_hop', 'conscious', 'k_pop', 'ballad', 'shoegaze', 'dream_pop', 'trap', 'indie_pop']",[],"['electronic', 'hip_hop', 'rock', 'pop', 'trip_hop', 'conscious', 'k_pop', 'ballad', 'shoegaze', 'dream_pop', 'trap', 'indie_pop']",12,0,12,701.2654,58.4388,0,1,False
RM,RM,2auC28zjQyVTsiZKNgPRGs,7ENUU3mZBPsGVLmwoj1Sk5,Come back to me,single,2024.0,0.9048,2020,https://open.spotify.com/album/7ENUU3mZBPsGVLmwoj1Sk5,https://i.scdn.co/image/ab67616d0000b27331f74add453e0b95176905c3,exact,96.0,"['hip_hop', 'rock', 'funk_/_soul', 'pop']",['k_pop'],"['hip_hop', 'rock', 'funk_/_soul', 'pop', 'k_pop']",[],"['hip_hop', 'rock', 'funk_/_soul', 'pop', 'k_pop']",5,0,5,35.3701,7.074,1,0,False
RM,RM,2auC28zjQyVTsiZKNgPRGs,1XNlRfQuMTW3IF0z0dUZgq,Change,single,2017.0,0.5714,2010,https://open.spotify.com/album/1XNlRfQuMTW3IF0z0dUZgq,https://i.scdn.co/image/ab67616d0000b273e9cd03556579e99c0b1defa0,fuzzy,78.0,"['electronic', 'hip_hop']","['conscious', 'k_pop']","['electronic', 'hip_hop', 'conscious', 'k_pop']",[],"['electronic', 'hip_hop', 'conscious', 'k_pop']",4,0,4,55.7269,13.9317,1,0,False
Agust D,Agust D,5RmQ8k4l3HZ8JoPb4mNsML,446ROKmKfpEwkbi2SjELVX,D-DAY,album,2023.0,0.8571,2020,https://open.spotify.com/album/446ROKmKfpEwkbi2SjELVX,https://i.scdn.co/image/ab67616d0000b273fa9247b68471b82d2125651e,exact,100.0,['hip_hop'],['conscious'],"['hip_hop', 'conscious']",[],"['hip_hop', 'conscious']",2,0,2,50.1577,25.0788,0,1,False
Agust D,Agust D,5RmQ8k4l3HZ8JoPb4mNsML,7lhFsAaVCFaYbkNvBMw5Zf,D-2,album,2020.0,0.7143,2020,https://open.spotify.com/album/7lhFsAaVCFaYbkNvBMw5Zf,https://i.scdn.co/image/ab67616d0000b27353bfecd78b83e97c4f0794e4,exact,100.0,"['hip_hop', 'rock']",[],"['hip_hop', 'rock']",[],"['hip_hop', 'rock']",2,0,2,17.4462,8.7231,0,1,False
Agust D,Agust D,5RmQ8k4l3HZ8JoPb4mNsML,1qHUxg0YIm6caZQrDJvDdk,Agust D,album,2016.0,0.5238,2010,https://open.spotify.com/album/1qHUxg0YIm6caZQrDJvDdk,https://i.scdn.co/image/ab67616d0000b273d50c63294b5dd4f6b7f79429,exact,100.0,['hip_hop'],"['k_pop', 'jazzy_hip-hop', 'trap', 'pop_rap', 'trip_hop', 'turntablism', 'conscious']","['hip_hop', 'k_pop', 'jazzy_hip-hop', 'trap', 'pop_rap', 'trip_hop', 'turntablism', 'conscious']",[],"['hip_hop', 'k_pop', 'jazzy_hip-hop', 'trap', 'pop_rap', 'trip_hop', 'turntablism', 'conscious']",8,0,8,421.799,52.7249,0,1,False
D.O.,D.O.,2CQZr2RPZmrcvDnaod1ldC,6QYmZNsB8JEqHybg99YYfM,DUMB,single,2025.0,0.9524,2020,https://open.spotify.com/album/6QYmZNsB8JEqHybg99YYfM,https://i.scdn.co/image/ab67616d0000b273f7d6514b8e96e33bf3104a9b,fuzzy,68.71,"['rock', 'pop']","['k-rock', 'k_pop']","['rock', 'pop', 'k-rock', 'k_pop']",[],"['rock', 'pop', 'k-rock', 'k_pop']",4,0,4,205.7124,51.4281,1,0,False
D.O.,D.O.,2CQZr2RPZmrcvDnaod1ldC,5toDKS5XF6fxrI4OgQjHYZ,Expectation - The 2nd Mini Album,single,2023.0,0.8571,2020,https://open.spotify.com/album/5toDKS5XF6fxrI4OgQjHYZ,https://i.scdn.co/image/ab67616d0000b2739fc7a71661f7d244cfbadf8d,fuzzy,68.67,['pop'],[],['pop'],[],['pop'],1,0,1,1.0,1.0,1,0,False
D.O.,D.O.,2CQZr2RPZmrcvDnaod1ldC,6EzpktNa8oT04yXVfQieJf,That's okay,single,2019.0,0.6667,2010,https://open.spotify.com/album/6EzpktNa8oT04yXVfQieJf,https://i.scdn.co/image/ab67616d0000b273a913b4768875bb4c53ce8658,fuzzy,72.32,"['funk_/_soul', 'pop']","['k_pop', 'ballad', 'contemporary_r&b']","['funk_/_soul', 'pop', 'k_pop', 'ballad', 'contemporary_r&b']",[],"['funk_/_soul', 'pop', 'k_pop', 'ballad', 'contemporary_r&b']",5,0,5,76.4239,15.2848,1,0,False
10CM,10CM,6zn0ihyAApAYV51zpXxdEp,2NxVbCMzrPU8Mld0lzJhqf,5.0,album,2025.0,0.9524,2020,https://open.spotify.com/album/2NxVbCMzrPU8Mld0lzJhqf,https://i.scdn.co/image/ab67616d0000b27381b6ee5d5930d8d23db82e93,exact,100.0,"['pop', 'folk,_world,_&_country']",['ballad'],"['pop', 'folk,_world,_&_country', 'ballad']",[],"['pop', 'folk,_world,_&_country', 'ballad']",3,0,3,127.0,42.3333,0,1,False
10CM,10CM,6zn0ihyAApAYV51zpXxdEp,67hiKxAR8TrMNt3YopULAL,4.0,album,2017.0,0.5714,2010,https://open.spotify.com/album/67hiKxAR8TrMNt3YopULAL,https://i.scdn.co/image/ab67616d0000b273b6b49f0d0e5d33b707c041ef,exact,100.0,"['pop', 'folk,_world,_&_country']","['folk', 'indie_pop']","['pop', 'folk,_world,_&_country', 'folk', 'indie_pop']",[],"['pop', 'folk,_world,_&_country', 'folk', 'indie_pop']",4,0,4,379.0,94.75,0,1,False
10CM,10CM,6zn0ihyAApAYV51zpXxdEp,12ubeUaBlWdb0cWZfmvtj2,1.0,album,2011.0,0.2857,2010,https://open.spotify.com/album/12ubeUaBlWdb0cWZfmvtj2,https://i.scdn.co/image/ab67616d0000b273649e2fd980847817fb82923c,exact,100.0,"['rock', 'pop']",[],"['rock', 'pop']",[],"['rock', 'pop']",2,0,2,15.5385,7.7693,0,1,False
10CM,10CM,6zn0ihyAApAYV51zpXxdEp,1K6yALOFEiqg9KigNjRMKE,The 3rd EP,single,2021.0,0.7619,2020,https://open.spotify.com/album/1K6yALOFEiqg9KigNjRMKE,https://i.scdn.co/image/ab67616d0000b273040032754e4b02c0582e5662,exact,100.0,['pop'],['k_pop'],"['pop', 'k_pop']",[],"['pop', 'k_pop']",2,0,2,2.1739,1.0869,1,0,False
DAESUNG,DAESUNG,1OQxmfKN9UG5C7nr4MkasO,0mCLRMszIUX4W1JAvOJcN1,D's WAVE,album,2025.0,0.9524,2020,https://open.spotify.com/album/0mCLRMszIUX4W1JAvOJcN1,https://i.scdn.co/image/ab67616d0000b273009173447b01d58d9fd57e82,exact,100.0,"['hip_hop', 'pop']",['k_pop'],"['hip_hop', 'pop', 'k_pop']",[],"['hip_hop', 'pop', 'k_pop']",3,0,3,5.0816,1.6939,0,1,False
KARD,KARD,2JhAlkmukNvarUpGhTFXUQ,0eXeBtUotmPrJtREbEa3nE,KARD 7th Mini Album 'Where To Now? (Part.1 : Yellow Light)',single,2024.0,0.9048,2020,https://open.spotify.com/album/0eXeBtUotmPrJtREbEa3nE,https://i.scdn.co/image/ab67616d0000b273735a45653bf69f7f50843a44,exact,99.12,"['hip_hop', 'pop']",['k_pop'],"['hip_hop', 'pop', 'k_pop']",[],"['hip_hop', 'pop', 'k_pop']",3,0,3,5.0816,1.6939,1,0,False
KARD,KARD,2JhAlkmukNvarUpGhTFXUQ,7h5X3xhh3peIK9Y0qI5hbK,KARD 2nd Digital Single ‘Dumb Litty’,single,2019.0,0.6667,2010,https://open.spotify.com/album/7h5X3xhh3peIK9Y0qI5hbK,https://i.scdn.co/image/ab67616d0000b2734aa904635267519fcfae251f,fuzzy,79.57,"['electronic', 'hip_hop', 'pop']",['k_pop'],"['electronic', 'hip_hop', 'pop', 'k_pop']",[],"['electronic', 'hip_hop', 'pop', 'k_pop']",4,0,4,9.4769,2.3692,1,0,False
KARD,KARD,2JhAlkmukNvarUpGhTFXUQ,61X9zu44fHnOjjqIYu05Rc,KARD 1st Digital Single ‘Bomb Bomb’,single,2019.0,0.6667,2010,https://open.spotify.com/album/61X9zu44fHnOjjqIYu05Rc,https://i.scdn.co/image/ab67616d0000b273d19dea795b7319268486fc5b,fuzzy,78.41,['pop'],['k_pop'],"['pop', 'k_pop']",[],"['pop', 'k_pop']",2,0,2,2.1739,1.0869,1,0,False
KARD,KARD,2JhAlkmukNvarUpGhTFXUQ,04tgWsx713U27GklzkjEOz,KARD 2nd Mini Album 'YOU & ME',single,2017.0,0.5714,2010,https://open.spotify.com/album/04tgWsx713U27GklzkjEOz,https://i.scdn.co/image/ab67616d0000b273dc2fb73e1fd6638f69680591,fuzzy,75.0,['pop'],['k_pop'],"['pop', 'k_pop']",[],"['pop', 'k_pop']",2,0,2,2.1739,1.0869,1,0,False
KARD,KARD,2JhAlkmukNvarUpGhTFXUQ,0yRqgjTuWcenh5ryqwyPoQ,"K.A.R.D Project Vol.3 ""RUMOR""",single,2017.0,0.5714,2010,https://open.spotify.com/album/0yRqgjTuWcenh5ryqwyPoQ,https://i.scdn.co/image/ab67616d0000b273206df7c9becfa3738250cdc2,exact,100.0,['pop'],['k_pop'],"['pop', 'k_pop']",[],"['pop', 'k_pop']",2,0,2,2.1739,1.0869,1,0,False
KARD,KARD,2JhAlkmukNvarUpGhTFXUQ,6PEIt9uqWdF043AB3YrvQj,"K.A.R.D Project Vol.2 ""Don't Recall""",single,2017.0,0.5714,2010,https://open.spotify.com/album/6PEIt9uqWdF043AB3YrvQj,https://i.scdn.co/image/ab67616d0000b27338dc42ce01dde24b7f79f4bc,exact,100.0,"['electronic', 'pop']","['k_pop', 'dance_pop']","['electronic', 'pop', 'k_pop', 'dance_pop']",[],"['electronic', 'pop', 'k_pop', 'dance_pop']",4,0,4,15.5692,3.8923,1,0,False
KARD,KARD,2JhAlkmukNvarUpGhTFXUQ,2HpryOOYLbnST4aCT5v4lF,"K.A.R.D Project Vol.1 ""Oh NaNa""",single,2016.0,0.5238,2010,https://open.spotify.com/album/2HpryOOYLbnST4aCT5v4lF,https://i.scdn.co/image/ab67616d0000b273303e5bf3d35497223f95f9d2,exact,100.0,['pop'],['k_pop'],"['pop', 'k_pop']",[],"['pop', 'k_pop']",2,0,2,2.1739,1.0869,1,0,False
MOMOLAND,MOMOLAND,5RR0MLwcjc87wjSw2JYdwx,2r35RHvEtBjgKiONdItRR5,Yummy Yummy Love,single,2022.0,0.8095,2020,https://open.spotify.com/album/2r35RHvEtBjgKiONdItRR5,https://i.scdn.co/image/ab67616d0000b27352db41e897d3a8dc72929208,exact,81.18,['pop'],['k_pop'],"['pop', 'k_pop']",[],"['pop', 'k_pop']",2,0,2,2.1739,1.0869,1,0,False
MOMOLAND,MOMOLAND,5RR0MLwcjc87wjSw2JYdwx,6uFRDoLaMdhTSDOOp5xW1z,Ready Or Not,single,2020.0,0.7143,2020,https://open.spotify.com/album/6uFRDoLaMdhTSDOOp5xW1z,https://i.scdn.co/image/ab67616d0000b2735e407b9a13df7149b542be86,exact,100.0,['pop'],['k_pop'],"['pop', 'k_pop']",[],"['pop', 'k_pop']",2,0,2,2.1739,1.0869,1,0,False
MOMOLAND,MOMOLAND,5RR0MLwcjc87wjSw2JYdwx,6dPTCj1x52RQX4ALieYp5N,Starry Night,single,2020.0,0.7143,2020,https://open.spotify.com/album/6dPTCj1x52RQX4ALieYp5N,https://i.scdn.co/image/ab67616d0000b2737f77562058de9093217e3c0c,exact,95.0,['pop'],['k_pop'],"['pop', 'k_pop']",[],"['pop', 'k_pop']",2,0,2,2.1739,1.0869,1,0,False
MOMOLAND,MOMOLAND,5RR0MLwcjc87wjSw2JYdwx,6MXn7TTeSnLuF179cWlm4F,Thumbs Up,single,2019.0,0.6667,2010,https://open.spotify.com/album/6MXn7TTeSnLuF179cWlm4F,https://i.scdn.co/image/ab67616d0000b2734bc274b8a46c1bf4c5aeecf7,exact,100.0,['pop'],['k_pop'],"['pop', 'k_pop']",[],"['pop', 'k_pop']",2,0,2,2.1739,1.0869,1,0,False
MOMOLAND,MOMOLAND,5RR0MLwcjc87wjSw2JYdwx,2olU5yGGjXxgOt9GrFEtLo,Show Me,single,2019.0,0.6667,2010,https://open.spotify.com/album/2olU5yGGjXxgOt9GrFEtLo,https://i.scdn.co/image/ab67616d0000b2735dd07552de8e974829621d84,exact,95.0,['pop'],['k_pop'],"['pop', 'k_pop']",[],"['pop', 'k_pop']",2,0,2,2.1739,1.0869,1,0,False
MOMOLAND,MOMOLAND,5RR0MLwcjc87wjSw2JYdwx,75dkh8s39e7txjNe9cODH3,Fun to The World,single,2018.0,0.619,2010,https://open.spotify.com/album/75dkh8s39e7txjNe9cODH3,https://i.scdn.co/image/ab67616d0000b27342b393df3e24a66e5accbf2b,exact,95.0,"['electronic', 'pop']","['dance_pop', 'k_pop', 'nu-disco']","['electronic', 'pop', 'dance_pop', 'k_pop', 'nu-disco']",[],"['electronic', 'pop', 'dance_pop', 'k_pop', 'nu-disco']",5,0,5,62.8192,12.5638,1,0,False
MOMOLAND,MOMOLAND,5RR0MLwcjc87wjSw2JYdwx,5vt2sEP5J0VNbYXoA7h2k4,GREAT!,single,2018.0,0.619,2010,https://open.spotify.com/album/5vt2sEP5J0VNbYXoA7h2k4,https://i.scdn.co/image/ab67616d0000b273a5bb4ef1ca42f4378d815c7c,exact,95.0,"['electronic', 'pop']","['dance_pop', 'nu-disco', 'k_pop']","['electronic', 'pop', 'dance_pop', 'nu-disco', 'k_pop']",[],"['electronic', 'pop', 'dance_pop', 'nu-disco', 'k_pop']",5,0,5,62.8192,12.5638,1,0,False
MOMOLAND,MOMOLAND,5RR0MLwcjc87wjSw2JYdwx,0Y0DGsgsfMV7rcsORxyokC,Freeze!,single,2017.0,0.5714,2010,https://open.spotify.com/album/0Y0DGsgsfMV7rcsORxyokC,https://i.scdn.co/image/ab67616d0000b2730bd6e251b7e1fad1c1967c34,exact,95.0,"['electronic', 'pop']","['dance_pop', 'k_pop', 'nu-disco']","['electronic', 'pop', 'dance_pop', 'k_pop', 'nu-disco']",[],"['electronic', 'pop', 'dance_pop', 'k_pop', 'nu-disco']",5,0,5,62.8192,12.5638,1,0,False
MOMOLAND,MOMOLAND,5RR0MLwcjc87wjSw2JYdwx,640iEzwz1w3QgEaiDxeqih,Wonderful love,single,2017.0,0.5714,2010,https://open.spotify.com/album/640iEzwz1w3QgEaiDxeqih,https://i.scdn.co/image/ab67616d0000b27389c3564c8f6c3bfca8fc56f5,exact,100.0,['pop'],['k_pop'],"['pop', 'k_pop']",[],"['pop', 'k_pop']",2,0,2,2.1739,1.0869,1,0,False
MOMOLAND,MOMOLAND,5RR0MLwcjc87wjSw2JYdwx,3i5ryBAE1wpNq50qqDxxUG,Welcome to MOMOLAND,single,2016.0,0.5238,2010,https://open.spotify.com/album/3i5ryBAE1wpNq50qqDxxUG,https://i.scdn.co/image/ab67616d0000b273c22eddd4b455cd6c315d140d,exact,95.0,"['electronic', 'pop']","['hip_hop', 'k_pop', 'dance_pop']","['electronic', 'pop', 'hip_hop', 'k_pop', 'dance_pop']",[],"['electronic', 'pop', 'hip_hop', 'k_pop', 'dance_pop']",5,0,5,18.4769,3.6954,1,0,False
LISA,LISA,5L1lO4eRHmJ7a0Q6csE5cT,5eoWRkeplmcCL97afSMJVm,Alter Ego,album,2025.0,0.9524,2020,https://open.spotify.com/album/5eoWRkeplmcCL97afSMJVm,https://i.scdn.co/image/ab67616d0000b27395ce3d848f4e452489d4a12c,exact,90.0,"['electronic', 'pop']","['k_pop', 'hip_hop']","['electronic', 'pop', 'k_pop', 'hip_hop']",[],"['electronic', 'pop', 'k_pop', 'hip_hop']",4,0,4,9.4769,2.3692,0,1,False
LISA,LISA,5L1lO4eRHmJ7a0Q6csE5cT,5ADTbFCyP8cFAu59i4idiC,Born Again (feat. Doja Cat & RAYE),single,2025.0,0.9524,2020,https://open.spotify.com/album/5ADTbFCyP8cFAu59i4idiC,https://i.scdn.co/image/ab67616d0000b273ebb2cc866c0cf12abd8ea5a6,fuzzy,66.95,"['electronic', 'pop']","['dance_pop', 'nu-disco']","['electronic', 'pop', 'dance_pop', 'nu-disco']",[],"['electronic', 'pop', 'dance_pop', 'nu-disco']",4,0,4,61.6453,15.4113,1,0,False
LISA,LISA,5L1lO4eRHmJ7a0Q6csE5cT,0WyGUQxsookdLIQnRy6MOl,Moonlit Floor (Kiss Me) (Santa Baby Remix),single,2024.0,0.9048,2020,https://open.spotify.com/album/0WyGUQxsookdLIQnRy6MOl,https://i.scdn.co/image/ab67616d0000b273eea4883a6b71d19fd083593a,exact,90.0,"['electronic', 'pop']","['dance_pop', 'holiday']","['electronic', 'pop', 'dance_pop', 'holiday']",[],"['electronic', 'pop', 'dance_pop', 'holiday']",4,0,4,203.3953,50.8488,1,0,False
LISA,LISA,5L1lO4eRHmJ7a0Q6csE5cT,1OGxb1Z5KDBVOwDtyKu8wz,Moonlit Floor (Kiss Me),single,2024.0,0.9048,2020,https://open.spotify.com/album/1OGxb1Z5KDBVOwDtyKu8wz,https://i.scdn.co/image/ab67616d0000b273dbd0a7b97ac20b1aa354490f,exact,90.0,"['electronic', 'pop']",['dance_pop'],"['electronic', 'pop', 'dance_pop']",[],"['electronic', 'pop', 'dance_pop']",3,0,3,14.3953,4.7984,1,0,False
LISA,LISA,5L1lO4eRHmJ7a0Q6csE5cT,2F84s5tvr9RSS6VI772mVb,Moonlit Floor (Kiss Me),single,2024.0,0.9048,2020,https://open.spotify.com/album/2F84s5tvr9RSS6VI772mVb,https://i.scdn.co/image/ab67616d0000b273cb2610dd051df9875fc947d4,exact,90.0,"['electronic', 'pop']",['dance_pop'],"['electronic', 'pop', 'dance_pop']",[],"['electronic', 'pop', 'dance_pop']",3,0,3,14.3953,4.7984,1,0,False
LISA,LISA,5L1lO4eRHmJ7a0Q6csE5cT,7wIIhHPyaxAHRvdNQQO2G9,Rockstar,single,2024.0,0.9048,2020,https://open.spotify.com/album/7wIIhHPyaxAHRvdNQQO2G9,https://i.scdn.co/image/ab67616d0000b27383b619e9b866341866fb13e3,exact,90.0,"['hip_hop', 'pop']",['pop_rap'],"['hip_hop', 'pop', 'pop_rap']",[],"['hip_hop', 'pop', 'pop_rap']",3,0,3,12.1251,4.0417,1,0,False
LISA,LISA,5L1lO4eRHmJ7a0Q6csE5cT,66OYt73mqan1hWa78BhfPd,LALISA,single,2021.0,0.7619,2020,https://open.spotify.com/album/66OYt73mqan1hWa78BhfPd,https://i.scdn.co/image/ab67616d0000b273330f11fb125bb80b760f9e19,exact,90.0,"['hip_hop', 'pop']","['k_pop', 'pop_rap']","['hip_hop', 'pop', 'k_pop', 'pop_rap']",[],"['hip_hop', 'pop', 'k_pop', 'pop_rap']",4,0,4,13.299,3.3247,1,0,False
PSY,PSY,2dd5mrQZvg6SmahdgVKDzh,7hbSWdxliNs551GXtflIZB,PSY 9th,album,2022.0,0.8095,2020,https://open.spotify.com/album/7hbSWdxliNs551GXtflIZB,https://i.scdn.co/image/ab67616d0000b273763208e225ccbbda004d2176,exact,80.25,"['electronic', 'hip_hop', 'funk_/_soul', 'pop']","['k_pop', 'dance_pop']","['electronic', 'hip_hop', 'funk_/_soul', 'pop', 'k_pop', 'dance_pop']",[],"['electronic', 'hip_hop', 'funk_/_soul', 'pop', 'k_pop', 'dance_pop']",6,0,6,34.2269,5.7045,0,1,False
PSY,PSY,2dd5mrQZvg6SmahdgVKDzh,5AtBwO35tOSWvxS4nFWHAi,PSY 8th 4X2=8,album,2017.0,0.5714,2010,https://open.spotify.com/album/5AtBwO35tOSWvxS4nFWHAi,https://i.scdn.co/image/ab67616d0000b273e76e23b5d422364e5c37063a,exact,85.57,"['electronic', 'hip_hop', 'pop']","['dance_pop', 'k_pop']","['electronic', 'hip_hop', 'pop', 'dance_pop', 'k_pop']",[],"['electronic', 'hip_hop', 'pop', 'dance_pop', 'k_pop']",5,0,5,18.4769,3.6954,0,1,False
PSY,PSY,2dd5mrQZvg6SmahdgVKDzh,1aHmoh8Iog2xqwVk9A77yc,PSY 7TH ALBUM,album,2015.0,0.4762,2010,https://open.spotify.com/album/1aHmoh8Iog2xqwVk9A77yc,https://i.scdn.co/image/ab67616d0000b2731c0522b1f119c06409b838dc,exact,93.75,"['electronic', 'hip_hop', 'pop']","['dance_pop', 'k_pop']","['electronic', 'hip_hop', 'pop', 'dance_pop', 'k_pop']",[],"['electronic', 'hip_hop', 'pop', 'dance_pop', 'k_pop']",5,0,5,18.4769,3.6954,0,1,False
PSY,PSY,2dd5mrQZvg6SmahdgVKDzh,6jYrnuvdOVxQjl0J2QBWRm,Psyfive,album,2010.0,0.2381,2010,https://open.spotify.com/album/6jYrnuvdOVxQjl0J2QBWRm,https://i.scdn.co/image/ab67616d0000b273faffca53c15ad4982d462d33,fuzzy,71.25,"['electronic', 'hip_hop', 'pop']","['pop_rap', 'k_pop']","['electronic', 'hip_hop', 'pop', 'pop_rap', 'k_pop']",[],"['electronic', 'hip_hop', 'pop', 'pop_rap', 'k_pop']",5,0,5,17.6943,3.5389,0,1,False
PSY,PSY,2dd5mrQZvg6SmahdgVKDzh,2ZhAZPjsWtCJ6ZDgtl6E63,싸집,album,2006.0,0.0476,2000,https://open.spotify.com/album/2ZhAZPjsWtCJ6ZDgtl6E63,https://i.scdn.co/image/ab67616d0000b2731c39964ecb5b15fb7be5b78b,exact,93.75,"['electronic', 'hip_hop', 'rock', 'pop']",['k_pop'],"['electronic', 'hip_hop', 'rock', 'pop', 'k_pop']",[],"['electronic', 'hip_hop', 'rock', 'pop', 'k_pop']",5,0,5,24.0154,4.8031,0,1,False
PSY,PSY,2dd5mrQZvg6SmahdgVKDzh,1LZ6fdYr5t1xfCKhrHgTLb,Hangover,single,2014.0,0.4286,2010,https://open.spotify.com/album/1LZ6fdYr5t1xfCKhrHgTLb,https://i.scdn.co/image/ab67616d0000b273c30bbe56e4355195f3255c2f,fuzzy,71.25,"['electronic', 'hip_hop', 'pop']","['electro', 'house', 'hip-house']","['electronic', 'hip_hop', 'pop', 'electro', 'house', 'hip-house']",[],"['electronic', 'hip_hop', 'pop', 'electro', 'house', 'hip-house']",6,0,6,197.303,32.8838,1,0,False
PSY,PSY,2dd5mrQZvg6SmahdgVKDzh,3V9e90jaA4vyV7dkO8dwND,Gangnam Style (강남스타일),single,2013.0,0.381,2010,https://open.spotify.com/album/3V9e90jaA4vyV7dkO8dwND,https://i.scdn.co/image/ab67616d0000b2738201b7723ec22be5aad9197d,fuzzy,78.97,"['electronic', 'pop']","['house', 'k_pop']","['electronic', 'pop', 'house', 'k_pop']",[],"['electronic', 'pop', 'house', 'k_pop']",4,0,4,53.8192,13.4548,1,0,False
PSY,PSY,2dd5mrQZvg6SmahdgVKDzh,0Nq7k5hqml23K1VlrEnLNR,"PSY SIX RULES, Pt. 1",single,2012.0,0.3333,2010,https://open.spotify.com/album/0Nq7k5hqml23K1VlrEnLNR,https://i.scdn.co/image/ab67616d0000b2738cacbdd7305b0651b4c0fec4,exact,85.29,"['hip_hop', 'pop']",['k_pop'],"['hip_hop', 'pop', 'k_pop']",[],"['hip_hop', 'pop', 'k_pop']",3,0,3,5.0816,1.6939,1,0,False
PSY,PSY,2dd5mrQZvg6SmahdgVKDzh,0ZjxizLeMyFEjR27JIvD99,Gangnam Style (강남스타일),single,2012.0,0.3333,2010,https://open.spotify.com/album/0ZjxizLeMyFEjR27JIvD99,https://i.scdn.co/image/ab67616d0000b2736cfc57e5358c5e39e79bccbd,exact,93.75,"['electronic', 'hip_hop', 'pop']","['house', 'electro', 'hip-house', 'k_pop']","['electronic', 'hip_hop', 'pop', 'house', 'electro', 'hip-house', 'k_pop']",[],"['electronic', 'hip_hop', 'pop', 'house', 'electro', 'hip-house', 'k_pop']",7,0,7,198.4769,28.3538,1,0,False
SOYOU,SOYOU,3b4kLCI0ZJW47TFsNRqgCb,0PhHSoN6WeJpTBsMmbvgbH,Summer Recipe,single,2023.0,0.8571,2020,https://open.spotify.com/album/0PhHSoN6WeJpTBsMmbvgbH,https://i.scdn.co/image/ab67616d0000b2730a534ebbc8b05166fcf9153c,exact,100.0,['pop'],['k_pop'],"['pop', 'k_pop']",[],"['pop', 'k_pop']",2,0,2,2.1739,1.0869,1,0,False
SOYOU,SOYOU,3b4kLCI0ZJW47TFsNRqgCb,7sBbx1DhWAHo9Xovfd8Yhn,The 1st Mini Album 'Day & Night',single,2022.0,0.8095,2020,https://open.spotify.com/album/7sBbx1DhWAHo9Xovfd8Yhn,https://i.scdn.co/image/ab67616d0000b2730e3f379796d677dd9b934864,fuzzy,79.15,['pop'],['k_pop'],"['pop', 'k_pop']",[],"['pop', 'k_pop']",2,0,2,2.1739,1.0869,1,0,False
SOYOU,SOYOU,3b4kLCI0ZJW47TFsNRqgCb,0QNFrDNohHvrMsm7lH1gat,ZERO:ATTITUDE,single,2021.0,0.7619,2020,https://open.spotify.com/album/0QNFrDNohHvrMsm7lH1gat,https://i.scdn.co/image/ab67616d0000b2732bb9d34716dde992f5734ad4,exact,86.47,['pop'],['k_pop'],"['pop', 'k_pop']",[],"['pop', 'k_pop']",2,0,2,2.1739,1.0869,1,0,False
SOYOU,SOYOU,3b4kLCI0ZJW47TFsNRqgCb,39RB7l7UElREy8SpJuvhbW,RE:FRESH,single,2018.0,0.619,2010,https://open.spotify.com/album/39RB7l7UElREy8SpJuvhbW,https://i.scdn.co/image/ab67616d0000b273d5734e942e1dc04ea82fce72,exact,100.0,['pop'],['k_pop'],"['pop', 'k_pop']",[],"['pop', 'k_pop']",2,0,2,2.1739,1.0869,1,0,False
SOYOU,SOYOU,3b4kLCI0ZJW47TFsNRqgCb,2r1oAmMSnUasXigJ2fTwk6,Some,single,2014.0,0.4286,2010,https://open.spotify.com/album/2r1oAmMSnUasXigJ2fTwk6,https://i.scdn.co/image/ab67616d0000b27361166666e32b86c3e9a7b78b,fuzzy,79.57,['pop'],"['ballad', 'k_pop']","['pop', 'ballad', 'k_pop']",[],"['pop', 'ballad', 'k_pop']",3,0,3,33.6739,11.2246,1,0,False
Zion.T,Zion.T,5HenzRvMtSrgtvU16XAoby,20WQSlujuTbzd9d5V46mkc,OO,album,2017.0,0.5714,2010,https://open.spotify.com/album/20WQSlujuTbzd9d5V46mkc,https://i.scdn.co/image/ab67616d0000b273531a2800a2d10642a366604d,exact,100.0,"['funk_/_soul', 'pop']",['k_pop'],"['funk_/_soul', 'pop', 'k_pop']",[],"['funk_/_soul', 'pop', 'k_pop']",3,0,3,17.9239,5.9746,0,1,False
Zion.T,Zion.T,5HenzRvMtSrgtvU16XAoby,0kNBVdH0reEe7q623EYijH,Red Light,album,2013.0,0.381,2010,https://open.spotify.com/album/0kNBVdH0reEe7q623EYijH,https://i.scdn.co/image/ab67616d0000b2732e254f08dcdfbc5d6c563b3f,exact,100.0,"['funk_/_soul', 'pop']",['k_pop'],"['funk_/_soul', 'pop', 'k_pop']",[],"['funk_/_soul', 'pop', 'k_pop']",3,0,3,17.9239,5.9746,0,1,False
Zion.T,Zion.T,5HenzRvMtSrgtvU16XAoby,3jXVfwnqhI1wBwC2U416Ya,ZZZ,single,2018.0,0.619,2010,https://open.spotify.com/album/3jXVfwnqhI1wBwC2U416Ya,https://i.scdn.co/image/ab67616d0000b273cd83d54a24fe137c2870cee9,exact,100.0,['hip_hop'],[],['hip_hop'],[],['hip_hop'],1,0,1,2.9077,2.9077,1,0,False
Block B,Block B,4RnezwRV7VBJUCI1S0AE5u,1iYRYCKYO7AkQetL2ukNJp,Re:MONTAGE,album,2018.0,0.619,2010,https://open.spotify.com/album/1iYRYCKYO7AkQetL2ukNJp,https://i.scdn.co/image/ab67616d0000b273f436e8173dbafb4da5643a62,exact,99.38,['pop'],['k_pop'],"['pop', 'k_pop']",[],"['pop', 'k_pop']",2,0,2,2.1739,1.0869,0,1,False
Block B,Block B,4RnezwRV7VBJUCI1S0AE5u,7DD2CdY6IquL2KqyyQnGOW,My Zone,album,2016.0,0.5238,2010,https://open.spotify.com/album/7DD2CdY6IquL2KqyyQnGOW,https://i.scdn.co/image/ab67616d0000b2736789e80b0e0c4037426c24f7,fuzzy,75.38,['pop'],['k_pop'],"['pop', 'k_pop']",[],"['pop', 'k_pop']",2,0,2,2.1739,1.0869,0,1,False
Block B,Block B,4RnezwRV7VBJUCI1S0AE5u,5humkj69QwOd1wBwmmMZq6,BLOCKBUSTER,album,2012.0,0.3333,2010,https://open.spotify.com/album/5humkj69QwOd1wBwmmMZq6,https://i.scdn.co/image/ab67616d0000b273c87c62afc2cbb281b3fea1a6,exact,99.38,"['hip_hop', 'pop']",['k_pop'],"['hip_hop', 'pop', 'k_pop']",[],"['hip_hop', 'pop', 'k_pop']",3,0,3,5.0816,1.6939,0,1,False
Block B,Block B,4RnezwRV7VBJUCI1S0AE5u,4t2o67D930dQzIB4fzXElW,‘Welcome to the BLOCK’ Repackage,album,2012.0,0.3333,2010,https://open.spotify.com/album/4t2o67D930dQzIB4fzXElW,https://i.scdn.co/image/ab67616d0000b2739c9c5b86c87bc6e24a813470,exact,88.99,['pop'],['k_pop'],"['pop', 'k_pop']",[],"['pop', 'k_pop']",2,0,2,2.1739,1.0869,0,1,False
Block B,Block B,4RnezwRV7VBJUCI1S0AE5u,2E88InijeUw9UL0B7kmfe9,MONTAGE,single,2017.0,0.5714,2010,https://open.spotify.com/album/2E88InijeUw9UL0B7kmfe9,https://i.scdn.co/image/ab67616d0000b273abc339bef0027ea0cff76db0,exact,94.38,['pop'],['k_pop'],"['pop', 'k_pop']",[],"['pop', 'k_pop']",2,0,2,2.1739,1.0869,1,0,False
Block B,Block B,4RnezwRV7VBJUCI1S0AE5u,03q0rJ9J1FbvbTUVekJGqk,YESTERDAY,single,2017.0,0.5714,2010,https://open.spotify.com/album/03q0rJ9J1FbvbTUVekJGqk,https://i.scdn.co/image/ab67616d0000b273208a58d54567d84889365679,exact,99.38,"['hip_hop', 'pop']",['k_pop'],"['hip_hop', 'pop', 'k_pop']",[],"['hip_hop', 'pop', 'k_pop']",3,0,3,5.0816,1.6939,1,0,False
Block B,Block B,4RnezwRV7VBJUCI1S0AE5u,0j200gVJhL56SoTrYXytx3,Blooming Period,single,2016.0,0.5238,2010,https://open.spotify.com/album/0j200gVJhL56SoTrYXytx3,https://i.scdn.co/image/ab67616d0000b273fb237e46800c10bcbf402167,exact,94.38,"['hip_hop', 'pop']",['k_pop'],"['hip_hop', 'pop', 'k_pop']",[],"['hip_hop', 'pop', 'k_pop']",3,0,3,5.0816,1.6939,1,0,False
Block B,Block B,4RnezwRV7VBJUCI1S0AE5u,5AujjoJ3gAth9YnrIXa7Ww,Very Good,single,2013.0,0.381,2010,https://open.spotify.com/album/5AujjoJ3gAth9YnrIXa7Ww,https://i.scdn.co/image/ab67616d0000b273c9c58101394306d8fccaeeb8,exact,94.38,['pop'],['k_pop'],"['pop', 'k_pop']",[],"['pop', 'k_pop']",2,0,2,2.1739,1.0869,1,0,False
Block B,Block B,4RnezwRV7VBJUCI1S0AE5u,6keoJJWt7AOZ3jvznOc5om,Welcome to the BLOCK,single,2012.0,0.3333,2010,https://open.spotify.com/album/6keoJJWt7AOZ3jvznOc5om,https://i.scdn.co/image/ab67616d0000b273bec27eb89d34533ef81d66ca,exact,94.38,['pop'],['k_pop'],"['pop', 'k_pop']",[],"['pop', 'k_pop']",2,0,2,2.1739,1.0869,1,0,False
Block B,Block B,4RnezwRV7VBJUCI1S0AE5u,0CakOqsYD7e1EEhrtSnGBP,New Kids on the Block,single,2011.0,0.2857,2010,https://open.spotify.com/album/0CakOqsYD7e1EEhrtSnGBP,https://i.scdn.co/image/ab67616d0000b27349bbc1399b396cf5db40c4bb,exact,94.38,"['hip_hop', 'pop']","['pop_rap', 'k_pop']","['hip_hop', 'pop', 'pop_rap', 'k_pop']",[],"['hip_hop', 'pop', 'pop_rap', 'k_pop']",4,0,4,13.299,3.3247,1,0,False
KARA,KARA,7aZ221EQfonNG2lO9Hh192,10gk2uOJUW83FSBvEp9MYj,Girl's Story,album,2015.0,0.4762,2010,https://open.spotify.com/album/10gk2uOJUW83FSBvEp9MYj,https://i.scdn.co/image/ab67616d0000b2737e95ff2ef13693e6f9dd30f6,exact,100.0,['electronic'],['j_pop'],"['electronic', 'j_pop']",[],"['electronic', 'j_pop']",2,0,2,17.8953,8.9476,0,1,False
KARA,KARA,7aZ221EQfonNG2lO9Hh192,1fi6GZ530OpKvbzN6rWOJo,KARA SoloCollection,album,2012.0,0.3333,2010,https://open.spotify.com/album/1fi6GZ530OpKvbzN6rWOJo,https://i.scdn.co/image/ab67616d0000b273ce57ee85897e78140709c98e,exact,93.85,['pop'],['k_pop'],"['pop', 'k_pop']",[],"['pop', 'k_pop']",2,0,2,2.1739,1.0869,0,1,False
KARA,KARA,7aZ221EQfonNG2lO9Hh192,3D9pw2IEWic2jPL7ER8sM9,KARA 3rd Album STEP,album,2011.0,0.2857,2010,https://open.spotify.com/album/3D9pw2IEWic2jPL7ER8sM9,https://i.scdn.co/image/ab67616d0000b2735c35ba8d71af90f12fb5cc08,fuzzy,78.68,"['electronic', 'pop']","['dance_pop', 'k_pop']","['electronic', 'pop', 'dance_pop', 'k_pop']",[],"['electronic', 'pop', 'dance_pop', 'k_pop']",4,0,4,15.5692,3.8923,0,1,False
KARA,KARA,7aZ221EQfonNG2lO9Hh192,4wpDaa2Pr2nAfNKdRCv1hB,Revolution,album,2009.0,0.1905,2000,https://open.spotify.com/album/4wpDaa2Pr2nAfNKdRCv1hB,https://i.scdn.co/image/ab67616d0000b27348deff966fb8c94edaceb855,exact,100.0,['pop'],['k_pop'],"['pop', 'k_pop']",[],"['pop', 'k_pop']",2,0,2,2.1739,1.0869,0,1,False
KARA,KARA,7aZ221EQfonNG2lO9Hh192,7EAmwkFwXlhZAc7IWQpSGs,I Do I Do (Japanese Version),single,2024.0,0.9048,2020,https://open.spotify.com/album/7EAmwkFwXlhZAc7IWQpSGs,https://i.scdn.co/image/ab67616d0000b2735de6e0d7bfc92d4b6065d15a,fuzzy,78.14,['pop'],['k_pop'],"['pop', 'k_pop']",[],"['pop', 'k_pop']",2,0,2,2.1739,1.0869,1,0,False
KARA,KARA,7aZ221EQfonNG2lO9Hh192,7xtAxK66s5WSTegDAdekLb,I Do I Do,single,2024.0,0.9048,2020,https://open.spotify.com/album/7xtAxK66s5WSTegDAdekLb,https://i.scdn.co/image/ab67616d0000b27341a7eed543d9feb40d6a8f66,exact,100.0,['pop'],['k_pop'],"['pop', 'k_pop']",[],"['pop', 'k_pop']",2,0,2,2.1739,1.0869,1,0,False
KARA,KARA,7aZ221EQfonNG2lO9Hh192,3c10yfkPgxyiB3r8m0DPlT,Hello,single,2024.0,0.9048,2020,https://open.spotify.com/album/3c10yfkPgxyiB3r8m0DPlT,https://i.scdn.co/image/ab67616d0000b273be2af5b456143f9ba3d3cdc6,exact,100.0,['pop'],['k_pop'],"['pop', 'k_pop']",[],"['pop', 'k_pop']",2,0,2,2.1739,1.0869,1,0,False
KARA,KARA,7aZ221EQfonNG2lO9Hh192,0ltOqWTjaKRCkoQ53dDHmy,MOVE AGAIN (Japan Edition),single,2022.0,0.8095,2020,https://open.spotify.com/album/0ltOqWTjaKRCkoQ53dDHmy,https://i.scdn.co/image/ab67616d0000b27363586a05c38e8db3987b9b95,fuzzy,76.47,['pop'],['j_pop'],"['pop', 'j_pop']",[],"['pop', 'j_pop']",2,0,2,14.5,7.25,1,0,False
KARA,KARA,7aZ221EQfonNG2lO9Hh192,2vt69W1CGy5OWAbJGBKTQd,WHEN I MOVE (Japanese Version),single,2022.0,0.8095,2020,https://open.spotify.com/album/2vt69W1CGy5OWAbJGBKTQd,https://i.scdn.co/image/ab67616d0000b273036c1589804ee645c03ae775,fuzzy,68.95,['pop'],['j_pop'],"['pop', 'j_pop']",[],"['pop', 'j_pop']",2,0,2,14.5,7.25,1,0,False
KARA,KARA,7aZ221EQfonNG2lO9Hh192,6VxGMuJlJzQgxUca7zRqGk,MOVE AGAIN,single,2022.0,0.8095,2020,https://open.spotify.com/album/6VxGMuJlJzQgxUca7zRqGk,https://i.scdn.co/image/ab67616d0000b2739eb85e8740ba9e4d4cc5e64d,exact,95.0,"['electronic', 'pop']","['dance_pop', 'k_pop']","['electronic', 'pop', 'dance_pop', 'k_pop']",[],"['electronic', 'pop', 'dance_pop', 'k_pop']",4,0,4,15.5692,3.8923,1,0,False
KARA,KARA,7aZ221EQfonNG2lO9Hh192,5xPh4rn4b8WjiUCCnL1W0b,KARA 7th Mini Album 'In Love',single,2015.0,0.4762,2010,https://open.spotify.com/album/5xPh4rn4b8WjiUCCnL1W0b,https://i.scdn.co/image/ab67616d0000b2733653fef64767e22782491eb5,fuzzy,77.55,['pop'],['k_pop'],"['pop', 'k_pop']",[],"['pop', 'k_pop']",2,0,2,2.1739,1.0869,1,0,False
KARA,KARA,7aZ221EQfonNG2lO9Hh192,2Ls0jPGOKOJKmi2RAXI73J,サマー☆ジック / Sunshine Miracle / SUNNY DAYS,single,2015.0,0.4762,2010,https://open.spotify.com/album/2Ls0jPGOKOJKmi2RAXI73J,https://i.scdn.co/image/ab67616d0000b2735f01c091e32da85ef7a93547,exact,83.9,"['electronic', 'pop']","['j_pop', 'synth-pop', 'dance_pop']","['electronic', 'pop', 'j_pop', 'synth-pop', 'dance_pop']",[],"['electronic', 'pop', 'j_pop', 'synth-pop', 'dance_pop']",5,0,5,59.3953,11.8791,1,0,False
KARA,KARA,7aZ221EQfonNG2lO9Hh192,1svBptc9DaAjimpbAs9LDH,マンマミーア！,single,2014.0,0.4286,2010,https://open.spotify.com/album/1svBptc9DaAjimpbAs9LDH,https://i.scdn.co/image/ab67616d0000b273d393c5d4d844bd37a14e5e6c,fuzzy,77.5,['pop'],"['k_pop', 'j_pop']","['pop', 'k_pop', 'j_pop']",[],"['pop', 'k_pop', 'j_pop']",3,0,3,15.6739,5.2246,1,0,False
KARA,KARA,7aZ221EQfonNG2lO9Hh192,3emUMd2AU3S4jF5ryo3CKr,카라(KARA) 6th Mini Album [Day&Night],single,2014.0,0.4286,2010,https://open.spotify.com/album/3emUMd2AU3S4jF5ryo3CKr,https://i.scdn.co/image/ab67616d0000b2738d35461d09536c2f794f3c3d,fuzzy,66.67,['pop'],['k_pop'],"['pop', 'k_pop']",[],"['pop', 'k_pop']",2,0,2,2.1739,1.0869,1,0,False
KARA,KARA,7aZ221EQfonNG2lO9Hh192,3lJlOxyciKrxGwFOCNV0vY,バイバイ ハッピーデイズ！,single,2013.0,0.381,2010,https://open.spotify.com/album/3lJlOxyciKrxGwFOCNV0vY,https://i.scdn.co/image/ab67616d0000b273e606e7b62db73e9320ec8a8c,exact,80.0,['pop'],[],['pop'],[],['pop'],1,0,1,1.0,1.0,1,0,False
KARA,KARA,7aZ221EQfonNG2lO9Hh192,03H6kGf2i7LSULDNZpaBrV,PANDORA,single,2012.0,0.3333,2010,https://open.spotify.com/album/03H6kGf2i7LSULDNZpaBrV,https://i.scdn.co/image/ab67616d0000b2738283524f21fd4ad45a8ec1e2,exact,95.0,['pop'],['k_pop'],"['pop', 'k_pop']",[],"['pop', 'k_pop']",2,0,2,2.1739,1.0869,1,0,False
KARA,KARA,7aZ221EQfonNG2lO9Hh192,1Aa68Mc1vGhzM6reGlg2F8,エレクトリックボーイ,single,2012.0,0.3333,2010,https://open.spotify.com/album/1Aa68Mc1vGhzM6reGlg2F8,https://i.scdn.co/image/ab67616d0000b2739e8eceb74699d9d3b901d1f5,exact,100.0,['pop'],"['j_pop', 'k_pop']","['pop', 'j_pop', 'k_pop']",[],"['pop', 'j_pop', 'k_pop']",3,0,3,15.6739,5.2246,1,0,False
KARA,KARA,7aZ221EQfonNG2lO9Hh192,34B64O7AeyfU8oNCZnhU6E,GO GO サマー！,single,2011.0,0.2857,2010,https://open.spotify.com/album/34B64O7AeyfU8oNCZnhU6E,https://i.scdn.co/image/ab67616d0000b2736b91aafe7f9ff315ac265243,exact,100.0,['pop'],['k_pop'],"['pop', 'k_pop']",[],"['pop', 'k_pop']",2,0,2,2.1739,1.0869,1,0,False
KARA,KARA,7aZ221EQfonNG2lO9Hh192,2qBs9GPXk8C28SXX2FOzh1,Jumping,single,2010.0,0.2381,2010,https://open.spotify.com/album/2qBs9GPXk8C28SXX2FOzh1,https://i.scdn.co/image/ab67616d0000b273cefd0ceb65056c36fa617b0b,exact,95.0,['pop'],['k_pop'],"['pop', 'k_pop']",[],"['pop', 'k_pop']",2,0,2,2.1739,1.0869,1,0,False
KARA,KARA,7aZ221EQfonNG2lO9Hh192,0z3NBMOUlrNI3gLdy1V28s,Lupin,single,2010.0,0.2381,2010,https://open.spotify.com/album/0z3NBMOUlrNI3gLdy1V28s,https://i.scdn.co/image/ab67616d0000b2733de358ef5cf79e4c597d3139,exact,95.0,['pop'],['k_pop'],"['pop', 'k_pop']",[],"['pop', 'k_pop']",2,0,2,2.1739,1.0869,1,0,False
KARA,KARA,7aZ221EQfonNG2lO9Hh192,0Y4MIec7qzGbGSu1uRAGPH,Pretty Girl (2nd Mini Album),single,2008.0,0.1429,2000,https://open.spotify.com/album/0Y4MIec7qzGbGSu1uRAGPH,https://i.scdn.co/image/ab67616d0000b273b67154399d20f2cb6b67adce,fuzzy,76.76,['pop'],['k_pop'],"['pop', 'k_pop']",[],"['pop', 'k_pop']",2,0,2,2.1739,1.0869,1,0,False
VIXX,VIXX,5BkB3rXc0qIdUtuEnhbK0A,4dUIpYgwZeY8z15ikxThDE,EAU DE VIXX,album,2018.0,0.619,2010,https://open.spotify.com/album/4dUIpYgwZeY8z15ikxThDE,https://i.scdn.co/image/ab67616d0000b2732be674c805aab099868d09e1,exact,100.0,['pop'],['k_pop'],"['pop', 'k_pop']",[],"['pop', 'k_pop']",2,0,2,2.1739,1.0869,0,1,False
VIXX,VIXX,5BkB3rXc0qIdUtuEnhbK0A,1vpUDg93CEHBs0snI8TVm0,Chained Up,album,2015.0,0.4762,2010,https://open.spotify.com/album/1vpUDg93CEHBs0snI8TVm0,https://i.scdn.co/image/ab67616d0000b273fc4772c90403650d9e5b30f0,exact,100.0,['pop'],['k_pop'],"['pop', 'k_pop']",[],"['pop', 'k_pop']",2,0,2,2.1739,1.0869,0,1,False
VIXX,VIXX,5BkB3rXc0qIdUtuEnhbK0A,6GzfnuzRzQOWuFLD9ulcJR,VOODOO,album,2013.0,0.381,2010,https://open.spotify.com/album/6GzfnuzRzQOWuFLD9ulcJR,https://i.scdn.co/image/ab67616d0000b2739bacc904bb472a6f1a9cde67,exact,100.0,['pop'],['k_pop'],"['pop', 'k_pop']",[],"['pop', 'k_pop']",2,0,2,2.1739,1.0869,0,1,False
VIXX,VIXX,5BkB3rXc0qIdUtuEnhbK0A,2AsnF98Eiqyyz1KtvmBhQP,CONTINUUM,single,2023.0,0.8571,2020,https://open.spotify.com/album/2AsnF98Eiqyyz1KtvmBhQP,https://i.scdn.co/image/ab67616d0000b273dcc6f91ce924a84301a36f7d,exact,100.0,['pop'],[],['pop'],[],['pop'],1,0,1,1.0,1.0,1,0,False
VIXX,VIXX,5BkB3rXc0qIdUtuEnhbK0A,7rLuAxg1RnB90K7BO6QQhS,Kratos,single,2016.0,0.5238,2010,https://open.spotify.com/album/7rLuAxg1RnB90K7BO6QQhS,https://i.scdn.co/image/ab67616d0000b273500df231bfec750cf04568c6,exact,100.0,['pop'],['k_pop'],"['pop', 'k_pop']",[],"['pop', 'k_pop']",2,0,2,2.1739,1.0869,1,0,False
VIXX,VIXX,5BkB3rXc0qIdUtuEnhbK0A,78huKT6T1zZUJxbkGBQJZC,Hades,single,2016.0,0.5238,2010,https://open.spotify.com/album/78huKT6T1zZUJxbkGBQJZC,https://i.scdn.co/image/ab67616d0000b273832e7727a0d03c3717af52bc,exact,100.0,['pop'],['k_pop'],"['pop', 'k_pop']",[],"['pop', 'k_pop']",2,0,2,2.1739,1.0869,1,0,False
VIXX,VIXX,5BkB3rXc0qIdUtuEnhbK0A,317apl7gufr5To11roUkQM,Zelos,single,2016.0,0.5238,2010,https://open.spotify.com/album/317apl7gufr5To11roUkQM,https://i.scdn.co/image/ab67616d0000b27362fe1c19a59df91298befeaf,exact,100.0,['pop'],['k_pop'],"['pop', 'k_pop']",[],"['pop', 'k_pop']",2,0,2,2.1739,1.0869,1,0,False
VIXX,VIXX,5BkB3rXc0qIdUtuEnhbK0A,32mpVEvFBKEyZ4osbC7jM5,Boys` Record,single,2015.0,0.4762,2010,https://open.spotify.com/album/32mpVEvFBKEyZ4osbC7jM5,https://i.scdn.co/image/ab67616d0000b2737124484bc2dd662bfb0d8536,exact,100.0,['pop'],['k_pop'],"['pop', 'k_pop']",[],"['pop', 'k_pop']",2,0,2,2.1739,1.0869,1,0,False
VIXX,VIXX,5BkB3rXc0qIdUtuEnhbK0A,4fozyRlmh93G2FH7kmpIdE,Error,single,2014.0,0.4286,2010,https://open.spotify.com/album/4fozyRlmh93G2FH7kmpIdE,https://i.scdn.co/image/ab67616d0000b273cdda914134c9867a3825ed18,exact,100.0,['pop'],['k_pop'],"['pop', 'k_pop']",[],"['pop', 'k_pop']",2,0,2,2.1739,1.0869,1,0,False
VIXX,VIXX,5BkB3rXc0qIdUtuEnhbK0A,4EOavqTXNy62ngIKcAOvCt,ETERNITY,single,2014.0,0.4286,2010,https://open.spotify.com/album/4EOavqTXNy62ngIKcAOvCt,https://i.scdn.co/image/ab67616d0000b273b3ad65b49d0ab3673043c50a,exact,100.0,"['electronic', 'pop']","['dance_pop', 'k_pop']","['electronic', 'pop', 'dance_pop', 'k_pop']",[],"['electronic', 'pop', 'dance_pop', 'k_pop']",4,0,4,15.5692,3.8923,1,0,False
VIXX,VIXX,5BkB3rXc0qIdUtuEnhbK0A,36Ivfgi7kdw9LeTU03esig,Y.BIRD From Jellyfish With VIXX & OKDAL,single,2013.0,0.381,2010,https://open.spotify.com/album/36Ivfgi7kdw9LeTU03esig,https://i.scdn.co/image/ab67616d0000b273a178103f9ae54799929afbf6,exact,100.0,['pop'],['k_pop'],"['pop', 'k_pop']",[],"['pop', 'k_pop']",2,0,2,2.1739,1.0869,1,0,False
VIXX,VIXX,5BkB3rXc0qIdUtuEnhbK0A,4eKgAy7NzR8qGiJ1GNdirN,Jekyll,single,2013.0,0.381,2010,https://open.spotify.com/album/4eKgAy7NzR8qGiJ1GNdirN,https://i.scdn.co/image/ab67616d0000b27370ef8908faf5fe57266c5b53,exact,100.0,['pop'],['k_pop'],"['pop', 'k_pop']",[],"['pop', 'k_pop']",2,0,2,2.1739,1.0869,1,0,False
VIXX,VIXX,5BkB3rXc0qIdUtuEnhbK0A,5hdCjtGfmHewFl2tJ17QaD,hyde,single,2013.0,0.381,2010,https://open.spotify.com/album/5hdCjtGfmHewFl2tJ17QaD,https://i.scdn.co/image/ab67616d0000b273a10ec67513bd15860ffb053e,exact,100.0,['pop'],"['ballad', 'k_pop']","['pop', 'ballad', 'k_pop']",[],"['pop', 'ballad', 'k_pop']",3,0,3,33.6739,11.2246,1,0,False
VIXX,VIXX,5BkB3rXc0qIdUtuEnhbK0A,5WAFvmnXGAY8TNrwIJSxn3,On and On,single,2013.0,0.381,2010,https://open.spotify.com/album/5WAFvmnXGAY8TNrwIJSxn3,https://i.scdn.co/image/ab67616d0000b273a08c9bc1a97a52e950a89dae,fuzzy,65.81,['pop'],['k_pop'],"['pop', 'k_pop']",[],"['pop', 'k_pop']",2,0,2,2.1739,1.0869,1,0,False
VIXX,VIXX,5BkB3rXc0qIdUtuEnhbK0A,7l4Tk6wSzZHF2zGqDtlRij,Rock Ur Body,single,2012.0,0.3333,2010,https://open.spotify.com/album/7l4Tk6wSzZHF2zGqDtlRij,https://i.scdn.co/image/ab67616d0000b273a4411bf26d49c576de8e6943,exact,100.0,['pop'],['k_pop'],"['pop', 'k_pop']",[],"['pop', 'k_pop']",2,0,2,2.1739,1.0869,1,0,False
VIXX,VIXX,5BkB3rXc0qIdUtuEnhbK0A,1WxDYWl4AVvrxk5QOkUaz1,SUPER HERO,single,2012.0,0.3333,2010,https://open.spotify.com/album/1WxDYWl4AVvrxk5QOkUaz1,https://i.scdn.co/image/ab67616d0000b273a0d3aa4a51a2d808ad94db11,exact,100.0,['pop'],['k_pop'],"['pop', 'k_pop']",[],"['pop', 'k_pop']",2,0,2,2.1739,1.0869,1,0,False
CLC,CLC,6QyO41KctzGc70mVaVnXQO,1uwfxRAhW1hxclCVkzku8d,HELICOPTER,single,2020.0,0.7143,2020,https://open.spotify.com/album/1uwfxRAhW1hxclCVkzku8d,https://i.scdn.co/image/ab67616d0000b273c5011613476079ff2498bf4a,exact,93.75,['pop'],['k_pop'],"['pop', 'k_pop']",[],"['pop', 'k_pop']",2,0,2,2.1739,1.0869,1,0,False
CLC,CLC,6QyO41KctzGc70mVaVnXQO,1HpLXN8RRy1lHO3jckCTkN,Devil,single,2019.0,0.6667,2010,https://open.spotify.com/album/1HpLXN8RRy1lHO3jckCTkN,https://i.scdn.co/image/ab67616d0000b2732ca65c45697e473a0d9d1711,exact,93.75,['pop'],['k_pop'],"['pop', 'k_pop']",[],"['pop', 'k_pop']",2,0,2,2.1739,1.0869,1,0,False
CLC,CLC,6QyO41KctzGc70mVaVnXQO,3STCVlFXF9KGz3ATBo56a3,ME,single,2019.0,0.6667,2010,https://open.spotify.com/album/3STCVlFXF9KGz3ATBo56a3,https://i.scdn.co/image/ab67616d0000b273327ed5ae0a5b87ceda336ad1,fuzzy,78.75,['pop'],['k_pop'],"['pop', 'k_pop']",[],"['pop', 'k_pop']",2,0,2,2.1739,1.0869,1,0,False
CLC,CLC,6QyO41KctzGc70mVaVnXQO,6xSUUpa9LBZYwJFMJOr8M6,No.1,single,2019.0,0.6667,2010,https://open.spotify.com/album/6xSUUpa9LBZYwJFMJOr8M6,https://i.scdn.co/image/ab67616d0000b273ea82cfc115275d25d9750ae1,exact,88.75,['pop'],['k_pop'],"['pop', 'k_pop']",[],"['pop', 'k_pop']",2,0,2,2.1739,1.0869,1,0,False
CLC,CLC,6QyO41KctzGc70mVaVnXQO,3I3c4rkP6v5LtjMrgbD6d0,BLACK DRESS,single,2018.0,0.619,2010,https://open.spotify.com/album/3I3c4rkP6v5LtjMrgbD6d0,https://i.scdn.co/image/ab67616d0000b273467ea7cec7cd993340bc80be,exact,88.75,"['hip_hop', 'pop']",['k_pop'],"['hip_hop', 'pop', 'k_pop']",[],"['hip_hop', 'pop', 'k_pop']",3,0,3,5.0816,1.6939,1,0,False
CLC,CLC,6QyO41KctzGc70mVaVnXQO,0yiGt1K8gQZEtbgEU0Aeut,FREE`SM,single,2017.0,0.5714,2010,https://open.spotify.com/album/0yiGt1K8gQZEtbgEU0Aeut,https://i.scdn.co/image/ab67616d0000b273693b3aded39f448419e226db,exact,82.32,['pop'],['k_pop'],"['pop', 'k_pop']",[],"['pop', 'k_pop']",2,0,2,2.1739,1.0869,1,0,False
CLC,CLC,6QyO41KctzGc70mVaVnXQO,74VP5VvY2CISEqfEkH9Wuc,CRYSTYLE,single,2017.0,0.5714,2010,https://open.spotify.com/album/74VP5VvY2CISEqfEkH9Wuc,https://i.scdn.co/image/ab67616d0000b273fe5a77c6bd965bef349c6482,exact,88.75,"['electronic', 'hip_hop', 'pop']","['trap', 'dance_pop', 'k_pop']","['electronic', 'hip_hop', 'pop', 'trap', 'dance_pop', 'k_pop']",[],"['electronic', 'hip_hop', 'pop', 'trap', 'dance_pop', 'k_pop']",6,0,6,49.9769,8.3295,1,0,False
CLC,CLC,6QyO41KctzGc70mVaVnXQO,1LLgObyUpCinyHJbk1OSdB,NU.CLEAR,single,2016.0,0.5238,2010,https://open.spotify.com/album/1LLgObyUpCinyHJbk1OSdB,https://i.scdn.co/image/ab67616d0000b27300ac6c6f7c5a5ed60b97bb3a,exact,88.75,"['electronic', 'pop']","['k_pop', 'dance_pop']","['electronic', 'pop', 'k_pop', 'dance_pop']",[],"['electronic', 'pop', 'k_pop', 'dance_pop']",4,0,4,15.5692,3.8923,1,0,False
CLC,CLC,6QyO41KctzGc70mVaVnXQO,4Nr9gFLYUBhtyhJXxtvrNE,High Heels,single,2016.0,0.5238,2010,https://open.spotify.com/album/4Nr9gFLYUBhtyhJXxtvrNE,https://i.scdn.co/image/ab67616d0000b273053ade0f3681196ca56650b7,exact,88.75,['pop'],['k_pop'],"['pop', 'k_pop']",[],"['pop', 'k_pop']",2,0,2,2.1739,1.0869,1,0,False
CLC,CLC,6QyO41KctzGc70mVaVnXQO,6ehLnhVvPAFPFy9trnrWRg,REFRESH,single,2016.0,0.5238,2010,https://open.spotify.com/album/6ehLnhVvPAFPFy9trnrWRg,https://i.scdn.co/image/ab67616d0000b273f90e4a6a269d48c1e7229581,exact,88.75,"['hip_hop', 'pop']",['k_pop'],"['hip_hop', 'pop', 'k_pop']",[],"['hip_hop', 'pop', 'k_pop']",3,0,3,5.0816,1.6939,1,0,False
CLC,CLC,6QyO41KctzGc70mVaVnXQO,1Mo4AOooMubRQRm5sANJuE,Question,single,2015.0,0.4762,2010,https://open.spotify.com/album/1Mo4AOooMubRQRm5sANJuE,https://i.scdn.co/image/ab67616d0000b273c7a1a537b8e2d82478fe60ad,exact,88.75,['pop'],['k_pop'],"['pop', 'k_pop']",[],"['pop', 'k_pop']",2,0,2,2.1739,1.0869,1,0,False
CLC,CLC,6QyO41KctzGc70mVaVnXQO,1s0NkdUXMRPJvgWV1kEEbP,First Love,single,2015.0,0.4762,2010,https://open.spotify.com/album/1s0NkdUXMRPJvgWV1kEEbP,https://i.scdn.co/image/ab67616d0000b27389566f1f791bc7095755471e,exact,88.75,['pop'],['k_pop'],"['pop', 'k_pop']",[],"['pop', 'k_pop']",2,0,2,2.1739,1.0869,1,0,False
IZ*ONE,IZ*ONE,5r1tUTxVSgvBHnoDuDODPH,5qRaJW62fZVLQ40Okfc7h4,Twelve (Special Edition),album,2020.0,0.7143,2020,https://open.spotify.com/album/5qRaJW62fZVLQ40Okfc7h4,https://i.scdn.co/image/ab67616d0000b27359819c263c2e9017a462aec5,fuzzy,79.29,['pop'],"['j_pop', 'bubblegum']","['pop', 'j_pop', 'bubblegum']",[],"['pop', 'j_pop', 'bubblegum']",3,0,3,61.75,20.5833,0,1,False
IZ*ONE,IZ*ONE,5r1tUTxVSgvBHnoDuDODPH,5dm3PMCHxTSOdDFZ1hlfMm,BLOOM*IZ,album,2020.0,0.7143,2020,https://open.spotify.com/album/5dm3PMCHxTSOdDFZ1hlfMm,https://i.scdn.co/image/ab67616d0000b2735ecba6eed6a9e14a7e9534b2,exact,100.0,['pop'],['k_pop'],"['pop', 'k_pop']",[],"['pop', 'k_pop']",2,0,2,2.1739,1.0869,0,1,False
IZ*ONE,IZ*ONE,5r1tUTxVSgvBHnoDuDODPH,3gfl9D7cMW3K87YiMbqsWK,One-reeler / Act IV,single,2020.0,0.7143,2020,https://open.spotify.com/album/3gfl9D7cMW3K87YiMbqsWK,https://i.scdn.co/image/ab67616d0000b27348a03c11c71a265006e1b9e3,exact,100.0,['pop'],['k_pop'],"['pop', 'k_pop']",[],"['pop', 'k_pop']",2,0,2,2.1739,1.0869,1,0,False
IZ*ONE,IZ*ONE,5r1tUTxVSgvBHnoDuDODPH,5pds1uFwegoBlvm9MREqTg,Beware,single,2020.0,0.7143,2020,https://open.spotify.com/album/5pds1uFwegoBlvm9MREqTg,https://i.scdn.co/image/ab67616d0000b2735fd2cd4885d617d697efb858,fuzzy,70.0,['pop'],"['j_pop', 'bubblegum']","['pop', 'j_pop', 'bubblegum']",[],"['pop', 'j_pop', 'bubblegum']",3,0,3,61.75,20.5833,1,0,False
IZ*ONE,IZ*ONE,5r1tUTxVSgvBHnoDuDODPH,1XuKR0Qguy1b0Vne8hv5Pd,Oneiric Diary,single,2020.0,0.7143,2020,https://open.spotify.com/album/1XuKR0Qguy1b0Vne8hv5Pd,https://i.scdn.co/image/ab67616d0000b273e8132ffe49666c18a1f243b3,exact,100.0,"['electronic', 'pop']","['k_pop', 'synth-pop', 'house']","['electronic', 'pop', 'k_pop', 'synth-pop', 'house']",[],"['electronic', 'pop', 'k_pop', 'synth-pop', 'house']",5,0,5,85.3192,17.0638,1,0,False
IZ*ONE,IZ*ONE,5r1tUTxVSgvBHnoDuDODPH,0IAAtjX6zq45MRMPGsEZJ9,Vampire (Special Edition),single,2019.0,0.6667,2010,https://open.spotify.com/album/0IAAtjX6zq45MRMPGsEZJ9,https://i.scdn.co/image/ab67616d0000b273ccf39ed16677e73f21dd9973,exact,81.0,['pop'],"['j_pop', 'k_pop']","['pop', 'j_pop', 'k_pop']",[],"['pop', 'j_pop', 'k_pop']",3,0,3,15.6739,5.2246,1,0,False
IZ*ONE,IZ*ONE,5r1tUTxVSgvBHnoDuDODPH,1b6LKax1xMQl2f8KkXfAEt,Vampire,single,2019.0,0.6667,2010,https://open.spotify.com/album/1b6LKax1xMQl2f8KkXfAEt,https://i.scdn.co/image/ab67616d0000b2736728570baaf10106a1139d00,exact,100.0,['pop'],"['j_pop', 'k_pop']","['pop', 'j_pop', 'k_pop']",[],"['pop', 'j_pop', 'k_pop']",3,0,3,15.6739,5.2246,1,0,False
IZ*ONE,IZ*ONE,5r1tUTxVSgvBHnoDuDODPH,5kKkNbw15LQmtX3GWmsHZ5,Buenos Aires (Special Edition),single,2019.0,0.6667,2010,https://open.spotify.com/album/5kKkNbw15LQmtX3GWmsHZ5,https://i.scdn.co/image/ab67616d0000b2737b66d8dcb0bd8fd2b31a2f0f,exact,87.0,['pop'],['j_pop'],"['pop', 'j_pop']",[],"['pop', 'j_pop']",2,0,2,14.5,7.25,1,0,False
IZ*ONE,IZ*ONE,5r1tUTxVSgvBHnoDuDODPH,4cJeiKalzi82cJDdL2Cj9C,Buenos Aires,single,2019.0,0.6667,2010,https://open.spotify.com/album/4cJeiKalzi82cJDdL2Cj9C,https://i.scdn.co/image/ab67616d0000b2737bfccb612234fc2d8584ccdd,exact,100.0,['pop'],['j_pop'],"['pop', 'j_pop']",[],"['pop', 'j_pop']",2,0,2,14.5,7.25,1,0,False
IZ*ONE,IZ*ONE,5r1tUTxVSgvBHnoDuDODPH,548UwoyV9v9fTaoEfzoCBb,HEART*IZ,single,2019.0,0.6667,2010,https://open.spotify.com/album/548UwoyV9v9fTaoEfzoCBb,https://i.scdn.co/image/ab67616d0000b273756af7c3a9d2a2c2ff37a11e,exact,100.0,"['electronic', 'pop']","['k_pop', 'synth-pop', 'bubblegum']","['electronic', 'pop', 'k_pop', 'synth-pop', 'bubblegum']",[],"['electronic', 'pop', 'k_pop', 'synth-pop', 'bubblegum']",5,0,5,85.3192,17.0638,1,0,False
IZ*ONE,IZ*ONE,5r1tUTxVSgvBHnoDuDODPH,285pNxTYOJj5LrecsQ1Yzs,好きと言わせたい (Type B),single,2019.0,0.6667,2010,https://open.spotify.com/album/285pNxTYOJj5LrecsQ1Yzs,https://i.scdn.co/image/ab67616d0000b2735036585486a9448bc15ec617,exact,91.3,['pop'],"['j_pop', 'k_pop']","['pop', 'j_pop', 'k_pop']",[],"['pop', 'j_pop', 'k_pop']",3,0,3,15.6739,5.2246,1,0,False
IZ*ONE,IZ*ONE,5r1tUTxVSgvBHnoDuDODPH,6esOExMaYIWvttAQYdn3Gb,好きと言わせたい (Type A),single,2019.0,0.6667,2010,https://open.spotify.com/album/6esOExMaYIWvttAQYdn3Gb,https://i.scdn.co/image/ab67616d0000b2732d7ca7730cc00d57bfdab861,exact,91.3,['pop'],"['j_pop', 'k_pop']","['pop', 'j_pop', 'k_pop']",[],"['pop', 'j_pop', 'k_pop']",3,0,3,15.6739,5.2246,1,0,False
IZ*ONE,IZ*ONE,5r1tUTxVSgvBHnoDuDODPH,5Fl13rfH2DRRTo6OV4ecJY,COLOR*IZ,single,2018.0,0.619,2010,https://open.spotify.com/album/5Fl13rfH2DRRTo6OV4ecJY,https://i.scdn.co/image/ab67616d0000b2739e0863f52c51d1c38a145d5a,exact,100.0,"['electronic', 'pop']","['k_pop', 'synth-pop', 'bubblegum']","['electronic', 'pop', 'k_pop', 'synth-pop', 'bubblegum']",[],"['electronic', 'pop', 'k_pop', 'synth-pop', 'bubblegum']",5,0,5,85.3192,17.0638,1,0,False
JEON SOMI,JEON SOMI,7zYj9S9SdIunYCfSm7vzAR,63pvOn2B5pUUcUKUwIEg9m,XOXO,album,2021.0,0.7619,2020,https://open.spotify.com/album/63pvOn2B5pUUcUKUwIEg9m,https://i.scdn.co/image/ab67616d0000b273350ecac91d0f0af55788c648,exact,100.0,"['electronic', 'hip_hop', 'pop']","['electro', 'k_pop', 'synth-pop', 'pop_rap']","['electronic', 'hip_hop', 'pop', 'electro', 'k_pop', 'synth-pop', 'pop_rap']",[],"['electronic', 'hip_hop', 'pop', 'electro', 'k_pop', 'synth-pop', 'pop_rap']",7,0,7,96.4443,13.7778,0,1,False
JEON SOMI,JEON SOMI,7zYj9S9SdIunYCfSm7vzAR,7xMXoWstClAzBIo5lOAASu,GAME PLAN,single,2023.0,0.8571,2020,https://open.spotify.com/album/7xMXoWstClAzBIo5lOAASu,https://i.scdn.co/image/ab67616d0000b2737da22ba88dfc26a18122ee2d,exact,97.63,['pop'],['k_pop'],"['pop', 'k_pop']",[],"['pop', 'k_pop']",2,0,2,2.1739,1.0869,1,0,False
JEON SOMI,JEON SOMI,7zYj9S9SdIunYCfSm7vzAR,24sFioeGsPtxa5fD6VzL8b,DUMB DUMB,single,2021.0,0.7619,2020,https://open.spotify.com/album/24sFioeGsPtxa5fD6VzL8b,https://i.scdn.co/image/ab67616d0000b273fddc804f96cdd6a7de9bcc09,exact,85.71,"['electronic', 'pop']",['k_pop'],"['electronic', 'pop', 'k_pop']",[],"['electronic', 'pop', 'k_pop']",3,0,3,6.5692,2.1897,1,0,False
JEON SOMI,JEON SOMI,7zYj9S9SdIunYCfSm7vzAR,59iiiARciChm70cn85wxuH,What You Waiting For,single,2020.0,0.7143,2020,https://open.spotify.com/album/59iiiARciChm70cn85wxuH,https://i.scdn.co/image/ab67616d0000b2737dcc9db811ee9546bca6babe,exact,85.71,"['electronic', 'pop']","['synth-pop', 'dance_pop', 'k_pop']","['electronic', 'pop', 'synth-pop', 'dance_pop', 'k_pop']",[],"['electronic', 'pop', 'synth-pop', 'dance_pop', 'k_pop']",5,0,5,47.0692,9.4138,1,0,False
JEON SOMI,JEON SOMI,7zYj9S9SdIunYCfSm7vzAR,3lms4btHVQwQdmlk2a4oQx,BIRTHDAY,single,2019.0,0.6667,2010,https://open.spotify.com/album/3lms4btHVQwQdmlk2a4oQx,https://i.scdn.co/image/ab67616d0000b273e6c6309b1f1bfaa263188dc6,exact,85.71,"['hip_hop', 'pop']","['k_pop', 'pop_rap']","['hip_hop', 'pop', 'k_pop', 'pop_rap']",[],"['hip_hop', 'pop', 'k_pop', 'pop_rap']",4,0,4,13.299,3.3247,1,0,False
EVERGLOW,EVERGLOW,3ZZzT0naD25RhY2uZvIKkJ,6vGrWJmYXU9VqiqpOwPJ2r,ZOMBIE,single,2024.0,0.9048,2020,https://open.spotify.com/album/6vGrWJmYXU9VqiqpOwPJ2r,https://i.scdn.co/image/ab67616d0000b2737bafd6cd6a8d70dfcfd26fc0,exact,100.0,['pop'],['k_pop'],"['pop', 'k_pop']",[],"['pop', 'k_pop']",2,0,2,2.1739,1.0869,1,0,False
EVERGLOW,EVERGLOW,3ZZzT0naD25RhY2uZvIKkJ,2yjigHf9lgspW2K5y99Qr0,ALL MY GIRLS,single,2023.0,0.8571,2020,https://open.spotify.com/album/2yjigHf9lgspW2K5y99Qr0,https://i.scdn.co/image/ab67616d0000b2733d6ca73c8b6420fccaa582d1,exact,100.0,['pop'],['k_pop'],"['pop', 'k_pop']",[],"['pop', 'k_pop']",2,0,2,2.1739,1.0869,1,0,False
EVERGLOW,EVERGLOW,3ZZzT0naD25RhY2uZvIKkJ,28p4jKCNlbLUXaZ24iYLuD,Return of The Girl,single,2021.0,0.7619,2020,https://open.spotify.com/album/28p4jKCNlbLUXaZ24iYLuD,https://i.scdn.co/image/ab67616d0000b27315856eaef8f3feb1056dad0f,exact,95.0,['pop'],['k_pop'],"['pop', 'k_pop']",[],"['pop', 'k_pop']",2,0,2,2.1739,1.0869,1,0,False
EVERGLOW,EVERGLOW,3ZZzT0naD25RhY2uZvIKkJ,4ZDUTnUO9CDFmwdCUCQ6dG,Last Melody,single,2021.0,0.7619,2020,https://open.spotify.com/album/4ZDUTnUO9CDFmwdCUCQ6dG,https://i.scdn.co/image/ab67616d0000b27331c852c8d0e346ac0b467e99,exact,100.0,"['electronic', 'pop']",['k_pop'],"['electronic', 'pop', 'k_pop']",[],"['electronic', 'pop', 'k_pop']",3,0,3,6.5692,2.1897,1,0,False
EVERGLOW,EVERGLOW,3ZZzT0naD25RhY2uZvIKkJ,0zH0C0fkzAjhSnGKLOuxwX,reminiscence,single,2020.0,0.7143,2020,https://open.spotify.com/album/0zH0C0fkzAjhSnGKLOuxwX,https://i.scdn.co/image/ab67616d0000b273f5ce366a81c50db19630a140,exact,95.0,"['electronic', 'pop']","['tropical_house', 'dance_pop', 'k_pop']","['electronic', 'pop', 'tropical_house', 'dance_pop', 'k_pop']",[],"['electronic', 'pop', 'tropical_house', 'dance_pop', 'k_pop']",5,0,5,204.5692,40.9138,1,0,False
EVERGLOW,EVERGLOW,3ZZzT0naD25RhY2uZvIKkJ,7cGql7l8oRpjGmeDspBMZ2,HUSH,single,2019.0,0.6667,2010,https://open.spotify.com/album/7cGql7l8oRpjGmeDspBMZ2,https://i.scdn.co/image/ab67616d0000b273d2c1f631a81e49dd42a4f2dd,exact,100.0,['pop'],['k_pop'],"['pop', 'k_pop']",[],"['pop', 'k_pop']",2,0,2,2.1739,1.0869,1,0,False
EVERGLOW,EVERGLOW,3ZZzT0naD25RhY2uZvIKkJ,4qFVcLDapqLmjinahsk7U0,ARRIVAL OF EVERGLOW,single,2019.0,0.6667,2010,https://open.spotify.com/album/4qFVcLDapqLmjinahsk7U0,https://i.scdn.co/image/ab67616d0000b273e13fe6252bd61c3134ea7303,exact,100.0,['pop'],['k_pop'],"['pop', 'k_pop']",[],"['pop', 'k_pop']",2,0,2,2.1739,1.0869,1,0,False
Jessi,Jessi,64k5e9kV9MdukXjFrR5R37,6bTs7ViUY2SgpBJiGqtceB,Get Up,album,2005.0,0.0,2000,https://open.spotify.com/album/6bTs7ViUY2SgpBJiGqtceB,https://i.scdn.co/image/ab67616d0000b273406fd5959a16eb5d8093b46e,exact,97.5,['pop'],"['vocal', 'k_pop']","['pop', 'vocal', 'k_pop']",[],"['pop', 'vocal', 'k_pop']",3,0,3,191.1739,63.7246,0,1,False
Jessi,Jessi,64k5e9kV9MdukXjFrR5R37,57dUGxpMd89tEkY3ZVwfKz,ZOOM,single,2022.0,0.8095,2020,https://open.spotify.com/album/57dUGxpMd89tEkY3ZVwfKz,https://i.scdn.co/image/ab67616d0000b273c4197378ef8cb88888716bca,exact,97.5,"['hip_hop', 'pop']","['pop_rap', 'trap']","['hip_hop', 'pop', 'pop_rap', 'trap']",[],"['hip_hop', 'pop', 'pop_rap', 'trap']",4,0,4,43.6251,10.9063,1,0,False
Jessi,Jessi,64k5e9kV9MdukXjFrR5R37,4CTDrZw6m0dTJX17OCEbfZ,Cold Blooded,single,2021.0,0.7619,2020,https://open.spotify.com/album/4CTDrZw6m0dTJX17OCEbfZ,https://i.scdn.co/image/ab67616d0000b2732733089f7a982afc28269134,exact,97.5,"['hip_hop', 'pop']",['pop_rap'],"['hip_hop', 'pop', 'pop_rap']",[],"['hip_hop', 'pop', 'pop_rap']",3,0,3,12.1251,4.0417,1,0,False
Jessi,Jessi,64k5e9kV9MdukXjFrR5R37,6XBIkDFhDgc3PQOUEcO2fd,NUNA,single,2020.0,0.7143,2020,https://open.spotify.com/album/6XBIkDFhDgc3PQOUEcO2fd,https://i.scdn.co/image/ab67616d0000b273e411b11ff552ac7eed12d334,exact,92.5,"['hip_hop', 'pop']",['k_pop'],"['hip_hop', 'pop', 'k_pop']",[],"['hip_hop', 'pop', 'k_pop']",3,0,3,5.0816,1.6939,1,0,False
Jessi,Jessi,64k5e9kV9MdukXjFrR5R37,2MPmc2iZfO9j8dT1TVqOIy,Drip,single,2019.0,0.6667,2010,https://open.spotify.com/album/2MPmc2iZfO9j8dT1TVqOIy,https://i.scdn.co/image/ab67616d0000b27300e7069f765dce9f6895ab4e,fuzzy,77.31,['hip_hop'],['electro'],"['hip_hop', 'electro']",[],"['hip_hop', 'electro']",2,0,2,50.1577,25.0788,1,0,False
Jessi,Jessi,64k5e9kV9MdukXjFrR5R37,3UACrdaeQIwoQk0pUqNp9h,Who Dat B,single,2019.0,0.6667,2010,https://open.spotify.com/album/3UACrdaeQIwoQk0pUqNp9h,https://i.scdn.co/image/ab67616d0000b27372d15b188dea57e3a52a6eb2,exact,97.5,['hip_hop'],['pop_rap'],"['hip_hop', 'pop_rap']",[],"['hip_hop', 'pop_rap']",2,0,2,11.1251,5.5625,1,0,False
Jessi,Jessi,64k5e9kV9MdukXjFrR5R37,1CUXs8F2dNEVkvHMgTAvuo,un2verse,single,2017.0,0.5714,2010,https://open.spotify.com/album/1CUXs8F2dNEVkvHMgTAvuo,https://i.scdn.co/image/ab67616d0000b27335c0bc775111faf8e1f718b6,exact,92.5,"['hip_hop', 'pop']",['pop_rap'],"['hip_hop', 'pop', 'pop_rap']",[],"['hip_hop', 'pop', 'pop_rap']",3,0,3,12.1251,4.0417,1,0,False
Jessi,Jessi,64k5e9kV9MdukXjFrR5R37,7vMoCOoDC6HshnWYCb8dGd,Excessive Love,single,2016.0,0.5238,2010,https://open.spotify.com/album/7vMoCOoDC6HshnWYCb8dGd,https://i.scdn.co/image/ab67616d0000b27382a85cd3be193aa2642a0c72,exact,97.5,['pop'],[],['pop'],[],['pop'],1,0,1,1.0,1.0,1,0,False
Jessi,Jessi,64k5e9kV9MdukXjFrR5R37,0Y7jdzkYFRanFa5kIF7wDd,The Rebirth - 인생은 즐거워,single,2009.0,0.1905,2000,https://open.spotify.com/album/0Y7jdzkYFRanFa5kIF7wDd,https://i.scdn.co/image/ab67616d0000b2739fecf06f3c6584e31c30d055,fuzzy,67.88,['pop'],['k_pop'],"['pop', 'k_pop']",[],"['pop', 'k_pop']",2,0,2,2.1739,1.0869,1,0,False
KAI,KAI,6iVo62B0bdTknRcrktCmak,78cxz0pQ2TDtESNyCCX5Qj,Wait On Me - The 4th Mini Album,album,2025.0,0.9524,2020,https://open.spotify.com/album/78cxz0pQ2TDtESNyCCX5Qj,https://i.scdn.co/image/ab67616d0000b273f3babe94ff2dd2ae249a28e9,fuzzy,68.08,['pop'],['k_pop'],"['pop', 'k_pop']",[],"['pop', 'k_pop']",2,0,2,2.1739,1.0869,0,1,False
KAI,KAI,6iVo62B0bdTknRcrktCmak,7fu5l1nHlSGSBbaMjl7fye,Adult Swim,single,2025.0,0.9524,2020,https://open.spotify.com/album/7fu5l1nHlSGSBbaMjl7fye,https://i.scdn.co/image/ab67616d0000b273f002a8f11cef190a45f82280,exact,90.0,['pop'],['k_pop'],"['pop', 'k_pop']",[],"['pop', 'k_pop']",2,0,2,2.1739,1.0869,1,0,False
KAI,KAI,6iVo62B0bdTknRcrktCmak,2mrFSsDjOA6veZsbyMgMmI,iScreaM Vol.14 : Peaches Remixes,single,2022.0,0.8095,2020,https://open.spotify.com/album/2mrFSsDjOA6veZsbyMgMmI,https://i.scdn.co/image/ab67616d0000b273cbcff510d025cd024fac4723,exact,90.0,"['electronic', 'pop']",['k_pop'],"['electronic', 'pop', 'k_pop']",[],"['electronic', 'pop', 'k_pop']",3,0,3,6.5692,2.1897,1,0,False
KAI,KAI,6iVo62B0bdTknRcrktCmak,6xpxMAUhk8hiDTa5zT7F86,KAI - The 1st Mini Album,single,2020.0,0.7143,2020,https://open.spotify.com/album/6xpxMAUhk8hiDTa5zT7F86,https://i.scdn.co/image/ab67616d0000b27337ff46852249bdfc938beefa,exact,85.0,['pop'],['k_pop'],"['pop', 'k_pop']",[],"['pop', 'k_pop']",2,0,2,2.1739,1.0869,1,0,False
T.O.P,T.O.P,4yiB30K5scGkjmAgHGIH8Y,5ORJMfjjUnPI2gJwI35OjE,TOP SPOT - ANOTHER DIMENSION,album,2026.0,1.0,2020,https://open.spotify.com/album/5ORJMfjjUnPI2gJwI35OjE,https://i.scdn.co/image/ab67616d0000b273ac6dee3bd5030937757283ae,exact,100.0,"['electronic', 'hip_hop', 'pop']",['pop_rap'],"['electronic', 'hip_hop', 'pop', 'pop_rap']",[],"['electronic', 'hip_hop', 'pop', 'pop_rap']",4,0,4,16.5204,4.1301,0,1,False
T.O.P,T.O.P,4yiB30K5scGkjmAgHGIH8Y,1pvzOm6ZCGYa6g0YqGPdHe,DOOM DADA,single,2013.0,0.381,2010,https://open.spotify.com/album/1pvzOm6ZCGYa6g0YqGPdHe,https://i.scdn.co/image/ab67616d0000b2739bd4910f7bd05c4c3781f4a7,exact,100.0,"['hip_hop', 'pop']","['pop_rap', 'k_pop']","['hip_hop', 'pop', 'pop_rap', 'k_pop']",[],"['hip_hop', 'pop', 'pop_rap', 'k_pop']",4,0,4,13.299,3.3247,1,0,False
T.O.P,T.O.P,4yiB30K5scGkjmAgHGIH8Y,7LeHlE39MO2APIhkNw7K3t,Turn It Up,single,2010.0,0.2381,2010,https://open.spotify.com/album/7LeHlE39MO2APIhkNw7K3t,https://i.scdn.co/image/ab67616d0000b273127d12e2542048cbe174d99a,exact,100.0,"['hip_hop', 'pop']","['pop_rap', 'k_pop']","['hip_hop', 'pop', 'pop_rap', 'k_pop']",[],"['hip_hop', 'pop', 'pop_rap', 'k_pop']",4,0,4,13.299,3.3247,1,0,False
Jung Kook,Jung Kook,6HaGTQPmzraVmaVxvz6EUc,5pSk3c3wVwnb2arb6ohCPU,GOLDEN,album,2023.0,0.8571,2020,https://open.spotify.com/album/5pSk3c3wVwnb2arb6ohCPU,https://i.scdn.co/image/ab67616d0000b273741fd4807f442af3f7359316,exact,100.0,['pop'],['k_pop'],"['pop', 'k_pop']",[],"['pop', 'k_pop']",2,0,2,2.1739,1.0869,0,1,False
Jung Kook,Jung Kook,6HaGTQPmzraVmaVxvz6EUc,0fJ0beklzFwoBv01U8792s,3D : The Remixes,album,2023.0,0.8571,2020,https://open.spotify.com/album/0fJ0beklzFwoBv01U8792s,https://i.scdn.co/image/ab67616d0000b27399583bb32b47e87d55c6064b,fuzzy,79.55,"['hip_hop', 'pop']",['k_pop'],"['hip_hop', 'pop', 'k_pop']",[],"['hip_hop', 'pop', 'k_pop']",3,0,3,5.0816,1.6939,0,1,False
Jung Kook,Jung Kook,6HaGTQPmzraVmaVxvz6EUc,4SNBgrYqk2aV4LyXbTSkYA,3D (Justin Timberlake Remix),single,2023.0,0.8571,2020,https://open.spotify.com/album/4SNBgrYqk2aV4LyXbTSkYA,https://i.scdn.co/image/ab67616d0000b27322e565596578ef0adbf5eaf1,exact,81.89,"['hip_hop', 'pop']",['k_pop'],"['hip_hop', 'pop', 'k_pop']",[],"['hip_hop', 'pop', 'k_pop']",3,0,3,5.0816,1.6939,1,0,False
Jung Kook,Jung Kook,6HaGTQPmzraVmaVxvz6EUc,7gCggwpSuqUmVzWniLdpKR,TOO MUCH,single,2023.0,0.8571,2020,https://open.spotify.com/album/7gCggwpSuqUmVzWniLdpKR,https://i.scdn.co/image/ab67616d0000b273f3919788f3b6833dfc114af9,fuzzy,78.0,"['hip_hop', 'pop']",['pop_rap'],"['hip_hop', 'pop', 'pop_rap']",[],"['hip_hop', 'pop', 'pop_rap']",3,0,3,12.1251,4.0417,1,0,False
Jung Kook,Jung Kook,6HaGTQPmzraVmaVxvz6EUc,6fJthISWarQBICiU2wncp6,Seven (Weekend Ver.),single,2023.0,0.8571,2020,https://open.spotify.com/album/6fJthISWarQBICiU2wncp6,https://i.scdn.co/image/ab67616d0000b2736a0314aeb326cd922f77956f,fuzzy,78.09,['pop'],['k_pop'],"['pop', 'k_pop']",[],"['pop', 'k_pop']",2,0,2,2.1739,1.0869,1,0,False
Jung Kook,Jung Kook,6HaGTQPmzraVmaVxvz6EUc,7pPaEvQFccrBU1VXhUWBI7,Seven (Weekday Ver.),single,2023.0,0.8571,2020,https://open.spotify.com/album/7pPaEvQFccrBU1VXhUWBI7,https://i.scdn.co/image/ab67616d0000b273570b23ab8c94e857562ed8bc,fuzzy,78.09,['pop'],['k_pop'],"['pop', 'k_pop']",[],"['pop', 'k_pop']",2,0,2,2.1739,1.0869,1,0,False
Jimin,Jimin,1oSPZhvZMIrWW5I41kPkkY,15XcLhiVMlSOipUddTNDnr,MUSE,album,2024.0,0.9048,2020,https://open.spotify.com/album/15XcLhiVMlSOipUddTNDnr,https://i.scdn.co/image/ab67616d0000b273f02c451189a709b9a952aaec,exact,97.5,"['funk_/_soul', 'pop']","['k_pop', 'contemporary_r&b']","['funk_/_soul', 'pop', 'k_pop', 'contemporary_r&b']",[],"['funk_/_soul', 'pop', 'k_pop', 'contemporary_r&b']",4,0,4,44.9239,11.231,0,1,False
Jimin,Jimin,1oSPZhvZMIrWW5I41kPkkY,4xc3Lc9yASZgEJGH7acWMB,FACE,single,2023.0,0.8571,2020,https://open.spotify.com/album/4xc3Lc9yASZgEJGH7acWMB,https://i.scdn.co/image/ab67616d0000b2732b46078245d0120690eb560d,exact,92.5,"['hip_hop', 'pop']","['k_pop', 'trap', 'contemporary_r&b']","['hip_hop', 'pop', 'k_pop', 'trap', 'contemporary_r&b']",[],"['hip_hop', 'pop', 'k_pop', 'trap', 'contemporary_r&b']",5,0,5,63.5816,12.7163,1,0,False
V,V,3JsHnjpbhX4SnySpvpa9DK,7v4sqd0NZ9Fm8HnwCcCGIs,FRI(END)S,single,2024.0,0.9048,2020,https://open.spotify.com/album/7v4sqd0NZ9Fm8HnwCcCGIs,https://i.scdn.co/image/ab67616d0000b273377ee031d0a3da40db19ccf4,fuzzy,78.0,['pop'],['k_pop'],"['pop', 'k_pop']",[],"['pop', 'k_pop']",2,0,2,2.1739,1.0869,1,0,False
V,V,3JsHnjpbhX4SnySpvpa9DK,7ixOAT89NSsgUITYc5ByB5,Layover,single,2023.0,0.8571,2020,https://open.spotify.com/album/7ixOAT89NSsgUITYc5ByB5,https://i.scdn.co/image/ab67616d0000b2738e504c5aedaae49a73ed4963,fuzzy,78.0,"['hip_hop', 'jazz', 'pop']","['k_pop', 'jazzy_hip-hop']","['hip_hop', 'jazz', 'pop', 'k_pop', 'jazzy_hip-hop']",[],"['hip_hop', 'jazz', 'pop', 'k_pop', 'jazzy_hip-hop']",5,0,5,146.8316,29.3663,1,0,False
V,V,3JsHnjpbhX4SnySpvpa9DK,1ZBDI1LqnuAKdrePUF2D5m,Layover,single,2023.0,0.8571,2020,https://open.spotify.com/album/1ZBDI1LqnuAKdrePUF2D5m,https://i.scdn.co/image/ab67616d0000b2732f1a5b69c2bd76474bca8035,fuzzy,78.0,"['hip_hop', 'jazz', 'pop']","['k_pop', 'jazzy_hip-hop']","['hip_hop', 'jazz', 'pop', 'k_pop', 'jazzy_hip-hop']",[],"['hip_hop', 'jazz', 'pop', 'k_pop', 'jazzy_hip-hop']",5,0,5,146.8316,29.3663,1,0,False
V,V,3JsHnjpbhX4SnySpvpa9DK,7mtURh8ifC6RNEQ13IaOBa,"HWARANG, Pt. 2 (Music from the Original TV Series)",single,2016.0,0.5238,2010,https://open.spotify.com/album/7mtURh8ifC6RNEQ13IaOBa,https://i.scdn.co/image/ab67616d0000b27372b573d5d66d964760f34c07,fuzzy,78.0,"['funk_/_soul', 'pop']","['k_pop', 'funk']","['funk_/_soul', 'pop', 'k_pop', 'funk']",[],"['funk_/_soul', 'pop', 'k_pop', 'funk']",4,0,4,206.9239,51.731,1,0,False
Jin,Jin,5vV3bFXnN6D6N3Nj4xRvaV,3DmDoHxAeEiDFNWrHSKAdQ,Echo,album,2025.0,0.9524,2020,https://open.spotify.com/album/3DmDoHxAeEiDFNWrHSKAdQ,https://i.scdn.co/image/ab67616d0000b27389228504f700641956e29f5d,exact,90.0,"['rock', 'pop']","['pop_rock', 'k_pop']","['rock', 'pop', 'pop_rock', 'k_pop']",[],"['rock', 'pop', 'pop_rock', 'k_pop']",4,0,4,205.7124,51.4281,0,1,False
Jin,Jin,5vV3bFXnN6D6N3Nj4xRvaV,0fKlaQuBMQYFo5aIFoGIXt,Happy,single,2024.0,0.9048,2020,https://open.spotify.com/album/0fKlaQuBMQYFo5aIFoGIXt,https://i.scdn.co/image/ab67616d0000b2731dcf069284321bef1306d6ec,exact,85.0,['pop'],['k_pop'],"['pop', 'k_pop']",[],"['pop', 'k_pop']",2,0,2,2.1739,1.0869,1,0,False
Jin,Jin,5vV3bFXnN6D6N3Nj4xRvaV,6nT2VfGN07ar1vdZyJY6ox,The Astronaut,single,2022.0,0.8095,2020,https://open.spotify.com/album/6nT2VfGN07ar1vdZyJY6ox,https://i.scdn.co/image/ab67616d0000b27343aaff780ea621da5ce4eb0a,exact,90.0,"['rock', 'pop']",['alternative_rock'],"['rock', 'pop', 'alternative_rock']",[],"['rock', 'pop', 'alternative_rock']",3,0,3,78.5385,26.1795,1,0,False
CORTIS,CORTIS,1ebt9HnXdyYA6KgLXr1n4P,2yMfaynthtWVAkJ5A3Kwrf,COLOR OUTSIDE THE LINES,single,2025.0,0.9524,2020,https://open.spotify.com/album/2yMfaynthtWVAkJ5A3Kwrf,https://i.scdn.co/image/ab67616d0000b2734b56a34b0c2b3798fd46f855,exact,100.0,"['electronic', 'hip_hop', 'rock', 'pop']","['k_pop', 'boom_bap', 'experimental', 'alternative_rock']","['electronic', 'hip_hop', 'rock', 'pop', 'k_pop', 'boom_bap', 'experimental', 'alternative_rock']",[],"['electronic', 'hip_hop', 'rock', 'pop', 'k_pop', 'boom_bap', 'experimental', 'alternative_rock']",8,0,8,187.8154,23.4769,1,0,False
CORTIS,CORTIS,1ebt9HnXdyYA6KgLXr1n4P,6HQEHkwhLmwN0VTJSWgOgE,What You Want,single,2025.0,0.9524,2020,https://open.spotify.com/album/6HQEHkwhLmwN0VTJSWgOgE,https://i.scdn.co/image/ab67616d0000b273c99e4b439fcb318678a9a1a6,fuzzy,67.5,"['electronic', 'hip_hop', 'rock', 'pop']","['k_pop', 'boom_bap', 'experimental', 'alternative_rock']","['electronic', 'hip_hop', 'rock', 'pop', 'k_pop', 'boom_bap', 'experimental', 'alternative_rock']",[],"['electronic', 'hip_hop', 'rock', 'pop', 'k_pop', 'boom_bap', 'experimental', 'alternative_rock']",8,0,8,187.8154,23.4769,1,0,False
TABLO,TABLO,3NdOtTPPaXrCyC7Lpmzyhv,4AXBwqPs2MItmdv2oHHAtt,Cave Me In (Raiden Remix),single,2017.0,0.5714,2010,https://open.spotify.com/album/4AXBwqPs2MItmdv2oHHAtt,https://i.scdn.co/image/ab67616d0000b273d6379161d6dcb386ea2f74d0,fuzzy,76.67,['pop'],[],['pop'],[],['pop'],1,0,1,1.0,1.0,1,0,False
TABLO,TABLO,3NdOtTPPaXrCyC7Lpmzyhv,3no6YVGaUUBPQjfeUbajXL,Cave Me In,single,2017.0,0.5714,2010,https://open.spotify.com/album/3no6YVGaUUBPQjfeUbajXL,https://i.scdn.co/image/ab67616d0000b27373a3cd1f607ebcab01f219bc,fuzzy,76.67,['pop'],[],['pop'],[],['pop'],1,0,1,1.0,1.0,1,0,False
TABLO,TABLO,3NdOtTPPaXrCyC7Lpmzyhv,7b1Z4pQzCQ3sfVtV0T5OIT,Hood,single,2015.0,0.4762,2010,https://open.spotify.com/album/7b1Z4pQzCQ3sfVtV0T5OIT,https://i.scdn.co/image/ab67616d0000b27396f806b6bc36290881749c3e,fuzzy,78.75,['hip_hop'],['boom_bap'],"['hip_hop', 'boom_bap']",[],"['hip_hop', 'boom_bap']",2,0,2,40.7077,20.3538,1,0,False
CL,CL,0tzSBCPJZmHTdOA3ZV2mN3,32lsJQmgxK7swVFGZYfQWg,ALPHA,album,2021.0,0.7619,2020,https://open.spotify.com/album/32lsJQmgxK7swVFGZYfQWg,https://i.scdn.co/image/ab67616d0000b27322e1a4d9a2016a78d8aa9924,exact,90.0,"['electronic', 'hip_hop', 'pop']",['k_pop'],"['electronic', 'hip_hop', 'pop', 'k_pop']",[],"['electronic', 'hip_hop', 'pop', 'k_pop']",4,0,4,9.4769,2.3692,0,1,False
CL,CL,0tzSBCPJZmHTdOA3ZV2mN3,6v5UJuH3796lmy8NPTbBFT,In The Name Of Love,single,2019.0,0.6667,2010,https://open.spotify.com/album/6v5UJuH3796lmy8NPTbBFT,https://i.scdn.co/image/ab67616d0000b27390eeb3dc66ca26a3604ba825,exact,85.0,"['hip_hop', 'pop']",['k_pop'],"['hip_hop', 'pop', 'k_pop']",[],"['hip_hop', 'pop', 'k_pop']",3,0,3,5.0816,1.6939,1,0,False
CL,CL,0tzSBCPJZmHTdOA3ZV2mN3,1GpTYZNg9VrcKoM9Mb0xM0,In The Name Of Love,single,2019.0,0.6667,2010,https://open.spotify.com/album/1GpTYZNg9VrcKoM9Mb0xM0,https://i.scdn.co/image/ab67616d0000b27303307e469d8165145ecb2f0c,exact,85.0,"['hip_hop', 'pop']",['k_pop'],"['hip_hop', 'pop', 'k_pop']",[],"['hip_hop', 'pop', 'k_pop']",3,0,3,5.0816,1.6939,1,0,False
CL,CL,0tzSBCPJZmHTdOA3ZV2mN3,0RGPwwH9MrDCSJXV7QbhkW,LIFTED,single,2016.0,0.5238,2010,https://open.spotify.com/album/0RGPwwH9MrDCSJXV7QbhkW,https://i.scdn.co/image/ab67616d0000b273458ce2d16e4dbaa7b70b8ec2,exact,90.0,['hip_hop'],['pop_rap'],"['hip_hop', 'pop_rap']",[],"['hip_hop', 'pop_rap']",2,0,2,11.1251,5.5625,1,0,False
CL,CL,0tzSBCPJZmHTdOA3ZV2mN3,1pu6aEuAKBdTdQLSbfBNTG,Hello Bitches,single,2015.0,0.4762,2010,https://open.spotify.com/album/1pu6aEuAKBdTdQLSbfBNTG,https://i.scdn.co/image/ab67616d0000b273478544f074e0f7fe79e5d07c,exact,90.0,"['hip_hop', 'pop']","['pop_rap', 'k_pop']","['hip_hop', 'pop', 'pop_rap', 'k_pop']",[],"['hip_hop', 'pop', 'pop_rap', 'k_pop']",4,0,4,13.299,3.3247,1,0,False
CL,CL,0tzSBCPJZmHTdOA3ZV2mN3,0iYiqb6Zx1lK7UW472uxgf,Doctor Pepper,single,2015.0,0.4762,2010,https://open.spotify.com/album/0iYiqb6Zx1lK7UW472uxgf,https://i.scdn.co/image/ab67616d0000b2733c400278723d20f7a3b5e8c7,fuzzy,65.14,"['electronic', 'hip_hop']",['electro_house'],"['electronic', 'hip_hop', 'electro_house']",[],"['electronic', 'hip_hop', 'electro_house']",3,0,3,196.303,65.4343,1,0,False
CL,CL,0tzSBCPJZmHTdOA3ZV2mN3,385A4KZSo7aVRiRGqnqPWA,THE BADDEST FEMALE,single,2013.0,0.381,2010,https://open.spotify.com/album/385A4KZSo7aVRiRGqnqPWA,https://i.scdn.co/image/ab67616d0000b27333db960e179c35ac98f3c3a0,fuzzy,77.4,"['electronic', 'hip_hop', 'pop']","['pop_rap', 'k_pop']","['electronic', 'hip_hop', 'pop', 'pop_rap', 'k_pop']",[],"['electronic', 'hip_hop', 'pop', 'pop_rap', 'k_pop']",5,0,5,17.6943,3.5389,1,0,False
Seori,Seori,2bWTIIQP9zaVc55RaMGu7e,3Yrgk8MqQG9YCUls0iSLHv,Fake Happy,single,2024.0,0.9048,2020,https://open.spotify.com/album/3Yrgk8MqQG9YCUls0iSLHv,https://i.scdn.co/image/ab67616d0000b273bff14c50f5ee96bf1130e094,exact,100.0,['pop'],['k_pop'],"['pop', 'k_pop']",[],"['pop', 'k_pop']",2,0,2,2.1739,1.0869,1,0,False
Seori,Seori,2bWTIIQP9zaVc55RaMGu7e,6Zl3fZueqcLNINa3Q5uhoW,Broken,single,2024.0,0.9048,2020,https://open.spotify.com/album/6Zl3fZueqcLNINa3Q5uhoW,https://i.scdn.co/image/ab67616d0000b27308a2b157989fac70a60cdd44,fuzzy,66.25,['pop'],['k_pop'],"['pop', 'k_pop']",[],"['pop', 'k_pop']",2,0,2,2.1739,1.0869,1,0,False
Lee Young Ji,Lee Young Ji,0Y2AcMPMpeuPXtPQGVvRBq,4aRMJ0Qzq6fub5VK0O1Hxk,Trouble,single,2024.0,0.9,2020,https://open.spotify.com/album/4aRMJ0Qzq6fub5VK0O1Hxk,https://i.scdn.co/image/ab67616d0000b273f434b27e494f0a522b3d058e,exact,87.0,['pop'],[],['pop'],[],['pop'],1,0,1,1.0,1.0,1,0,False
Lee Young Ji,Lee Young Ji,0Y2AcMPMpeuPXtPQGVvRBq,6ZE4nvpIEabJ0O9HbxqPHR,16 Fantasy,single,2024.0,0.9,2020,https://open.spotify.com/album/6ZE4nvpIEabJ0O9HbxqPHR,https://i.scdn.co/image/ab67616d0000b273aa8e7da62fbfae5cb65f8e55,exact,98.2,"['hip_hop', 'pop']",['k_pop'],"['hip_hop', 'pop', 'k_pop']",[],"['hip_hop', 'pop', 'k_pop']",3,0,3,5.7817,1.9272,1,0,False
Lee Young Ji,Lee Young Ji,0Y2AcMPMpeuPXtPQGVvRBq,1bnsmAzZRe9LJ4JYF95N0f,Compromise,single,2020.0,0.7,2020,https://open.spotify.com/album/1bnsmAzZRe9LJ4JYF95N0f,https://i.scdn.co/image/ab67616d0000b273bac8aeeb295f293b40f15d2d,exact,98.2,['hip_hop'],[],['hip_hop'],[],['hip_hop'],1,0,1,3.4706,3.4706,1,0,False
Lee Young Ji,Lee Young Ji,0Y2AcMPMpeuPXtPQGVvRBq,2cURvJZ47K8PKNKEX9whQI,Just,single,2020.0,0.7,2020,https://open.spotify.com/album/2cURvJZ47K8PKNKEX9whQI,https://i.scdn.co/image/ab67616d0000b2731ea02037810f3a04d2ac34ea,exact,98.2,['hip_hop'],[],['hip_hop'],[],['hip_hop'],1,0,1,3.4706,3.4706,1,0,False
Lee Young Ji,Lee Young Ji,0Y2AcMPMpeuPXtPQGVvRBq,5hohWnXIZ7IUcaDN41p7tt,Dark Room,single,2019.0,0.65,2010,https://open.spotify.com/album/5hohWnXIZ7IUcaDN41p7tt,https://i.scdn.co/image/ab67616d0000b273e881798e722b232e047a4a7e,exact,100.0,['hip_hop'],[],['hip_hop'],[],['hip_hop'],1,0,1,3.4706,3.4706,1,0,False
BIGBANG,BIGBANG,4Kxlr1PRlDKEB0ekOCyHgX,6ep57xzNzxOuSCIw4iEfIv,BIGBANG10 THE CONCERT 0.TO.10 FINAL IN SEOUL,album,2017.0,0.55,2010,https://open.spotify.com/album/6ep57xzNzxOuSCIw4iEfIv,https://i.scdn.co/image/ab67616d0000b273cdeac10253b85cda391ad9b6,exact,51.83,"['hip_hop', 'pop', 'stage_&_screen']","['concert_film', 'k_pop']","['hip_hop', 'pop', 'stage_&_screen', 'concert_film', 'k_pop']",[],"['hip_hop', 'pop', 'stage_&_screen', 'concert_film', 'k_pop']",5,0,5,22.9453,4.5891,0,1,False
BIGBANG,BIGBANG,4Kxlr1PRlDKEB0ekOCyHgX,4141prM5jiBUmXpTwZAiSb,BIGBANG ALIVE TOUR 2012 IN JAPAN SPECIAL FINAL IN DOME -TOKYO DOME 2012.12.05-,album,2013.0,0.35,2010,https://open.spotify.com/album/4141prM5jiBUmXpTwZAiSb,https://i.scdn.co/image/ab67616d0000b2733d9aa172a05cfa0323ece287,exact,57.06,"['electronic', 'hip_hop', 'pop', 'stage_&_screen']","['electro', 'pop_rap']","['electronic', 'hip_hop', 'pop', 'stage_&_screen', 'electro', 'pop_rap']",[],"['electronic', 'hip_hop', 'pop', 'stage_&_screen', 'electro', 'pop_rap']",6,0,6,41.0348,6.8391,0,1,False
BIGBANG,BIGBANG,4Kxlr1PRlDKEB0ekOCyHgX,3Da8D0E5LyBG7K93PTNjfG,2012 BIGBANG Live Concert: Alive Tour in Seoul,album,2013.0,0.35,2010,https://open.spotify.com/album/3Da8D0E5LyBG7K93PTNjfG,https://i.scdn.co/image/ab67616d0000b273e70d34add915a51f73a9bd57,exact,30.61,['pop'],['k_pop'],"['pop', 'k_pop']",[],"['pop', 'k_pop']",2,0,2,2.3111,1.1555,0,1,False
BIGBANG,BIGBANG,4Kxlr1PRlDKEB0ekOCyHgX,3nfvdW6RJSRkIGcqy1wJ8K,BigBang First Single,single,2006.0,0.0,2000,https://open.spotify.com/album/3nfvdW6RJSRkIGcqy1wJ8K,https://i.scdn.co/image/ab67616d0000b273922ac9c17ab6d950087f5ce5,exact,60.42,"['hip_hop', 'pop']","['pop_rap', 'k_pop']","['hip_hop', 'pop', 'pop_rap', 'k_pop']",[],"['hip_hop', 'pop', 'pop_rap', 'k_pop']",4,0,4,14.2103,3.5526,1,0,False
2NE1,2NE1,1l0mKo96Jh9HVYONcRl3Yp,3MQMbp2BBVmWiLvVbzycx5,2014 2NE1 WORLD TOUR 〜ALL OR NOTHING〜 in JAPAN,album,2014.0,0.4,2010,https://open.spotify.com/album/3MQMbp2BBVmWiLvVbzycx5,https://i.scdn.co/image/ab67616d0000b273e94ca5da6b229d8d76b5802f,exact,38.04,"['electronic', 'pop', 'stage_&_screen']","['j_pop', 'concert_film']","['electronic', 'pop', 'stage_&_screen', 'j_pop', 'concert_film']",[],"['electronic', 'pop', 'stage_&_screen', 'j_pop', 'concert_film']",5,0,5,33.0689,6.6138,0,1,False
2NE1,2NE1,1l0mKo96Jh9HVYONcRl3Yp,6R0O0lCXh70X4uQXIjCLII,2NE1 2012 1st Global Tour - NEW EVOLUTION in Japan,album,2013.0,0.35,2010,https://open.spotify.com/album/6R0O0lCXh70X4uQXIjCLII,https://i.scdn.co/image/ab67616d0000b273cdf2dc946c87e4c9b135eb6e,exact,58.44,"['electronic', 'reggae', 'pop', 'stage_&_screen']",['j_pop'],"['electronic', 'reggae', 'pop', 'stage_&_screen', 'j_pop']",[],"['electronic', 'reggae', 'pop', 'stage_&_screen', 'j_pop']",5,0,5,80.2689,16.0538,0,1,False
2NE1,2NE1,1l0mKo96Jh9HVYONcRl3Yp,6AraFzMUlYpbdm5UNTnyLe,2012 2NE1 Global Tour Live New Evolution in Seoul,album,2012.0,0.3,2010,https://open.spotify.com/album/6AraFzMUlYpbdm5UNTnyLe,https://i.scdn.co/image/ab67616d0000b2737b5786b7b4953054d683a921,exact,37.5,"['electronic', 'stage_&_screen']",['electro'],"['electronic', 'stage_&_screen', 'electro']",[],"['electronic', 'stage_&_screen', 'electro']",3,0,3,28.1356,9.3785,0,1,False
2NE1,2NE1,1l0mKo96Jh9HVYONcRl3Yp,3wXaDhV0ExYtGMl9bzX7Y1,"2NE1 1st Japan Tour ""NOLZA in Japan""",album,2012.0,0.3,2010,https://open.spotify.com/album/3wXaDhV0ExYtGMl9bzX7Y1,https://i.scdn.co/image/ab67616d0000b27324fc0160c17e2524f52ea338,exact,37.86,"['electronic', 'hip_hop', 'pop', 'stage_&_screen']","['j_pop', 'electro']","['electronic', 'hip_hop', 'pop', 'stage_&_screen', 'j_pop', 'electro']",[],"['electronic', 'hip_hop', 'pop', 'stage_&_screen', 'j_pop', 'electro']",6,0,6,44.4062,7.401,0,1,False
Girls' Generation,Girls' Generation,0Sadg1vgvaPqGTOjxu0N6c,2TKXGpbrsOCMjcyR1o2Yj1,'The Boys' Maxi Single,album,2011.0,0.25,2010,https://open.spotify.com/album/2TKXGpbrsOCMjcyR1o2Yj1,https://i.scdn.co/image/ab67616d0000b2737c2ad39ea5632b36a7709883,exact,35.71,"['electronic', 'pop']","['dance_pop', 'k_pop']","['electronic', 'pop', 'dance_pop', 'k_pop']",[],"['electronic', 'pop', 'dance_pop', 'k_pop']",4,0,4,10.78,2.695,0,1,False
2PM,2PM,5iRPbkcPmqAFFwDUj6ywVS,5ndpJzxXhYlRPnZZuapkAe,GO CRAZY! (Grand Edition),album,2014.0,0.4,2010,https://open.spotify.com/album/5ndpJzxXhYlRPnZZuapkAe,https://i.scdn.co/image/ab67616d0000b2735da9148f2be81675dae4167c,exact,64.75,['pop'],['k_pop'],"['pop', 'k_pop']",[],"['pop', 'k_pop']",2,0,2,2.3111,1.1555,0,1,False
Super Junior,SUPER JUNIOR,6gzXCdfYfFe5XKhPKkYqxV,7iLEumOEyYFsprOdFb2jHT,Super Show (The 1st Asia Tour Concert Album),album,2008.0,0.1,2000,https://open.spotify.com/album/7iLEumOEyYFsprOdFb2jHT,https://i.scdn.co/image/ab67616d0000b27334aafda9c4bb844a76aef465,exact,58.97,['pop'],['k_pop'],"['pop', 'k_pop']",[],"['pop', 'k_pop']",2,0,2,2.3111,1.1555,0,1,False
Super Junior,SUPER JUNIOR,6gzXCdfYfFe5XKhPKkYqxV,6II4FpwMXm5tQRhaXDxjo2,U,single,2006.0,0.0,2000,https://open.spotify.com/album/6II4FpwMXm5tQRhaXDxjo2,https://i.scdn.co/image/ab67616d0000b273a8c08c7da6746852742785e9,exact,64.74,['pop'],['k_pop'],"['pop', 'k_pop']",[],"['pop', 'k_pop']",2,0,2,2.3111,1.1555,1,0,False
TVXQ!,TVXQ!,6nVMMEywS5Y4tsHPKx1nIo,0EsY5ILLEfwUaQjON4RNMq,THE 4th WORLD TOUR 'Catch Me' LIVE ALBUM,album,2014.0,0.4,2010,https://open.spotify.com/album/0EsY5ILLEfwUaQjON4RNMq,https://i.scdn.co/image/ab67616d0000b27300ecad029b3fc916ccf679c0,exact,45.0,['pop'],"['k_pop', 'j_pop', 'ballad']","['pop', 'k_pop', 'j_pop', 'ballad']",[],"['pop', 'k_pop', 'j_pop', 'ballad']",4,0,4,20.6667,5.1667,0,1,False
TVXQ!,TVXQ!,6nVMMEywS5Y4tsHPKx1nIo,3UjBMKbTeyWpa4y7Ne08En,O - THE 2ND ASIA TOUR CONCERT,album,2007.0,0.05,2000,https://open.spotify.com/album/3UjBMKbTeyWpa4y7Ne08En,https://i.scdn.co/image/ab67616d0000b273511de7fb3e462ea67850d6b4,exact,36.67,"['pop', 'stage_&_screen']","['k_pop', 'ballad', 'concert_film']","['pop', 'stage_&_screen', 'k_pop', 'ballad', 'concert_film']",[],"['pop', 'stage_&_screen', 'k_pop', 'ballad', 'concert_film']",5,0,5,26.0303,5.2061,0,1,False
IU,IU,3HqSLMAZ3g3d5poNaI7GOU,01dPJcwyht77brL4JQiR8R,IU 5th Album 'LILAC',album,2021.0,0.75,2020,https://open.spotify.com/album/01dPJcwyht77brL4JQiR8R,https://i.scdn.co/image/ab67616d0000b2734ed058b71650a6ca2c04adff,exact,64.57,['pop'],['k_pop'],"['pop', 'k_pop']",[],"['pop', 'k_pop']",2,0,2,2.3111,1.1555,0,1,False
IU,IU,3HqSLMAZ3g3d5poNaI7GOU,4wF6ZWoQIgN7venKBBrdA9,You & I (Japanese Version),single,2012.0,0.3,2010,https://open.spotify.com/album/4wF6ZWoQIgN7venKBBrdA9,https://i.scdn.co/image/ab67616d0000b273c645b88c6b330e21ec5165e9,exact,61.36,['pop'],['j_pop'],"['pop', 'j_pop']",[],"['pop', 'j_pop']",2,0,2,12.8,6.4,1,0,False
IU,IU,3HqSLMAZ3g3d5poNaI7GOU,7M28uliIpvEUzY44n7KrCo,IU...IM,single,2009.0,0.15,2000,https://open.spotify.com/album/7M28uliIpvEUzY44n7KrCo,https://i.scdn.co/image/ab67616d0000b273f73225433c15a3e8c57bdc87,exact,58.0,"['blues', 'pop']","['rhythm_&_blues', 'ballad', 'k_pop']","['blues', 'pop', 'rhythm_&_blues', 'ballad', 'k_pop']",[],"['blues', 'pop', 'rhythm_&_blues', 'ballad', 'k_pop']",5,0,5,97.3667,19.4733,1,0,False
TAEYANG,TAEYANG,6udveWUgX4vu75FF0DTrXV,5fo3PoBblMOTbg7SXPNspq,HOME SWEET HOME (feat. TAEYANG & DAESUNG),single,2024.0,0.9,2020,https://open.spotify.com/album/5fo3PoBblMOTbg7SXPNspq,https://i.scdn.co/image/ab67616d0000b273bcacb16531b21146ed9dc2a0,exact,57.05,['pop'],['k_pop'],"['pop', 'k_pop']",[],"['pop', 'k_pop']",2,0,2,2.3111,1.1555,1,0,False
G-Dragon,G-DRAGON,30b9WulBM8sFuBo17nNq9c,4I7y0h8wmDRApBPIKoZYeC,2013 G-DRAGON WORLD TOUR 'ONE OF A KIND in SEOUL',album,2013.0,0.35,2010,https://open.spotify.com/album/4I7y0h8wmDRApBPIKoZYeC,https://i.scdn.co/image/ab67616d0000b2733b3dd1119701d44552749dae,exact,37.98,"['electronic', 'hip_hop', 'pop', 'stage_&_screen']","['pop_rap', 'k_pop']","['electronic', 'hip_hop', 'pop', 'stage_&_screen', 'pop_rap', 'k_pop']",[],"['electronic', 'hip_hop', 'pop', 'stage_&_screen', 'pop_rap', 'k_pop']",6,0,6,22.6792,3.7799,0,1,False
G-Dragon,G-DRAGON,30b9WulBM8sFuBo17nNq9c,1VNgOZM0hpFdeivdpoD5k6,Shine A Light,album,2010.0,0.2,2010,https://open.spotify.com/album/1VNgOZM0hpFdeivdpoD5k6,https://i.scdn.co/image/ab67616d0000b2735bc7ee0b1136b3265704f138,exact,46.0,"['electronic', 'hip_hop', 'pop']","['dance_pop', 'pop_rap', 'k_pop']","['electronic', 'hip_hop', 'pop', 'dance_pop', 'pop_rap', 'k_pop']",[],"['electronic', 'hip_hop', 'pop', 'dance_pop', 'pop_rap', 'k_pop']",6,0,6,22.6792,3.7799,0,1,False
BTS,BTS,3Nrfpe0tUJi4K4DXYWgMUX,2km2gV8HN1lk1e1GEDl7SN,Bad Decisions (with BTS & Snoop Dogg),single,2022.0,0.8,2020,https://open.spotify.com/album/2km2gV8HN1lk1e1GEDl7SN,https://i.scdn.co/image/ab67616d0000b2738c47a33a55c6d23cc9d2cf3f,exact,46.88,"['hip_hop', 'pop']",['k_pop'],"['hip_hop', 'pop', 'k_pop']",[],"['hip_hop', 'pop', 'k_pop']",3,0,3,5.7817,1.9272,1,0,False
BTS,BTS,3Nrfpe0tUJi4K4DXYWgMUX,6wIyi2KokLUlWMnn3fQc6C,MIC Drop (feat. Desiigner) [Steve Aoki Remix],single,2017.0,0.55,2010,https://open.spotify.com/album/6wIyi2KokLUlWMnn3fQc6C,https://i.scdn.co/image/ab67616d0000b273b9d8693567eb3a308b57d24b,exact,41.74,"['electronic', 'hip_hop', 'pop']","['k_pop', 'trap', 'pop_rap']","['electronic', 'hip_hop', 'pop', 'k_pop', 'trap', 'pop_rap']",[],"['electronic', 'hip_hop', 'pop', 'k_pop', 'trap', 'pop_rap']",6,0,6,76.3156,12.7193,1,0,False
EXO,EXO,3cjEqqelV9zb4BYE3qDQ4O,3r5m8utqRZYJnpep7xxVyq,LOVE SHOT– The 5th Album Repackage,album,2018.0,0.6,2010,https://open.spotify.com/album/3r5m8utqRZYJnpep7xxVyq,https://i.scdn.co/image/ab67616d0000b273f7da7c0f322b7a1c95190d92,exact,63.84,['pop'],['k_pop'],"['pop', 'k_pop']",[],"['pop', 'k_pop']",2,0,2,2.3111,1.1555,0,1,False
EXO,EXO,3cjEqqelV9zb4BYE3qDQ4O,5yUlewRtRySsb77hEoTTIu,THE POWER OF MUSIC – The 4th Album ‘THE WAR’ Repackage,single,2017.0,0.55,2010,https://open.spotify.com/album/5yUlewRtRySsb77hEoTTIu,https://i.scdn.co/image/ab67616d0000b273c77e5477af193c0e7771e171,exact,60.25,"['electronic', 'funk_/_soul', 'pop']","['dance_pop', 'ballad', 'soul', 'hip_hop', 'k_pop']","['electronic', 'funk_/_soul', 'pop', 'dance_pop', 'ballad', 'soul', 'hip_hop', 'k_pop']",[],"['electronic', 'funk_/_soul', 'pop', 'dance_pop', 'ballad', 'soul', 'hip_hop', 'k_pop']",8,0,8,99.4729,12.4341,1,0,False
SEVENTEEN,SEVENTEEN,7nqOGRxlXj7N2JYbgNEjYH,2BNimvLLlD89e4Sb7ZVX6I,SEVENTEEN 4th Mini Album ‘Al1’,single,2017.0,0.55,2010,https://open.spotify.com/album/2BNimvLLlD89e4Sb7ZVX6I,https://i.scdn.co/image/ab67616d0000b273005799610338a5b57d865926,exact,58.68,['pop'],['k_pop'],"['pop', 'k_pop']",[],"['pop', 'k_pop']",2,0,2,2.3111,1.1555,1,0,False
BLACKPINK,BLACKPINK,41MozSoPIsD1dJM0CLPjZF,4i0XmhtxZBPxwpgNeJ1Tvg,BLACKPINK 2018 TOUR 'IN YOUR AREA' SEOUL (Live),album,2019.0,0.65,2010,https://open.spotify.com/album/4i0XmhtxZBPxwpgNeJ1Tvg,https://i.scdn.co/image/ab67616d0000b273b64959a23f88cff1370b602a,exact,57.22,"['electronic', 'hip_hop', 'pop', 'stage_&_screen']","['k_pop', 'ballad', 'dance_pop', 'concert_film']","['electronic', 'hip_hop', 'pop', 'stage_&_screen', 'k_pop', 'ballad', 'dance_pop', 'concert_film']",[],"['electronic', 'hip_hop', 'pop', 'stage_&_screen', 'k_pop', 'ballad', 'dance_pop', 'concert_film']",8,0,8,37.9698,4.7462,0,1,False
BLACKPINK,BLACKPINK,41MozSoPIsD1dJM0CLPjZF,6y6lP1WRfqEhv8RLy4ufZB,Sour Candy (with BLACKPINK),single,2020.0,0.7,2020,https://open.spotify.com/album/6y6lP1WRfqEhv8RLy4ufZB,https://i.scdn.co/image/ab67616d0000b273348a8b432f3e8e02f342056e,exact,40.26,"['electronic', 'pop']","['dance_pop', 'k_pop', 'deep_house']","['electronic', 'pop', 'dance_pop', 'k_pop', 'deep_house']",[],"['electronic', 'pop', 'dance_pop', 'k_pop', 'deep_house']",5,0,5,69.78,13.956,1,0,False
GFRIEND,GFRIEND,0qlWcS66ohOIi0M8JZwPft,3h52PPP6lUfHO7lm2x4BZW,RAINBOW,album,2017.0,0.55,2010,https://open.spotify.com/album/3h52PPP6lUfHO7lm2x4BZW,https://i.scdn.co/image/ab67616d0000b273be84c1a2062bd69178d295dd,exact,60.0,"['electronic', 'pop']","['k_pop', 'dance_pop', 'synth-pop', 'ballad', 'bubblegum']","['electronic', 'pop', 'k_pop', 'dance_pop', 'synth-pop', 'ballad', 'bubblegum']",[],"['electronic', 'pop', 'k_pop', 'dance_pop', 'synth-pop', 'ballad', 'bubblegum']",7,0,7,66.5023,9.5003,0,1,False
GFRIEND,GFRIEND,0qlWcS66ohOIi0M8JZwPft,1U3qjkWgVIROTW7XffCk6j,PARALLEL,album,2017.0,0.55,2010,https://open.spotify.com/album/1U3qjkWgVIROTW7XffCk6j,https://i.scdn.co/image/ab67616d0000b273b9f1e9e8ee169d8c5d887882,exact,60.0,"['electronic', 'pop']","['synth-pop', 'dance_pop', 'disco', 'house', 'k_pop', 'ballad', 'bubblegum']","['electronic', 'pop', 'synth-pop', 'dance_pop', 'disco', 'house', 'k_pop', 'ballad', 'bubblegum']",[],"['electronic', 'pop', 'synth-pop', 'dance_pop', 'disco', 'house', 'k_pop', 'ballad', 'bubblegum']",9,0,9,184.5023,20.5003,0,1,False
GFRIEND,GFRIEND,0qlWcS66ohOIi0M8JZwPft,1kQatXJwulYhEIvotff9D1,SNOWFLAKE,album,2016.0,0.5,2010,https://open.spotify.com/album/1kQatXJwulYhEIvotff9D1,https://i.scdn.co/image/ab67616d0000b2735b339930779a0b0b048c0832,exact,60.0,"['electronic', 'pop']","['dance_pop', 'k_pop']","['electronic', 'pop', 'dance_pop', 'k_pop']",[],"['electronic', 'pop', 'dance_pop', 'k_pop']",4,0,4,10.78,2.695,0,1,False
GFRIEND,GFRIEND,0qlWcS66ohOIi0M8JZwPft,7zFJ9F99pux1YYEMcFTdmz,THE AWAKENING,single,2017.0,0.55,2010,https://open.spotify.com/album/7zFJ9F99pux1YYEMcFTdmz,https://i.scdn.co/image/ab67616d0000b273e235f1d7be08d362d0691032,exact,55.0,"['electronic', 'pop']","['k_pop', 'ballad', 'dance_pop']","['electronic', 'pop', 'k_pop', 'ballad', 'dance_pop']",[],"['electronic', 'pop', 'k_pop', 'ballad', 'dance_pop']",5,0,5,17.3356,3.4671,1,0,False
GFRIEND,GFRIEND,0qlWcS66ohOIi0M8JZwPft,0W5faDA1jJ3msyW0Hdkp7B,Flower Bud,single,2015.0,0.45,2010,https://open.spotify.com/album/0W5faDA1jJ3msyW0Hdkp7B,https://i.scdn.co/image/ab67616d0000b27352f51eb9c5a67024b43cecbe,exact,55.0,"['electronic', 'pop']","['dance_pop', 'k_pop']","['electronic', 'pop', 'dance_pop', 'k_pop']",[],"['electronic', 'pop', 'dance_pop', 'k_pop']",4,0,4,10.78,2.695,1,0,False
GFRIEND,GFRIEND,0qlWcS66ohOIi0M8JZwPft,7GUfWgQCzVg29a4YaUCn5z,Season Of Glass,single,2015.0,0.45,2010,https://open.spotify.com/album/7GUfWgQCzVg29a4YaUCn5z,https://i.scdn.co/image/ab67616d0000b27348bdfc1f922e0b5b7f79833e,exact,55.0,"['electronic', 'pop']","['dance_pop', 'k_pop']","['electronic', 'pop', 'dance_pop', 'k_pop']",[],"['electronic', 'pop', 'dance_pop', 'k_pop']",4,0,4,10.78,2.695,1,0,False
NCT 127,NCT 127,7f4ignuCJhLXfZ9giKT7rH,67sD3DQJRjLU72NULxjmHB,So Am I (feat. NCT 127),single,2019.0,0.65,2010,https://open.spotify.com/album/67sD3DQJRjLU72NULxjmHB,https://i.scdn.co/image/ab67616d0000b2737f24b901feb7c7220899607b,exact,61.67,['pop'],[],['pop'],[],['pop'],1,0,1,1.0,1.0,1,0,False
WINNER,WINNER,5DuzBeOgFwViFcv00Q5PFb,3ivc8AK0tD2tvoIUdXaH6V,2016 WINNER EXIT TOUR IN SEOUL LIVE,album,2016.0,0.5,2010,https://open.spotify.com/album/3ivc8AK0tD2tvoIUdXaH6V,https://i.scdn.co/image/ab67616d0000b2730afb3bba95392090eb8d064a,exact,54.15,['pop'],['k_pop'],"['pop', 'k_pop']",[],"['pop', 'k_pop']",2,0,2,2.3111,1.1555,0,1,False
SUNMI,SUNMI,6MoXcK2GyGg7FIyxPU5yW6,4lWDPUQmrZPyO9T9pWfZc2,Heroine,single,2018.0,0.6,2010,https://open.spotify.com/album/4lWDPUQmrZPyO9T9pWfZc2,https://i.scdn.co/image/ab67616d0000b2733c8d2d16de92d19b69693c1a,exact,60.0,['pop'],['k_pop'],"['pop', 'k_pop']",[],"['pop', 'k_pop']",2,0,2,2.3111,1.1555,1,0,False
CHUNG HA,CHUNG HA,2PSJ6YriU7JsFucxACpU7Y,2UzjkhSZCXkHjcvd16Hggh,"Bare&Rare, Pt. 1",album,2022.0,0.8,2020,https://open.spotify.com/album/2UzjkhSZCXkHjcvd16Hggh,https://i.scdn.co/image/ab67616d0000b2731ee65cba9ee6772cba342356,exact,60.0,['pop'],['k_pop'],"['pop', 'k_pop']",[],"['pop', 'k_pop']",2,0,2,2.3111,1.1555,0,1,False
CHUNG HA,CHUNG HA,2PSJ6YriU7JsFucxACpU7Y,1qXEwadpMUuNwByliKWdbc,Be Yourself.newwav,single,2020.0,0.7,2020,https://open.spotify.com/album/1qXEwadpMUuNwByliKWdbc,https://i.scdn.co/image/ab67616d0000b273537d06d031fd8789841c0a84,exact,60.0,['pop'],['k_pop'],"['pop', 'k_pop']",[],"['pop', 'k_pop']",2,0,2,2.3111,1.1555,1,0,False
CHUNG HA,CHUNG HA,2PSJ6YriU7JsFucxACpU7Y,3xEPyp7h78uULpDPuKvokH,Wow Thing,single,2018.0,0.6,2010,https://open.spotify.com/album/3xEPyp7h78uULpDPuKvokH,https://i.scdn.co/image/ab67616d0000b27388cdde41f2552db78b94e957,exact,58.36,['pop'],['k_pop'],"['pop', 'k_pop']",[],"['pop', 'k_pop']",2,0,2,2.3111,1.1555,1,0,False
TOMORROW X TOGETHER,TOMORROW X TOGETHER,0ghlgldX5Dd6720Q3qFyQB,60A86b5rgjI35DzjphO0Iy,SWEET,album,2023.0,0.85,2020,https://open.spotify.com/album/60A86b5rgjI35DzjphO0Iy,https://i.scdn.co/image/ab67616d0000b27394b9645bc6a7f821ce834abd,exact,47.5,['pop'],[],['pop'],[],['pop'],1,0,1,1.0,1.0,0,1,False
(G)I-DLE,i-dle,2AfmfGFbe0A0WsTYm0SDTx,2oCdz6yL3LoOu5fpJzEO0j,This Time Around (feat. (G)I-DLE),single,2024.0,0.9,2020,https://open.spotify.com/album/2oCdz6yL3LoOu5fpJzEO0j,https://i.scdn.co/image/ab67616d0000b2730a873d3d3501229989f4985b,exact,61.06,['pop'],[],['pop'],[],['pop'],1,0,1,1.0,1.0,1,0,False
aespa,aespa,6YVMFz59CuY7ngCxTxjpxE,58x92u1JINTa5K7lTzfU02,Keychain (FROM THE FILM K-POPS!),single,2026.0,1.0,2020,https://open.spotify.com/album/58x92u1JINTa5K7lTzfU02,https://i.scdn.co/image/ab67616d0000b2736bb79348a710438491590241,exact,53.21,"['hip_hop', 'pop', 'stage_&_screen']","['k_pop', 'contemporary_r&b']","['hip_hop', 'pop', 'stage_&_screen', 'k_pop', 'contemporary_r&b']",[],"['hip_hop', 'pop', 'stage_&_screen', 'k_pop', 'contemporary_r&b']",5,0,5,40.6453,8.1291,1,0,False
STAYC,STAYC,01XYiBYaoMJcNhPokrg0l0,6QTpBMKMIa2OFMqZBQu2Pm,S,single,2025.0,0.95,2020,https://open.spotify.com/album/6QTpBMKMIa2OFMqZBQu2Pm,https://i.scdn.co/image/ab67616d0000b2735dd214d6c10c46583974a716,exact,63.91,['pop'],['k_pop'],"['pop', 'k_pop']",[],"['pop', 'k_pop']",2,0,2,2.3111,1.1555,1,0,False
SISTAR,SISTAR,2wTLheTmMcFCA4hdY8hZJP,4Yz1WY6PlJepdbnl4m72b8,INSANE LOVE,single,2016.0,0.5,2010,https://open.spotify.com/album/4Yz1WY6PlJepdbnl4m72b8,https://i.scdn.co/image/ab67616d0000b2734be0f7bf49f6b31c3dfc42ae,exact,59.09,['pop'],['k_pop'],"['pop', 'k_pop']",[],"['pop', 'k_pop']",2,0,2,2.3111,1.1555,1,0,False
BTOB,BTOB,2hcsKca6hCfFMwwdbFvenJ,1Nt98j05vd469I0mbH67GS,Beep Beep,single,2014.0,0.4,2010,https://open.spotify.com/album/1Nt98j05vd469I0mbH67GS,https://i.scdn.co/image/ab67616d0000b273a38bf075ceb1fa4fb87f3d0b,exact,55.0,['pop'],['k_pop'],"['pop', 'k_pop']",[],"['pop', 'k_pop']",2,0,2,2.3111,1.1555,1,0,False
NU'EST,NU'EST,1iQfn1B8V25iQoolQakyAZ,6P9wZzTC5aMVRrtF7f5fDv,雨のち永遠,single,2015.0,0.45,2010,https://open.spotify.com/album/6P9wZzTC5aMVRrtF7f5fDv,https://i.scdn.co/image/ab67616d0000b27376cd146d714d02a3d9bb46a2,exact,55.0,['pop'],[],['pop'],[],['pop'],1,0,1,1.0,1.0,1,0,False
NU'EST,NU'EST,1iQfn1B8V25iQoolQakyAZ,1MbaIRobEFpVKwERqfZMKO,THE SECOND MINI ALBUM Hello,single,2013.0,0.35,2010,https://open.spotify.com/album/1MbaIRobEFpVKwERqfZMKO,https://i.scdn.co/image/ab67616d0000b273e2d58c1dd399d9f6dcb246bc,exact,35.0,['pop'],['k_pop'],"['pop', 'k_pop']",[],"['pop', 'k_pop']",2,0,2,2.3111,1.1555,1,0,False
LOONA,LOONA,52zMTJCKluDlFwMQWmccY7,5y41xb7QBK29gQI6HgTMjL,YeoJin,single,2017.0,0.55,2010,https://open.spotify.com/album/5y41xb7QBK29gQI6HgTMjL,https://i.scdn.co/image/ab67616d0000b273c533372ecaea29d5d04907cd,exact,42.0,['pop'],['k_pop'],"['pop', 'k_pop']",[],"['pop', 'k_pop']",2,0,2,2.3111,1.1555,1,0,False
LOONA,LOONA,52zMTJCKluDlFwMQWmccY7,5i0Av4RNFxgWGbi6VpeQBP,HaSeul,single,2016.0,0.5,2010,https://open.spotify.com/album/5i0Av4RNFxgWGbi6VpeQBP,https://i.scdn.co/image/ab67616d0000b2730dba737c3a2c9b2ca4369625,exact,42.0,['pop'],['k_pop'],"['pop', 'k_pop']",[],"['pop', 'k_pop']",2,0,2,2.3111,1.1555,1,0,False
PLAVE,PLAVE,0k2zyzGq6HX383VlMBOvRG,0zWJsGW7LN6rg1PwsEHPWc,숨바꼭질 (Hide and Seek),single,2025.0,0.95,2020,https://open.spotify.com/album/0zWJsGW7LN6rg1PwsEHPWc,https://i.scdn.co/image/ab67616d0000b273166bdb11b6da109ff1dde103,exact,60.0,"['electronic', 'hip_hop', 'funk_/_soul', 'pop']","['k_pop', 'contemporary_r&b', 'pop_rap']","['electronic', 'hip_hop', 'funk_/_soul', 'pop', 'k_pop', 'contemporary_r&b', 'pop_rap']",[],"['electronic', 'hip_hop', 'funk_/_soul', 'pop', 'k_pop', 'contemporary_r&b', 'pop_rap']",7,0,7,66.4823,9.4975,1,0,False
THE BOYZ,THE BOYZ,0CmvFWTX9zmMNCUi6fHtAx,3NLbROSjvh9Qo0Esb3aTX0,THE BOYZ The 10th Mini Album [a;eﬀect],single,2025.0,0.95,2020,https://open.spotify.com/album/3NLbROSjvh9Qo0Esb3aTX0,https://i.scdn.co/image/ab67616d0000b2732c6edf38bf0aec2fe6b251a2,exact,63.89,['pop'],['k_pop'],"['pop', 'k_pop']",[],"['pop', 'k_pop']",2,0,2,2.3111,1.1555,1,0,False
iKON,iKON,5qRSs6mvI17zrkJpOHkCoM,0gPm3ZwLVYjLipsIT5p6jP,iKON JAPAN TOUR 2016,album,2017.0,0.55,2010,https://open.spotify.com/album/0gPm3ZwLVYjLipsIT5p6jP,https://i.scdn.co/image/ab67616d0000b27305075170cf23963c8c7bbde8,exact,32.73,"['pop', 'stage_&_screen']","['concert_film', 'k_pop']","['pop', 'stage_&_screen', 'concert_film', 'k_pop']",[],"['pop', 'stage_&_screen', 'concert_film', 'k_pop']",4,0,4,19.4747,4.8687,0,1,False
HWASA,HWASA,7bmYpVgQub656uNTu6qGNQ,6apIJi4hf7U6cBOFwIqq1b,Physical (feat. Hwa Sa),single,2020.0,0.7,2020,https://open.spotify.com/album/6apIJi4hf7U6cBOFwIqq1b,https://i.scdn.co/image/ab67616d0000b2734d7a1103cc2b29aa56990c65,exact,59.46,"['rock', 'pop']","['power_pop', 'synth-pop']","['rock', 'pop', 'power_pop', 'synth-pop']",[],"['rock', 'pop', 'power_pop', 'synth-pop']",4,0,4,138.6667,34.6667,1,0,False
D.O.,D.O.,2CQZr2RPZmrcvDnaod1ldC,51dYUYuUzgfJLF3q9J45zr,Snowfall at Night,single,2025.0,0.95,2020,https://open.spotify.com/album/51dYUYuUzgfJLF3q9J45zr,https://i.scdn.co/image/ab67616d0000b2730778939c44b9706771265808,exact,61.48,['pop'],"['ballad', 'k_pop']","['pop', 'ballad', 'k_pop']",[],"['pop', 'ballad', 'k_pop']",3,0,3,8.8667,2.9556,1,0,False
LISA,LISA,5L1lO4eRHmJ7a0Q6csE5cT,2ha4ucrONN0cihLMkP02Ch,New Woman (feat. ROSALÍA),single,2024.0,0.9,2020,https://open.spotify.com/album/2ha4ucrONN0cihLMkP02Ch,https://i.scdn.co/image/ab67616d0000b2737f560aa479da9db40deb9f4d,exact,54.46,"['hip_hop', 'pop']",['pop_rap'],"['hip_hop', 'pop', 'pop_rap']",[],"['hip_hop', 'pop', 'pop_rap']",3,0,3,12.8992,4.2997,1,0,False
Jung Kook,Jung Kook,6HaGTQPmzraVmaVxvz6EUc,65epIxU6qzK2pRgvYdrXos,Left and Right (Feat. Jung Kook of BTS),single,2022.0,0.8,2020,https://open.spotify.com/album/65epIxU6qzK2pRgvYdrXos,https://i.scdn.co/image/ab67616d0000b273dd65d2aa5b3d9f01428d0948,exact,62.09,['pop'],[],['pop'],[],['pop'],1,0,1,1.0,1.0,1,0,False
V,V,3JsHnjpbhX4SnySpvpa9DK,373Mef5nnU4jKUWntSY1lq,White Christmas (Instrumental),single,2024.0,0.9,2020,https://open.spotify.com/album/373Mef5nnU4jKUWntSY1lq,https://i.scdn.co/image/ab67616d0000b273d4ebebed612075da13d00be6,exact,51.13,['pop'],"['holiday', 'vocal']","['pop', 'holiday', 'vocal']",[],"['pop', 'holiday', 'vocal']",3,0,3,119.0,39.6667,1,0,False
V,V,3JsHnjpbhX4SnySpvpa9DK,4sfwHIxFU5kcDqSdMENQsy,Winter Ahead (with PARK HYO SHIN),single,2024.0,0.9,2020,https://open.spotify.com/album/4sfwHIxFU5kcDqSdMENQsy,https://i.scdn.co/image/ab67616d0000b27316ba2a3622bd0d0d985e3234,exact,64.74,['jazz'],[],['jazz'],[],['jazz'],1,0,1,59.0,59.0,1,0,False
V,V,3JsHnjpbhX4SnySpvpa9DK,1JrQJJbaphONLPqZRW7Hxw,wherever u r (ft. V of BTS),single,2024.0,0.9,2020,https://open.spotify.com/album/1JrQJJbaphONLPqZRW7Hxw,https://i.scdn.co/image/ab67616d0000b273427cbf27f5fd7faeac000248,exact,60.0,['funk_/_soul'],['rhythm_&_blues'],"['funk_/_soul', 'rhythm_&_blues']",[],"['funk_/_soul', 'rhythm_&_blues']",2,0,2,49.1667,24.5833,1,0,False
